rank,symbol,name,sector,idx,score,mom12_pct,upratio63_pct,amt20_musd,vol_cv,ret_1w_pct,ret_1m_pct,dd52w_pct,close,mktcap_busd,top10pct,n_universe,date
1,LITE,Lumentum Holdings Inc. - Common Stock,Technology,SP500·NDX,2.939,399.2,57.1,4641.1,0.33,18.5,28.8,0.0,1091.67,97.92,1,3412,20261005
2,VLO,Valero Energy Corporation Common Stock,Energy,SP500,2.928,129.0,61.9,1555.4,0.46,7.6,13.1,0.0,419.33,111.48,1,3412,20261005
3,STX,Seagate Technology Holdings PLC - Ordina,Technology,SP500·NDX,2.926,215.1,57.1,3858.6,0.41,-3.7,11.1,-18.9,887.09,208.48,1,3412,20261005
4,MPC,Marathon Petroleum Corporation Common St,Energy,SP500,2.911,105.0,73.0,1227.6,0.45,11.3,11.8,0.0,433.47,121.73,1,3412,20261005
5,MRVL,Marvell Technology  Inc. - Common Stock,Technology,SP500·NDX,2.907,142.8,57.1,4261.2,0.34,7.7,29.9,-14.3,271.25,234.47,1,3412,20261005
6,AMD,Advanced Micro Devices  Inc. - Common St,Technology,SP500·NDX,2.888,168.8,55.6,12816.6,0.32,3.9,38.5,-0.3,631.75,991.84,1,3412,20261005
7,WDC,Western Digital Corporation - Common Sto,Technology,SP500·NDX,2.845,236.9,54.0,3543.3,0.44,-2.6,0.0,-40.8,441.64,163.41,1,3412,20261005
8,PBF,PBF Energy Inc. Class A Common Stock,Energy,,2.844,156.6,61.9,308.5,0.44,13.1,11.7,0.0,84.16,8.52,1,3412,20261005
9,ILMN,Illumina  Inc. - Common Stock,Healthcare,SP500,2.838,123.2,55.6,1058.4,1.5,8.0,32.5,0.0,293.69,41.23,1,3412,20261005
10,PSX,Phillips 66 Common Stock,Energy,SP500,2.831,94.3,57.1,863.5,0.39,6.4,5.9,-1.6,269.72,102.1,1,3412,20261005
11,MTSI,MACOM Technology Solutions Holdings  Inc,Technology,,2.822,102.9,60.3,378.6,0.36,17.9,26.3,-19.9,328.3,21.07,1,3412,20261005
12,AXTI,AXT Inc - Common Stock,Technology,,2.814,1095.7,54.0,623.9,0.49,17.6,54.2,-38.5,86.66,5.13,1,3412,20261005
13,COHR,Coherent Corp. Common Stock,Technology,SP500,2.813,134.4,54.0,2096.9,0.37,18.1,26.2,-21.8,333.64,56.36,1,3412,20261005
14,ASX,ASE Technology Holding Co.  Ltd. America,Technology,,2.811,239.1,57.1,293.0,0.39,8.5,27.0,0.0,47.53,117.97,1,3412,20261005
15,HPE,Hewlett Packard Enterprise Company Commo,Technology,SP500,2.799,125.8,54.0,1393.9,0.54,9.1,25.6,-1.4,68.36,92.03,1,3412,20261005
16,DINO,HF Sinclair Corporation Common Stock,Energy,,2.797,110.1,58.7,309.6,0.31,8.5,8.5,-1.2,115.22,20.04,1,3412,20261005
17,MU,Micron Technology  Inc. - Common Stock,Technology,SP500·NDX,2.794,422.3,52.4,26199.0,0.36,0.9,11.0,-12.3,1063.96,1210.57,1,3412,20261005
18,TER,Teradyne  Inc. - Common Stock,Technology,SP500·NDX,2.794,134.6,54.0,958.0,0.47,10.8,31.3,-8.1,444.53,62.28,1,3412,20261005
19,PBR,Petroleo Brasileiro S.A. Petrobras ADS,Energy,,2.781,72.0,58.7,507.4,0.44,16.9,17.7,0.0,24.14,134.3,1,3412,20261005
20,FRO,Frontline Plc Ordinary Shares,Energy,,2.778,115.4,65.1,208.0,0.49,11.7,18.3,-0.5,53.75,11.47,1,3412,20261005
21,NUE,Nucor Corporation Common Stock,Basic Materials,SP500,2.775,90.6,58.7,324.8,0.46,2.8,-4.2,-8.5,251.41,56.03,1,3412,20261005
22,VIAV,Viavi Solutions Inc. - Common Stock,Technology,,2.771,163.4,57.1,239.0,0.4,14.8,39.5,-15.2,46.91,10.04,1,3412,20261005
23,MXL,MaxLinear  Inc - Common Stock,Technology,,2.768,267.0,55.6,261.8,0.5,17.2,77.4,-17.6,105.49,7.65,1,3412,20261005
24,STM,STMicroelectronics N.V. Common Stock,Technology,,2.765,78.8,57.1,467.7,0.44,9.4,12.5,-27.7,57.68,46.32,1,3412,20261005
25,KEYS,Keysight Technologies Inc. Common Stock,Technology,SP500,2.756,84.2,57.1,369.2,0.44,6.8,19.1,-0.1,384.17,65.4,1,3412,20261005
26,NTRA,Natera  Inc. - Common Stock,Healthcare,,2.754,104.5,54.0,655.8,0.43,3.4,29.9,0.0,425.64,56.33,1,3412,20261005
27,IOVA,Iovance Biotherapeutics  Inc. - Common S,Healthcare,,2.745,286.7,55.6,217.0,0.73,28.8,62.6,-4.5,14.15,6.44,1,3412,20261005
28,TTMI,TTM Technologies  Inc. - Common Stock,Technology,,2.732,91.4,58.7,232.3,0.46,7.2,15.4,-39.9,133.14,13.61,1,3412,20261005
29,NTAP,NetApp  Inc. - Common Stock,Technology,SP500,2.731,57.1,58.7,518.6,0.39,9.5,20.7,-1.1,223.77,38.56,1,3412,20261005
30,COP,ConocoPhillips Common Stock,Energy,SP500,2.73,49.9,58.7,900.6,0.29,1.9,-5.4,-9.1,128.4,152.47,1,3412,20261005
31,TWLO,Twilio Inc. Class A Common Stock,Technology,,2.729,128.1,52.4,1232.9,1.57,4.9,25.1,-0.1,300.91,42.36,1,3412,20261005
32,GEV,GE Vernova Inc. Common Stock,Industrials,SP500,2.723,55.7,55.6,2034.1,0.35,4.2,5.1,-15.7,990.0,262.99,1,3412,20261005
33,TXG,10x Genomics  Inc. - Common Stock,Healthcare,,2.723,413.6,54.0,257.1,0.28,10.4,54.6,0.0,97.74,11.17,1,3412,20261005
34,WBD,Warner Bros. Discovery  Inc. - Series A ,Communication Services,SP500·NDX,2.722,47.5,57.1,2196.3,1.65,0.2,9.1,0.0,30.95,77.47,1,3412,20261005
35,UMC,United Microelectronics Corporation (NEW,Technology,,2.718,177.2,54.0,289.5,0.47,0.3,20.4,-13.1,23.92,60.97,1,3412,20261005
36,SMTC,Semtech Corporation - Common Stock,Technology,,2.718,85.7,54.0,602.6,0.54,10.3,42.4,-1.1,192.83,17.01,1,3412,20261005
37,ADI,Analog Devices  Inc. - Common Stock,Technology,SP500·NDX,2.716,49.4,57.1,1203.4,0.33,6.0,17.6,-5.6,419.1,191.61,1,3412,20261005
38,SNDK,Sandisk Corporation - Common Stock When-,Technology,SP500·NDX,2.716,1152.6,50.8,15309.4,0.4,-0.5,9.6,-27.0,1704.16,260.3,1,3412,20261005
39,ATI,ATI Inc. Common Stock,Industrials,,2.715,147.9,54.0,305.3,0.76,6.9,-5.6,-16.7,193.09,25.73,1,3412,20261005
40,SITM,SiTime Corporation - Common Stock,Technology,,2.713,91.5,55.6,297.8,0.44,8.1,23.6,-21.2,710.04,19.92,1,3412,20261005
41,RVMD,Revolution Medicines  Inc. - Common Stoc,Healthcare,,2.709,361.4,52.4,420.8,0.44,2.9,-1.5,-6.1,207.68,43.93,1,3412,20261005
42,RNG,RingCentral  Inc. Class A Common Stock,Technology,,2.706,174.7,60.3,118.3,0.66,3.8,3.5,-1.0,79.06,6.36,1,3412,20261005
43,VRT,Vertiv Holdings  LLC Class A Common Stoc,Industrials,SP500,2.704,66.5,54.0,1339.7,0.61,3.9,-5.7,-32.6,253.62,93.95,1,3412,20261005
44,XOM,ExxonMobil Holdings Corporation Common S,Energy,SP500,2.703,50.0,55.6,2270.2,0.27,0.9,1.1,-3.1,164.0,668.27,1,3412,20261005
45,CSCO,Cisco Systems  Inc. - Common Stock,Technology,SP500·NDX,2.701,62.3,54.0,2032.2,0.44,5.7,3.9,-12.9,112.82,428.8,1,3412,20261005
46,APA,APA Corporation - Common Stock,Energy,SP500,2.701,90.1,55.6,272.4,0.28,3.6,-0.7,-7.5,43.85,14.78,1,3412,20261005
47,DELL,Dell Technologies Inc. Class C Common St,Technology,SP500,2.699,254.3,50.8,4514.1,0.65,1.6,7.0,-6.1,552.29,344.45,1,3412,20261005
48,CVX,Chevron Corporation Common Stock,Energy,SP500,2.698,43.2,57.1,2061.3,0.62,0.0,-2.3,-5.2,206.47,406.25,1,3412,20261005
49,FORM,FormFactor  Inc. - Common Stock,Technology,,2.692,145.5,54.0,256.9,1.15,13.0,52.9,-7.5,147.99,11.57,1,3412,20261005
50,NVT,nVent Electric plc Ordinary Shares,Industrials,,2.68,53.8,60.3,312.6,0.7,4.2,9.9,-9.3,167.17,26.36,1,3412,20261005
51,CAKE,The Cheesecake Factory Incorporated - Co,Consumer Cyclical,,2.679,97.3,60.3,139.1,0.42,3.7,1.7,-7.0,109.03,5.24,1,3412,20261005
52,CNQ,Canadian Natural Resources Limited Commo,Energy,,2.666,65.9,55.6,328.6,0.43,1.6,-5.5,-6.8,48.31,97.03,1,3412,20261005
53,ROST,Ross Stores  Inc. - Common Stock,Consumer Cyclical,SP500·NDX,2.665,49.3,57.1,461.9,0.4,-4.5,-2.3,-11.3,226.37,75.43,1,3412,20261005
54,INSW,International Seaways  Inc. Common Stock,,,2.665,146.4,63.5,89.8,0.42,7.7,14.0,0.0,116.6,5.74,1,3412,20261005
55,AAOI,Applied Optoelectronics  Inc. - Common S,Technology,,2.663,258.8,50.8,799.3,0.43,25.6,21.1,-45.5,121.57,8.22,1,3412,20261005
56,FSLY,Fastly  Inc. - Class A Common Stock,Technology,,2.662,133.4,54.0,214.6,0.69,4.4,23.2,-22.4,26.01,4.2,1,3412,20261005
57,CDNA,CareDx  Inc. - Common Stock,Healthcare,,2.66,236.0,61.9,81.0,0.55,8.1,40.1,0.0,69.85,3.36,1,3412,20261005
58,PATH,UiPath  Inc. Class A Common Stock,Technology,,2.659,42.9,57.1,649.9,0.42,8.0,-27.8,-31.8,13.16,6.57,1,3412,20261005
59,PBR-A,Petroleo Brasileiro S.A. Petrobras Ameri,Energy,,2.658,67.5,61.9,168.0,0.55,18.6,19.1,0.0,22.12,130.02,1,3412,20261005
60,DK,Delek US Holdings  Inc. Common Stock,Energy,,2.657,128.4,54.0,212.5,0.88,11.8,4.1,-7.5,75.4,4.56,1,3412,20261005
61,CLMT,Calumet  Inc - Common Stock,Basic Materials,,2.657,190.1,60.3,86.2,0.39,6.5,4.7,-5.1,56.03,4.6,1,3412,20261005
62,SN,SharkNinja  Inc. Ordinary Shares,Consumer Cyclical,,2.649,73.3,54.0,351.3,0.54,0.4,4.3,-5.3,182.69,25.15,1,3412,20261005
63,BMY,Bristol-Myers Squibb Company Common Stoc,Healthcare,SP500,2.647,56.0,54.0,791.6,0.5,-7.9,-13.6,-13.6,58.81,127.47,1,3412,20261005
64,EXPD,Expeditors International of Washington  ,Industrials,SP500,2.64,53.7,61.9,214.2,0.46,2.9,3.7,0.0,194.12,24.4,1,3412,20261005
65,TSM,Taiwan Semiconductor Manufacturing Compa,Technology,,2.638,45.9,54.0,4468.9,0.33,7.3,16.5,0.0,485.8,2337.08,1,3412,20261005
66,VICR,Vicor Corporation - Common Stock,Technology,,2.636,265.7,52.4,238.7,0.45,7.2,71.0,-19.5,305.61,13.0,1,3412,20261005
67,PARR,Par Pacific Holdings  Inc.  Common Stock,Energy,,2.636,132.9,63.5,79.7,0.32,12.2,6.8,0.0,87.52,3.85,1,3412,20261005
68,SHEL,Shell PLC American Depositary Shares (ea,Energy,,2.634,33.4,63.5,606.1,0.28,0.1,4.5,-2.5,96.52,273.19,1,3412,20261005
69,AVT,Avnet  Inc. - Common Stock,Technology,,2.634,77.6,58.7,141.3,0.37,4.7,16.9,-0.7,106.19,8.41,1,3412,20261005
70,NEM,Newmont Corporation,Basic Materials,SP500,2.634,52.3,54.0,799.3,0.38,-0.2,-11.2,-14.1,115.82,130.18,1,3412,20261005
71,ASML,ASML Holding N.V. - New York Registry Sh,Technology,NDX,2.631,60.6,52.4,2356.0,0.43,5.0,13.0,-6.5,1859.86,704.59,1,3412,20261005
72,TWST,Twist Bioscience Corporation - Common St,Healthcare,,2.623,319.5,50.8,407.3,0.44,14.1,59.3,0.0,205.0,12.12,1,3412,20261005
73,ARM,Arm Holdings plc - American Depositary S,Technology,NDX,2.621,59.4,52.4,1708.4,0.46,6.9,24.9,-31.1,302.9,313.64,1,3412,20261005
74,DHT,DHT Holdings  Inc.,Energy,,2.618,94.9,60.3,96.8,0.31,8.8,18.0,0.0,23.82,3.8,1,3412,20261005
75,ECO,Okeanis Eco Tankers Corp. Common Stock,Industrials,,2.618,158.8,66.7,67.4,0.49,11.9,27.4,0.0,88.6,3.35,1,3412,20261005
76,DLTR,Dollar Tree  Inc. - Common Stock,Consumer Defensive,SP500,2.617,45.2,57.1,336.4,0.43,-2.4,-13.6,-19.8,113.19,21.47,1,3412,20261005
77,WCC,WESCO International  Inc. Common Stock,Industrials,,2.615,59.0,58.7,177.3,0.38,3.4,11.4,-1.2,377.09,17.77,1,3412,20261005
78,VSXY,Victorias Secret & Co. Common Stock,Consumer Cyclical,,2.614,152.4,54.0,142.9,0.6,1.3,21.4,-10.6,89.41,7.04,1,3412,20261005
79,MRNA,Moderna  Inc. - Common Stock,Healthcare,SP500,2.609,424.7,49.2,2573.0,1.6,3.0,36.5,-0.1,203.21,81.13,1,3412,20261005
80,SYRE,Spyre Therapeutics  Inc. - Common Stock,Healthcare,,2.609,446.0,54.0,115.3,0.5,8.1,6.3,-14.9,92.72,7.56,1,3412,20261005
81,CHYM,Chime Financial  Inc. - Class A Common S,Technology,,2.606,60.3,55.6,236.5,0.68,6.0,-15.9,-18.1,28.29,10.09,1,3412,20261005
82,GM,General Motors Company Common Stock,Consumer Cyclical,SP500,2.606,47.9,54.0,654.2,0.43,-0.5,-7.8,-11.0,80.23,71.73,1,3412,20261005
83,HNGE,Hinge Health  Inc. Class A Common Stock,Healthcare,,2.605,71.8,55.6,176.8,0.44,6.4,8.4,0.0,98.35,7.88,1,3412,20261005
84,TXN,Texas Instruments Incorporated - Common ,Technology,SP500·NDX,2.605,42.1,54.0,1578.5,0.4,6.0,16.2,-11.2,294.9,253.95,1,3412,20261005
85,SU,Suncor Energy  Inc. Common Stock,Energy,,2.602,68.4,54.0,270.1,0.46,0.0,1.4,-4.3,68.77,80.52,1,3412,20261005
86,SNX,TD SYNNEX Corporation Common Stock,Technology,,2.599,61.4,54.0,314.4,0.78,8.0,5.6,-4.4,277.28,20.79,1,3412,20261005
87,ARW,Arrow Electronics  Inc. Common Stock,Technology,,2.597,72.2,57.1,133.5,0.4,4.2,13.9,-0.7,240.22,11.72,1,3412,20261005
88,JNJ,Johnson & Johnson Common Stock,Healthcare,SP500,2.597,53.1,52.4,1825.1,0.3,-7.0,-9.2,-9.2,252.93,617.01,1,3412,20261005
89,PWR,Quanta Services  Inc. Common Stock,Industrials,SP500,2.591,47.4,54.0,538.4,0.37,6.1,10.2,-13.0,683.42,96.75,1,3412,20261005
90,MKSI,MKS Inc. - Common Stock,Technology,,2.591,83.6,52.4,326.3,0.42,8.6,12.4,-36.9,280.5,18.97,1,3412,20261005
91,FIVE,Five Below  Inc. - Common Stock,Consumer Cyclical,,2.587,53.2,55.6,253.9,0.35,-5.3,-10.0,-17.8,215.93,12.18,1,3412,20261005
92,STT,State Street Corporation Common Stock,Financial Services,SP500,2.587,71.6,52.4,399.9,0.55,-1.9,-9.1,-9.2,176.37,49.81,1,3412,20261005
93,EOG,EOG Resources  Inc. Common Stock,Energy,SP500,2.585,35.8,57.1,474.7,0.35,2.5,-1.3,-6.3,144.08,74.12,1,3412,20261005
94,GLW,Corning Incorporated Common Stock,Technology,SP500,2.583,78.5,50.8,1286.5,0.58,5.1,9.2,-37.6,159.37,137.9,1,3412,20261005
95,CHEF,The Chefs' Warehouse  Inc. - Common Stoc,Consumer Defensive,,2.583,107.1,60.3,72.2,0.63,-0.6,-2.7,-4.6,111.07,4.58,1,3412,20261005
96,SIMO,Silicon Motion Technology Corporation - ,Technology,,2.582,133.6,52.4,196.8,0.56,1.6,19.8,-16.2,282.45,9.37,1,3412,20261005
97,TEAM,Atlassian Corporation  - Class A Common ,Technology,,2.582,28.9,60.3,583.3,0.62,10.1,1.0,0.0,196.65,47.52,1,3412,20261005
98,MRK,Merck & Company  Inc. Common Stock (new),Healthcare,SP500,2.58,74.2,50.8,1476.6,0.54,-6.2,-8.4,-10.8,139.54,344.27,1,3412,20261005
99,LSCC,Lattice Semiconductor Corporation - Comm,Technology,,2.579,55.9,55.6,221.6,0.46,7.1,16.9,-14.4,132.85,18.87,1,3412,20261005
100,DDOG,Datadog  Inc. - Class A Common Stock,Technology,SP500·NDX,2.578,41.7,54.0,814.4,0.48,2.9,28.7,-4.1,276.42,99.27,1,3412,20261005
101,SANM,Sanmina Corporation - Common Stock,Technology,,2.578,67.6,57.1,128.2,0.42,2.3,15.0,-20.4,225.08,12.05,1,3412,20261005
102,GH,Guardant Health  Inc. - Common Stock,Healthcare,,2.576,162.0,50.8,315.3,0.4,5.6,16.3,0.0,187.22,23.45,1,3412,20261005
103,CVE,Cenovus Energy Inc Common Stock,Energy,,2.576,98.1,52.4,241.5,0.42,1.2,-4.1,-7.2,31.47,58.37,1,3412,20261005
104,XMTR,Xometry  Inc. - Class A Common Stock,Industrials,,2.574,85.1,58.7,86.5,0.51,4.4,15.8,0.0,107.7,5.91,1,3412,20261005
105,PR,Permian Resources Corporation Class A Co,Energy,,2.572,97.1,52.4,239.0,0.39,4.4,-6.4,-9.2,22.23,18.3,1,3412,20261005
106,TGT,Target Corporation Common Stock,Consumer Defensive,SP500,2.572,89.2,50.8,564.2,0.38,-3.4,-6.7,-9.9,152.99,71.53,1,3412,20261005
107,OVV,Ovintiv Inc. (DE),Energy,,2.572,69.7,54.0,209.9,0.35,2.4,-7.5,-9.0,60.95,16.74,1,3412,20261005
108,YPF,YPF Sociedad Anonima American Depositary,Energy,,2.57,120.1,57.1,74.6,0.49,-0.3,-2.2,-11.1,51.24,20.14,1,3412,20261005
109,ON,ON Semiconductor Corporation - Common St,Technology,SP500,2.569,51.1,52.4,922.0,0.42,13.6,16.7,-35.8,85.93,28.85,1,3412,20261005
110,ANET,Arista Networks  Inc. Common Stock,Technology,SP500,2.569,32.5,55.6,950.7,0.48,1.0,8.1,-1.7,206.9,255.85,1,3412,20261005
111,OKTA,Okta  Inc. - Class A Common Stock,Technology,,2.567,79.5,50.8,761.2,0.58,8.0,28.1,0.0,218.29,35.9,1,3412,20261005
112,EXPE,Expedia Group  Inc. - Common Stock,Consumer Cyclical,SP500,2.562,40.3,54.0,663.0,0.5,-1.5,-14.2,-23.2,260.17,31.53,1,3412,20261005
113,MTRN,Materion Corporation,Basic Materials,,2.562,95.5,58.7,74.4,0.5,21.8,32.7,0.0,319.18,5.3,1,3412,20261005
114,VCTR,Victory Capital Holdings  Inc. - Common ,Financial Services,,2.557,80.8,58.7,83.5,0.48,5.2,1.6,-4.8,115.28,6.69,1,3412,20261005
115,HUM,Humana Inc. Common Stock,Healthcare,SP500,2.557,60.1,52.4,424.4,0.44,3.7,-0.6,-1.4,404.07,46.63,1,3412,20261005
116,TRMD,TORM plc - Class A Common Stock,Energy,,2.551,73.0,61.9,78.6,1.07,15.9,20.1,0.0,41.05,3.52,1,3412,20261005
117,HBM,Hudbay Minerals Inc. Ordinary Shares (Ca,Basic Materials,,2.55,79.3,55.6,113.2,0.34,1.5,-1.6,-14.4,27.26,12.08,1,3412,20261005
118,BAC,Bank of America Corporation Common Stock,Financial Services,SP500,2.548,26.9,55.6,2263.4,0.29,-2.7,-13.9,-16.3,54.0,384.32,1,3412,20261005
119,C,Citigroup  Inc. Common Stock,Financial Services,SP500,2.541,44.2,52.4,1305.6,0.39,-2.1,-6.9,-11.8,128.55,217.19,1,3412,20261005
120,COHU,Cohu  Inc. - Common Stock,Technology,,2.537,127.7,57.1,62.7,0.45,11.6,60.4,-0.2,73.73,3.23,1,3412,20261005
121,AUGO,Aura Minerals Inc. - Common Shares,Basic Materials,,2.537,146.4,54.0,90.5,0.44,9.6,-3.3,-20.4,85.17,6.65,1,3412,20261005
122,ENTG,Entegris  Inc. - Common Stock,Technology,,2.535,35.4,57.1,299.2,0.4,10.8,27.7,-9.3,166.92,24.22,1,3412,20261005
123,TD,Toronto Dominion Bank (The) Common Stock,Financial Services,,2.534,57.1,54.0,223.2,0.64,-2.0,-5.0,-6.2,117.1,197.67,1,3412,20261005
124,CIEN,Ciena Corporation Common Stock,Technology,SP500,2.527,108.0,49.2,909.5,0.48,13.2,22.8,-37.8,389.69,49.89,1,3412,20261005
125,AEHR,Aehr Test Systems - Common Stock,Technology,,2.525,136.5,50.8,236.0,0.57,6.0,36.9,-28.3,104.4,3.22,1,3412,20261005
126,FLEX,Flex Ltd. - Ordinary Shares,Technology,SP500,2.525,85.7,50.8,349.6,0.52,3.3,8.2,-28.0,116.76,41.66,1,3412,20261005
127,STLD,Steel Dynamics  Inc. - Common Stock,Basic Materials,SP500,2.523,71.8,52.4,235.1,0.43,4.6,-2.0,-14.6,241.04,33.49,1,3412,20261005
128,LTH,Life Time Group Holdings  Inc. Common St,Consumer Cyclical,,2.522,57.7,55.6,141.7,0.6,1.2,-7.0,-12.4,40.06,8.95,1,3412,20261005
129,BHP,BHP Group Limited American Depositary Sh,Basic Materials,,2.521,70.3,52.4,237.1,0.29,2.7,-4.3,-10.1,86.83,215.57,1,3412,20261005
130,CRGY,Crescent Energy Company Class A Common S,Energy,,2.519,67.8,57.1,91.0,0.39,4.5,-2.9,-11.8,13.56,4.38,1,3412,20261005
131,RVTY,Revvity  Inc. Common Stock,Healthcare,SP500,2.519,43.1,54.0,325.8,0.5,4.2,20.5,0.0,157.36,16.86,1,3412,20261005
132,DVN,Devon Energy Corporation Common Stock,Energy,SP500,2.518,44.8,52.4,628.5,0.45,2.7,-1.7,-7.2,47.98,51.88,1,3412,20261005
133,AAPL,Apple Inc. - Common Stock,Technology,SP500·NDX,2.518,28.0,54.0,13895.2,0.36,-1.6,1.4,-2.4,332.89,4938.67,1,3412,20261005
134,NOK,Nokia Corporation Sponsored American Dep,Technology,,2.518,100.2,49.2,911.7,0.39,0.8,4.4,-39.5,10.2,59.51,1,3412,20261005
135,ATRC,AtriCure  Inc. - Common Stock,Healthcare,,2.515,53.0,61.9,94.9,0.96,-3.5,7.5,-7.2,56.37,2.95,1,3412,20261005
136,JAZZ,Jazz Pharmaceuticals plc - Ordinary Shar,Healthcare,,2.509,80.4,52.4,180.6,0.77,-0.9,-4.7,-9.8,236.04,15.3,1,3412,20261005
137,KLIC,Kulicke and Soffa Industries  Inc. - Com,Technology,,2.509,93.5,57.1,64.7,0.4,7.7,25.3,-26.2,98.73,5.17,1,3412,20261005
138,SBLK,Star Bulk Carriers Corp. - Common Shares,Industrials,,2.508,84.6,60.3,59.3,0.34,5.3,-3.2,-5.0,30.84,3.43,1,3412,20261005
139,MPWR,Monolithic Power Systems  Inc. - Common ,Technology,SP500·NDX,2.507,31.1,54.0,949.5,0.41,9.5,21.9,-12.3,1479.89,72.73,1,3412,20261005
140,NAT,Nordic American Tankers Limited Common S,Energy,,2.504,129.3,63.5,40.6,0.39,7.4,17.9,-0.6,8.37,1.61,1,3412,20261005
141,QMCO,Quantum Corporation - Common Stock,Technology,,2.501,122.5,57.1,53.9,1.29,8.3,40.0,-1.4,34.01,1.16,1,3412,20261005
142,LNG,Cheniere Energy  Inc. Common Stock,Energy,,2.5,26.4,55.6,596.5,0.38,2.0,-5.5,-7.2,274.93,56.78,1,3412,20261005
143,KO,Coca-Cola Company (The) Common Stock,Consumer Defensive,SP500,2.497,37.1,52.4,1402.5,0.34,-0.8,-2.6,-6.0,86.51,372.21,1,3412,20261005
144,ROKU,Roku  Inc. - Class A Common Stock,Communication Services,,2.497,52.5,52.4,318.9,0.37,0.5,-3.1,-4.0,153.41,22.67,1,3412,20261005
145,FCX,Freeport-McMoRan  Inc. Common Stock,Basic Materials,SP500,2.495,88.2,49.2,838.3,0.34,0.9,0.1,-9.1,72.6,99.49,1,3412,20261005
146,LBRT,Liberty Energy Inc. Class A common stock,Energy,,2.494,62.3,58.7,76.6,0.59,3.4,-3.4,-41.8,19.59,3.2,1,3412,20261005
147,BE,Bloom Energy Corporation Class A Common ,Industrials,SP500,2.494,167.7,47.6,4719.3,0.63,9.0,21.7,-17.1,286.65,85.78,1,3412,20261005
148,REGN,Regeneron Pharmaceuticals  Inc. - Common,Healthcare,SP500·NDX,2.491,41.3,52.4,587.7,0.41,-3.4,-13.9,-14.7,726.47,81.95,1,3412,20261005
149,TNK,Teekay Tankers Ltd.,Energy,,2.49,86.8,65.1,48.5,0.47,8.0,12.6,0.0,103.38,3.26,1,3412,20261005
150,AU,AngloGold Ashanti PLC Ordinary Shares,Basic Materials,,2.49,61.3,52.4,232.8,0.49,1.8,-15.4,-23.7,94.48,47.86,1,3412,20261005
151,BP,BP p.l.c. Common Stock,Energy,,2.489,35.3,54.0,417.6,0.32,0.4,2.4,-5.0,44.62,113.29,1,3412,20261005
152,BKR,Baker Hughes Company - Common Stock,Energy,SP500·NDX,2.486,33.1,54.0,490.5,0.44,0.5,-9.8,-17.4,57.38,55.51,1,3412,20261005
153,TMO,Thermo Fisher Scientific Inc Common Stoc,Healthcare,SP500,2.485,18.1,57.1,1533.6,0.46,-0.3,9.4,-0.4,676.76,249.58,1,3412,20261005
154,JPM,JP Morgan Chase & Co. Common Stock,Financial Services,SP500,2.482,20.0,55.6,2887.7,0.47,-1.3,-8.2,-9.0,332.38,883.53,1,3412,20261005
155,WT,WisdomTree  Inc. Common Stock,Financial Services,,2.481,87.6,55.6,69.7,0.5,1.6,-1.7,-2.4,24.45,3.65,1,3412,20261005
156,KEX,Kirby Corporation Common Stock,Industrials,,2.48,71.2,58.7,63.4,0.35,6.3,-2.4,-8.3,139.85,6.99,1,3412,20261005
157,JBL,Jabil Inc. Common Stock,Technology,SP500,2.475,42.0,52.4,455.1,0.58,-5.6,-1.6,-21.9,300.94,31.9,1,3412,20261005
158,OXY,Occidental Petroleum Corporation Common ,Energy,SP500,2.475,39.1,52.4,559.2,0.33,3.9,-3.8,-11.6,58.31,58.03,1,3412,20261005
159,FTNT,Fortinet  Inc. - Common Stock,Technology,SP500·NDX,2.473,81.2,49.2,682.9,0.43,4.4,17.8,0.0,184.13,131.13,1,3412,20261005
160,JXN,Jackson Financial Inc. Class A Common St,Financial Services,,2.473,41.1,58.7,121.8,0.75,1.5,-3.9,-4.8,133.85,8.91,1,3412,20261005
161,HWM,Howmet Aerospace Inc. Common Stock,Industrials,SP500,2.472,36.5,52.4,787.1,0.69,0.5,-11.9,-21.6,229.57,92.23,1,3412,20261005
162,FIX,Comfort Systems USA  Inc. Common Stock,Industrials,SP500,2.472,90.0,49.2,509.1,0.38,3.3,8.4,-17.1,1713.07,59.31,1,3412,20261005
163,JCI,Johnson Controls International plc Ordin,Industrials,SP500,2.471,31.7,54.0,483.0,0.35,5.3,10.3,0.0,156.85,94.64,1,3412,20261005
164,ABCL,AbCellera Biologics Inc. - Common Shares,Healthcare,,2.471,93.5,55.6,63.1,0.91,-1.0,19.1,-7.0,13.78,4.51,1,3412,20261005
165,ICHR,Ichor Holdings - Ordinary Shares,Technology,,2.471,157.5,57.1,40.6,0.44,6.6,19.9,-43.6,63.33,2.36,1,3412,20261005
166,WAB,Westinghouse Air Brake Technologies Corp,Industrials,SP500,2.468,42.6,54.0,228.9,0.46,-0.2,3.9,-4.5,291.86,49.38,1,3412,20261005
167,RS,Reliance  Inc. Common Stock,Basic Materials,,2.465,41.5,60.3,109.1,0.46,4.3,2.5,-4.6,408.24,19.77,1,3412,20261005
168,COKE,Coca-Cola Consolidated  Inc. - Common St,Consumer Defensive,,2.464,66.3,54.0,110.0,0.57,0.4,-1.6,-10.3,194.26,12.6,1,3412,20261005
169,CAT,Caterpillar  Inc. Common Stock,Industrials,SP500,2.463,64.3,49.2,1874.6,0.34,3.4,6.0,-20.4,848.14,372.7,1,3412,20261005
170,PH,Parker-Hannifin Corporation Common Stock,Industrials,SP500,2.459,28.3,54.0,529.4,0.33,0.6,1.2,-9.0,975.68,122.96,1,3412,20261005
171,AME,AMETEK  Inc.,Industrials,SP500,2.458,26.4,55.6,356.9,0.38,0.1,7.6,-2.6,251.92,57.49,1,3412,20261005
172,LPG,Dorian LPG Ltd. Common Stock,Energy,,2.456,99.7,68.3,35.7,0.28,6.0,7.6,-1.1,57.64,2.47,1,3412,20261005
173,CGON,CG Oncology  Inc. - Common stock,Healthcare,,2.453,86.5,54.0,77.9,0.37,-1.3,-7.6,-14.8,68.71,6.28,1,3412,20261005
174,NVDA,NVIDIA Corporation - Common Stock,Technology,SP500·NDX,2.451,21.1,54.0,24502.3,0.28,4.4,4.6,0.0,238.9,5445.39,1,3412,20261005
175,NDSN,Nordson Corporation - Common Stock,Industrials,SP500,2.451,38.0,60.3,114.0,0.48,0.9,5.3,-0.1,334.43,17.9,1,3412,20261005
176,KYMR,Kymera Therapeutics  Inc. - Common Stock,Healthcare,,2.449,109.4,52.4,91.6,0.47,-1.9,-6.3,-13.7,109.85,9.04,1,3412,20261005
177,DAVE,Dave Inc.  - Class A Common Stock,Technology,,2.449,91.4,52.4,107.7,0.37,15.0,-5.6,-16.6,368.94,4.33,1,3412,20261005
178,CNH,CNH Industrial N.V. Common Shares,Industrials,,2.448,28.9,57.1,219.9,0.81,0.3,-3.9,-7.6,13.3,20.66,1,3412,20261005
179,LRCX,Lam Research Corporation - Common Stock,Technology,SP500·NDX,2.446,99.8,47.6,2854.4,0.36,10.0,18.2,-20.2,345.8,432.74,1,3412,20261005
180,NTRS,Northern Trust Corporation - Common Stoc,Financial Services,SP500,2.445,43.0,54.0,187.5,0.34,-2.2,-8.5,-10.4,170.67,31.83,1,3412,20261005
181,PANW,Palo Alto Networks  Inc. - Common Stock,Technology,SP500·NDX,2.444,58.6,49.2,2321.2,0.32,3.7,22.5,0.0,406.76,318.95,1,3412,20261005
182,FLS,Flowserve Corporation Common Stock,Industrials,,2.444,47.2,55.6,114.1,0.36,0.3,-3.7,-18.8,74.3,9.29,1,3412,20261005
183,AMAT,Applied Materials  Inc. - Common Stock,Technology,SP500·NDX,2.44,96.0,47.6,2941.7,0.34,11.4,24.4,-24.9,542.28,406.33,1,3412,20261005
184,RLAY,Relay Therapeutics  Inc. - Common Stock,Healthcare,,2.438,264.2,52.4,68.5,0.5,9.6,2.0,-6.6,19.39,3.83,1,3412,20261005
185,EXEL,Exelixis  Inc. - Common Stock,Healthcare,,2.437,43.0,55.6,124.7,0.35,0.8,-0.5,-0.5,58.85,14.36,1,3412,20261005
186,STNG,Scorpio Tankers Inc. Common Shares,Energy,,2.437,44.8,57.1,97.9,0.5,3.9,7.9,-1.6,86.41,4.08,1,3412,20261005
187,TRV,The Travelers Companies  Inc. Common Sto,Financial Services,SP500,2.436,35.3,52.4,497.7,0.42,-0.7,-3.6,-9.2,360.7,75.72,1,3412,20261005
188,TIGO,Millicom International Cellular S.A. - C,Communication Services,,2.433,119.9,52.4,79.8,0.44,1.5,-4.9,-12.6,91.17,15.53,1,3412,20261005
189,P,Everpure  Inc. Class A common stock,Technology,SP500,2.433,11.2,61.9,876.1,2.05,11.2,46.6,0.0,143.88,40.61,1,3412,20261005
190,CLS,Celestica  Inc. Common Stock,Technology,,2.432,23.5,54.0,786.5,0.54,7.3,23.5,-19.0,382.69,45.58,1,3412,20261005
191,HPQ,HP Inc. Common Stock,Technology,SP500,2.432,25.5,54.0,513.7,0.4,0.5,-1.4,-11.3,31.47,28.97,1,3412,20261005
192,RPRX,Royalty Pharma plc - Class A Ordinary Sh,Healthcare,,2.43,78.5,50.8,194.8,0.39,-2.9,-11.3,-11.4,56.66,25.92,1,3412,20261005
193,BFH,Bread Financial Holdings  Inc. Common St,Financial Services,,2.429,99.5,54.0,62.7,0.47,-2.3,-9.1,-12.6,98.9,3.84,1,3412,20261005
194,CHRD,Chord Energy Corporation - Common Stock,Energy,,2.425,58.3,54.0,104.3,0.33,2.9,-6.0,-11.4,139.11,7.33,1,3412,20261005
195,NEOG,Neogen Corporation - Common Stock,Healthcare,,2.425,100.7,54.0,60.5,0.82,-5.2,11.8,-6.9,13.01,2.96,1,3412,20261005
196,MSGS,Madison Square Garden Sports Corp. Class,Communication Services,,2.425,66.4,52.4,128.7,0.46,-3.8,3.4,-3.8,400.32,9.51,1,3412,20261005
197,TGB,Trekor Metals Limited Common Shares,Basic Materials,,2.423,100.5,55.6,46.8,0.34,1.2,6.1,-8.0,8.91,3.15,1,3412,20261005
198,NOV,NOV Inc. Common Stock,Energy,,2.422,65.4,55.6,68.2,0.42,0.1,-9.2,-10.1,19.51,7.23,1,3412,20261005
199,HCC,Warrior Met Coal  Inc. Common Stock,Basic Materials,,2.422,60.3,57.1,61.7,0.45,0.6,-10.6,-16.3,92.29,4.72,1,3412,20261005
200,TSEM,Tower Semiconductor Ltd. - Ordinary Shar,Technology,,2.42,170.6,47.6,448.1,0.7,10.4,21.1,-21.2,249.57,26.05,1,3412,20261005
201,TRGP,Targa Resources  Inc. Common Stock,Energy,SP500,2.419,83.5,49.2,337.3,0.45,3.6,-2.1,-4.9,287.4,59.58,1,3412,20261005
202,KLAC,KLA Corporation  - Common Stock,Technology,SP500·NDX,2.418,52.6,49.2,1717.0,0.31,9.3,19.6,-31.4,206.85,269.94,1,3412,20261005
203,GGB,Gerdau S.A. Common Stock,Basic Materials,,2.417,58.4,57.1,63.8,0.43,8.2,4.4,0.0,5.17,9.44,1,3412,20261005
204,NTR,Nutrien Ltd. Common Shares,Basic Materials,,2.414,37.3,54.0,200.7,0.33,-2.4,-13.0,-14.9,70.26,35.85,1,3412,20261005
205,TBBB,BBB Foods Inc. Class A Common Shares,Consumer Defensive,,2.413,97.8,58.7,34.3,0.67,0.6,8.4,0.0,53.87,6.46,1,3412,20261005
206,EMR,Emerson Electric Company Common Stock,Industrials,SP500,2.413,14.7,61.9,378.9,0.34,1.8,8.1,-0.9,162.33,88.45,1,3412,20261005
207,PLXS,Plexus Corp. - Common Stock,Technology,,2.41,64.4,57.1,55.1,0.46,3.1,12.9,-10.1,273.18,6.97,1,3412,20261005
208,WAT,Waters Corporation Common Stock,Healthcare,SP500,2.409,28.5,54.0,314.4,0.35,-0.6,6.4,-0.7,440.12,43.49,1,3412,20261005
209,UCTT,Ultra Clean Holdings  Inc. - Common Stoc,Technology,,2.409,128.8,52.4,69.5,0.48,-5.2,11.2,-48.1,74.02,3.52,1,3412,20261005
210,GCT,GigaCloud Technology Inc - Class A Ordin,Technology,,2.408,87.1,60.3,34.1,0.53,3.9,7.5,0.0,54.66,1.9,1,3412,20261005
211,DXCM,DexCom  Inc. - Common Stock,Healthcare,SP500·NDX,2.407,35.0,52.4,367.4,0.52,0.3,-3.1,-5.9,86.9,32.54,1,3412,20261005
212,FTI,TechnipFMC plc Ordinary Share,Energy,,2.405,109.1,49.2,220.3,0.38,-0.5,-12.3,-12.3,70.25,27.0,1,3412,20261005
213,CPAY,Corpay  Inc. Common Stock,Technology,SP500,2.402,46.2,52.4,195.9,0.31,1.4,-4.3,-5.5,401.72,25.59,1,3412,20261005
214,ADPT,Adaptive Biotechnologies Corporation - C,Healthcare,,2.396,72.5,54.0,68.5,0.43,4.7,21.4,0.0,29.84,4.55,1,3412,20261005
215,ALAB,Astera Labs  Inc. - Common Stock,Technology,NDX,2.396,34.9,50.8,1306.0,0.4,3.1,28.1,-25.0,362.34,62.08,1,3412,20261005
216,NYT,New York Times Company (The) Common Stoc,Communication Services,,2.396,22.0,57.1,242.3,0.74,-0.3,-4.6,-25.2,64.0,9.98,1,3412,20261005
217,TS,Tenaris S.A. American Depositary Shares,Energy,,2.396,59.6,55.6,65.2,0.49,4.2,3.8,-8.7,58.46,28.0,1,3412,20261005
218,AEIS,Advanced Energy Industries  Inc. - Commo,Industrials,,2.395,54.3,52.4,143.1,0.45,7.0,8.4,-23.5,297.29,11.13,1,3412,20261005
219,HUT,Hut 8 Corp. - Common Stock,Financial Services,,2.394,125.6,47.6,418.7,0.33,-3.7,1.3,-32.9,89.27,11.05,1,3412,20261005
220,MDB,MongoDB  Inc. - Class A Common Stock,Technology,,2.39,17.8,54.0,1132.2,1.17,7.3,-6.6,-23.9,359.23,28.89,1,3412,20261005
221,AMP,Ameriprise Financial  Inc. Common Stock,Financial Services,SP500,2.388,16.3,57.1,359.9,0.48,-0.2,-12.4,-13.3,494.94,43.93,1,3412,20261005
222,BUD,Anheuser-Busch Inbev SA Sponsored ADR (B,Consumer Defensive,,2.387,35.5,54.0,177.2,0.49,-3.0,-6.7,-13.5,74.82,144.67,1,3412,20261005
223,INTC,Intel Corporation - Common Stock,Technology,SP500·NDX,2.387,145.8,46.0,12522.3,0.27,0.1,26.7,-17.6,116.19,627.02,1,3412,20261005
224,BHE,Benchmark Electronics  Inc. Common Stock,Technology,,2.385,86.3,58.7,32.8,0.44,4.0,20.9,-12.7,86.11,3.0,1,3412,20261005
225,NBIS,Nebius Group N.V. - Class A Ordinary Sha,Communication Services,NDX,2.381,67.3,47.6,3585.3,0.5,0.3,10.4,-18.9,232.57,61.61,1,3412,20261005
226,LYB,LyondellBasell Industries NV Ordinary Sh,Basic Materials,SP500,2.379,39.6,52.4,228.0,0.31,1.6,-8.6,-26.6,59.22,19.13,1,3412,20261005
227,PEB,Pebblebrook Hotel Trust Common Shares of,Real Estate,,2.378,58.5,61.9,42.1,0.37,2.0,7.7,-3.3,19.1,2.1,1,3412,20261005
228,PRU,Prudential Financial  Inc. Common Stock,Financial Services,SP500,2.378,27.3,55.6,182.7,0.35,-2.2,-7.9,-8.3,113.48,40.97,1,3412,20261005
229,TH,Target Hospitality Corp. - Common Stock,Industrials,,2.376,135.0,52.4,57.0,1.02,-2.0,2.0,-11.8,18.91,2.02,1,3412,20261005
230,RIG,Transocean Ltd (Switzerland) Common Stoc,Energy,,2.376,82.4,49.2,244.9,0.25,4.4,-8.5,-27.3,5.51,6.01,1,3412,20261005
231,HP,Helmerich & Payne  Inc. Common Stock,Energy,,2.376,102.3,54.0,46.2,0.47,7.1,-10.9,-15.8,40.13,3.85,1,3412,20261005
232,EQIX,Equinix  Inc. - Common Stock,Real Estate,SP500,2.375,37.6,50.8,517.0,0.28,1.2,-1.7,-7.9,1023.44,99.89,1,3412,20261005
233,GMED,Globus Medical  Inc. Class A Common Stoc,Healthcare,,2.374,34.6,55.6,122.3,0.39,2.4,-2.0,-20.9,76.57,9.99,1,3412,20261005
234,MET,MetLife  Inc. Common Stock,Financial Services,SP500,2.371,24.7,54.0,307.3,0.32,1.1,-2.4,-3.1,96.88,61.57,1,3412,20261005
235,ROIV,Roivant Sciences Ltd. - Common Shares,Healthcare,,2.369,115.3,47.6,345.5,0.88,-3.2,4.0,-14.4,35.78,25.86,1,3412,20261005
236,VOD,Vodafone Group Plc - American Depositary,Communication Services,,2.369,51.1,57.1,56.8,0.6,1.3,1.3,-5.0,16.79,38.41,1,3412,20261005
237,ALNT,Allient Inc. - Common Stock,Technology,,2.368,105.8,60.3,23.7,0.43,3.7,31.5,0.0,118.63,1.91,1,3412,20261005
238,CLH,Clean Harbors  Inc. Common Stock,Industrials,,2.368,40.1,54.0,124.6,0.41,2.9,1.2,-1.2,322.37,16.38,1,3412,20261005
239,GRAL,GRAIL  Inc. - Common Stock,Healthcare,,2.367,24.5,57.1,162.6,0.83,16.2,91.1,0.0,154.08,5.92,1,3412,20261005
240,FTRE,Fortrea Holdings Inc. - Common Stock,Healthcare,,2.366,94.0,57.1,30.7,0.48,5.2,13.4,0.0,21.11,1.84,1,3412,20261005
241,ROK,Rockwell Automation  Inc. Common Stock,Industrials,SP500,2.364,24.5,54.0,298.4,0.4,5.6,6.3,-7.8,455.18,48.21,1,3412,20261005
242,AAMI,Acadian Asset Management Inc. Common Sto,Financial Services,,2.362,100.3,54.0,44.0,0.58,2.5,4.2,-1.2,96.16,3.33,1,3412,20261005
243,UBS,UBS Group AG Registered Ordinary Shares,Financial Services,,2.361,41.6,54.0,113.6,0.48,-0.9,-13.5,-13.5,48.18,152.08,1,3412,20261005
244,IEX,IDEX Corporation Common Stock,Industrials,SP500,2.36,37.1,54.0,139.8,0.46,1.8,5.5,-2.2,235.29,17.18,1,3412,20261005
245,EMBJ,Embraer S.A. Common Stock,Industrials,,2.36,30.1,60.3,94.4,0.32,-1.6,2.3,-5.4,75.27,13.18,1,3412,20261005
246,MT,Arcelor Mittal NY Registry Shares NEW,Basic Materials,,2.36,101.7,50.8,92.6,0.33,-7.3,-14.9,-17.8,64.73,54.12,1,3412,20261005
247,PLSE,Pulse Biosciences  Inc - Common Stock,Healthcare,,2.358,188.1,54.0,33.4,0.52,-3.5,-7.7,-8.5,50.5,3.7,1,3412,20261005
248,SLB,SLB Limited Common Shares,Energy,SP500,2.358,72.4,47.6,729.3,0.45,-2.3,-12.4,-15.9,50.28,76.49,1,3412,20261005
249,BG,Bunge Limited Common Shares,Consumer Defensive,SP500,2.356,48.4,50.8,236.8,0.55,-1.6,-10.7,-17.8,107.32,20.78,1,3412,20261005
250,RGEN,Repligen Corporation - Common Stock,Healthcare,,2.356,16.8,60.3,208.0,0.45,-2.4,11.7,-2.6,189.5,10.76,1,3412,20261005
251,DVA,DaVita Inc. Common Stock,Healthcare,SP500,2.355,37.5,54.0,130.0,0.75,0.4,-1.6,-25.8,178.72,11.25,1,3412,20261005
252,TEN,Tsakos Energy Navigation Ltd Common Shar,Energy,,2.355,98.4,57.1,28.0,0.67,10.8,18.5,-2.9,51.29,1.39,1,3412,20261005
253,CXW,CoreCivic  Inc. Common Stock,Industrials,,2.351,72.8,52.4,74.7,0.5,6.4,0.2,-5.1,33.73,3.21,1,3412,20261005
254,TEVA,Teva Pharmaceutical Industries Limited O,Healthcare,,2.349,82.6,49.2,200.3,0.41,2.0,8.3,-1.4,39.66,45.71,1,3412,20261005
255,SEIC,SEI Investments Company - Common Stock,Financial Services,,2.349,32.9,57.1,94.2,0.56,-1.5,-7.4,-7.5,103.26,12.68,1,3412,20261005
256,ESI,Element Solutions Inc. Common Stock,Basic Materials,,2.347,33.3,54.0,151.9,0.59,6.9,7.3,-23.4,37.54,8.85,1,3412,20261005
257,AMG,Affiliated Managers Group  Inc. Common S,Financial Services,,2.347,54.8,52.4,104.8,0.47,3.4,4.0,-0.7,380.7,9.58,1,3412,20261005
258,URGN,UroGen Pharma Ltd. - Ordinary Shares,Healthcare,,2.346,162.9,54.0,32.7,0.49,4.6,-4.7,-14.9,42.78,2.02,1,3412,20261005
259,HRMY,Harmony Biosciences Holdings  Inc. - Com,Healthcare,,2.346,56.4,57.1,46.0,0.59,-0.2,-4.6,-6.9,39.92,2.31,1,3412,20261005
260,MOG-A,Moog Inc. Class A Common Stock,Industrials,,2.345,79.6,50.8,108.9,0.46,-2.3,3.0,-14.4,381.04,12.07,1,3412,20261005
261,CIB,Grupo Cibest S.A. American Depositary Sh,Financial Services,,2.343,105.2,55.6,29.6,0.43,4.0,-5.7,-7.0,96.06,21.93,1,3412,20261005
262,DAR,Darling Ingredients Inc. Common Stock,Consumer Defensive,,2.342,108.9,49.2,141.8,0.45,3.5,-4.6,-8.3,62.7,9.73,1,3412,20261005
263,FANG,Diamondback Energy  Inc. - Common Stock,Energy,SP500·NDX,2.34,44.3,49.2,639.7,0.86,-0.6,-9.3,-13.4,184.08,51.95,1,3412,20261005
264,WPM,Wheaton Precious Metals Corp Common Shar,Basic Materials,,2.34,43.2,50.8,255.3,0.43,0.5,-13.0,-17.4,136.27,61.59,1,3412,20261005
265,DRH,Diamondrock Hospitality Company - Common,Real Estate,,2.338,55.9,58.7,39.8,0.4,-1.7,3.0,-7.2,12.42,2.56,1,3412,20261005
266,BIIB,Biogen Inc. - Common Stock,Healthcare,SP500,2.338,44.6,50.8,241.5,0.57,-2.2,-0.4,-2.2,223.59,33.55,1,3412,20261005
267,LFUS,Littelfuse  Inc. - Common Stock,Technology,,2.333,61.3,52.4,82.0,0.68,5.2,9.0,-7.5,451.42,11.47,1,3412,20261005
268,NSIT,Insight Enterprises  Inc. - Common Stock,Technology,,2.331,42.1,57.1,60.7,0.57,2.2,0.2,-3.6,159.39,4.64,1,3412,20261005
269,JBHT,J.B. Hunt Transport Services  Inc. - Com,Industrials,SP500,2.331,99.7,47.6,297.6,0.61,1.6,-13.7,-23.0,229.74,21.99,1,3412,20261005
270,IVZ,Invesco Ltd Common Stock,Financial Services,SP500,2.331,42.9,52.4,137.6,0.3,0.2,-6.8,-8.4,30.5,13.54,1,3412,20261005
271,MATX,Matson  Inc. Common Stock,Industrials,,2.33,125.3,50.8,71.6,0.45,3.2,3.8,-3.3,230.66,6.9,1,3412,20261005
272,SM,SM Energy Company Common Stock,Energy,,2.33,57.3,50.8,149.2,0.37,4.5,-6.2,-15.1,35.05,8.07,1,3412,20261005
273,HAFN,Hafnia Limited Common Shares,Industrials,,2.33,60.9,61.9,30.5,0.75,12.6,15.1,0.0,10.28,5.49,1,3412,20261005
274,FET,Forum Energy Technologies  Inc. Common S,Energy,,2.329,223.0,58.7,15.3,0.42,5.3,6.7,0.0,87.37,0.93,1,3412,20261005
275,TVTX,Travere Therapeutics  Inc. - Common Stoc,Healthcare,,2.328,174.7,49.2,106.6,0.53,-6.3,-13.3,-14.6,57.67,5.6,1,3412,20261005
276,EDRY,EuroDry Ltd. - Common Shares,Industrials,,2.328,311.5,65.1,12.2,0.69,12.8,12.3,-18.6,58.47,0.18,1,3412,20261005
277,EQNR,Equinor ASA,Energy,,2.327,83.7,49.2,167.5,0.33,0.2,-0.7,-7.4,42.35,99.94,1,3412,20261005
278,SJM,The J.M. Smucker Company Common Stock,Consumer Defensive,SP500,2.325,24.1,55.6,157.6,0.33,-3.6,-9.6,-12.2,116.23,12.93,1,3412,20261005
279,DBX,Dropbox  Inc. - Class A Common Stock,Technology,,2.324,19.6,57.1,171.5,0.39,7.7,-3.7,-8.9,34.37,7.41,1,3412,20261005
280,SEI,Solaris Energy Infrastructure  Inc. Clas,Energy,,2.323,17.8,57.1,194.3,0.53,8.1,40.6,-9.8,74.75,4.67,1,3412,20261005
281,GILD,Gilead Sciences  Inc. - Common Stock,Healthcare,SP500·NDX,2.322,39.4,49.2,877.2,0.33,-5.0,-4.4,-6.0,144.63,182.89,1,3412,20261005
282,CMBT,CMB.TECH NV Ordinary Shares,Energy,,2.319,115.8,57.1,20.1,0.39,4.9,6.9,-2.1,19.99,5.49,1,3412,20261005
283,PEN,Penumbra  Inc. Common Stock,Healthcare,,2.317,26.7,55.6,124.4,0.57,-0.6,-1.3,-11.8,317.11,12.59,1,3412,20261005
284,CGAU,Centerra Gold Inc. Common Shares,Basic Materials,,2.317,105.0,55.6,25.6,0.34,-0.9,-6.4,-11.1,21.56,4.26,1,3412,20261005
285,SCCO,Southern Copper Corporation Common Stock,Basic Materials,,2.317,66.1,49.2,211.3,0.27,1.3,2.9,-6.6,205.29,172.18,1,3412,20261005
286,DT,Dynatrace  Inc. Common Stock,Technology,,2.316,5.8,61.9,384.6,0.55,4.1,14.1,0.0,60.21,17.13,1,3412,20261005
287,DAC,Danaos Corporation Common Stock,Industrials,,2.315,76.9,61.9,21.9,0.31,8.2,7.6,0.0,165.82,2.94,1,3412,20261005
288,AMGN,Amgen Inc. - Common Stock,Healthcare,SP500·NDX,2.314,53.5,47.6,1338.9,0.42,-3.6,-9.3,-9.3,402.98,229.03,1,3412,20261005
289,TKR,Timken Company (The) Common Stock,Industrials,,2.312,61.5,50.8,116.5,0.36,2.8,-0.9,-17.2,119.99,8.14,1,3412,20261005
290,AIT,Applied Industrial Technologies  Inc. Co,Industrials,,2.312,25.3,58.7,95.5,0.45,2.5,7.2,-4.5,345.79,12.39,1,3412,20261005
291,BBY,Best Buy Co.  Inc. Common Stock,Consumer Cyclical,SP500,2.312,19.0,54.0,300.8,0.41,-2.8,-0.1,-7.8,87.39,18.61,1,3412,20261005
292,UNM,Unum Group Common Stock,Financial Services,,2.311,25.1,54.0,189.5,0.58,-1.3,-6.9,-6.9,89.93,14.58,1,3412,20261005
293,KNSA,Kiniksa Pharmaceuticals International  p,Healthcare,,2.31,114.8,52.4,43.9,0.62,0.3,-5.2,-5.7,76.31,5.95,1,3412,20261005
294,AEM,Agnico Eagle Mines Limited Common Stock,Basic Materials,,2.308,24.3,52.4,332.4,0.44,-0.4,-11.5,-27.0,183.33,93.25,1,3412,20261005
295,CORT,Corcept Therapeutics Incorporated - Comm,Healthcare,,2.308,32.0,52.4,200.8,1.6,5.5,8.2,-1.2,122.03,12.46,1,3412,20261005
296,VZ,Verizon Communications Inc. Common Stock,Communication Services,SP500,2.307,24.5,50.8,1049.0,0.35,-1.8,-9.4,-10.9,45.85,193.94,1,3412,20261005
297,CBOE,Cboe Global Markets  Inc. Common Stock,Financial Services,SP500,2.307,24.5,52.4,321.4,0.39,9.6,-7.0,-24.0,277.47,28.75,1,3412,20261005
298,EAT,Brinker International  Inc. Common Stock,Consumer Cyclical,,2.306,79.2,47.6,323.2,0.86,-4.1,-15.2,-23.5,194.16,8.14,1,3412,20261005
299,TX,Ternium S.A. Ternium S.A. American Depos,Basic Materials,,2.306,69.1,61.9,23.4,0.53,6.4,-0.0,-0.2,57.97,10.87,1,3412,20261005
300,MLI,Mueller Industries  Inc. Common Stock,Industrials,,2.304,26.2,55.6,118.4,0.7,3.3,0.3,-10.1,62.97,13.93,1,3412,20261005
301,ANF,Abercrombie & Fitch Company Common Stock,Consumer Cyclical,,2.304,67.5,49.2,183.1,1.43,5.4,-1.5,-7.0,141.4,5.67,1,3412,20261005
302,ZETA,Zeta Global Holdings Corp. Class A Commo,Technology,,2.304,70.2,49.2,173.8,0.64,13.4,0.6,0.0,32.88,7.28,1,3412,20261005
303,ETN,Eaton Corporation  PLC Ordinary Shares,Industrials,SP500,2.303,6.3,55.6,882.9,0.38,0.3,8.9,-5.9,432.6,169.8,1,3412,20261005
304,ROG,Rogers Corporation Common Stock,Technology,,2.303,53.6,57.1,39.0,0.65,16.4,26.0,-4.8,159.1,2.46,1,3412,20261005
305,SB,Safe Bulkers  Inc Common Stock ($0.001 p,Industrials,,2.303,104.6,60.3,15.9,0.68,6.1,-2.9,-4.7,8.75,0.93,1,3412,20261005
306,MAR,Marriott International - Class A Common ,Consumer Cyclical,SP500·NDX,2.303,27.2,50.8,548.6,0.43,-0.7,5.9,-11.4,355.89,92.8,1,3412,20261005
307,LECO,Lincoln Electric Holdings  Inc. - Common,Industrials,,2.3,19.3,61.9,113.3,0.44,1.4,0.4,-7.4,274.94,14.99,1,3412,20261005
308,VIR,Vir Biotechnology  Inc. - Common Stock,Healthcare,,2.299,102.3,55.6,23.6,0.46,12.1,2.9,0.0,11.78,1.8,1,3412,20261005
309,T,AT&T Inc.,Communication Services,SP500,2.298,1.5,58.7,972.1,0.6,-2.7,-7.4,-14.7,24.24,173.91,1,3412,20261005
310,VTRS,Viatris Inc. - Common Stock,Healthcare,SP500,2.298,73.5,49.2,156.4,0.35,-3.6,4.0,-3.6,17.62,20.98,1,3412,20261005
311,SYNA,Synaptics Incorporated - Common Stock,Technology,,2.297,43.4,52.4,108.0,1.14,19.3,22.6,-18.9,119.73,4.08,1,3412,20261005
312,CRWD,CrowdStrike Holdings  Inc. - Class A Com,Technology,SP500·NDX,2.294,73.1,46.0,2540.0,0.44,5.2,26.8,0.0,272.67,272.46,1,3412,20261005
313,LIVN,LivaNova PLC - Ordinary Shares,Healthcare,,2.294,58.5,54.0,52.1,0.39,-1.0,-5.9,-10.4,76.43,4.2,1,3412,20261005
314,ABNB,Airbnb  Inc. - Class A Common Stock,Consumer Cyclical,SP500·NDX,2.294,52.5,47.6,817.3,0.52,5.1,-11.4,-13.9,164.07,92.02,1,3412,20261005
315,OSCR,Oscar Health  Inc. Class A Common Stock,Healthcare,,2.293,67.2,49.2,173.5,0.42,9.3,0.6,-4.1,32.42,8.91,1,3412,20261005
316,PAGP,Plains GP Holdings  L.P. - Class A Share,Energy,,2.292,61.3,54.0,47.5,0.33,-1.6,-5.4,-8.0,26.18,5.28,1,3412,20261005
317,ETON,Eton Pharmaceuticals  Inc. - Common Stoc,Healthcare,,2.287,202.5,52.4,32.4,0.6,-6.0,-7.1,-13.7,55.62,1.49,1,3412,20261005
318,VSH,Vishay Intertechnology  Inc. Common Stoc,Technology,,2.287,95.3,49.2,113.2,0.47,15.1,21.8,-42.8,37.1,4.94,1,3412,20261005
319,AMKR,Amkor Technology  Inc. - Common Stock,Technology,,2.287,59.5,49.2,199.9,0.58,2.7,16.4,-41.5,54.63,13.45,1,3412,20261005
320,RIO,Rio Tinto Plc Common Stock,Basic Materials,,2.286,63.1,49.2,178.0,0.36,1.3,-7.0,-12.8,95.65,153.79,1,3412,20261005
321,HAE,Haemonetics Corporation Common Stock,Healthcare,,2.285,110.3,50.8,59.6,0.5,-1.0,1.8,-3.8,104.68,4.76,1,3412,20261005
322,RAL,Ralliant Corporation Common Stock,Technology,,2.284,42.3,52.4,104.4,0.54,5.7,17.9,0.0,73.96,7.74,1,3412,20261005
323,SSL,Sasol Ltd. American Depositary Shares,Basic Materials,,2.282,100.8,54.0,28.6,0.52,0.9,13.8,-7.0,14.05,8.99,1,3412,20261005
324,WST,West Pharmaceutical Services  Inc. Commo,Healthcare,SP500,2.281,25.8,52.4,238.0,0.54,0.3,9.9,0.0,376.76,26.44,1,3412,20261005
325,IMO,Imperial Oil Limited Common Stock,Energy,,2.279,50.2,52.4,78.2,0.38,1.0,-5.9,-10.1,123.51,62.49,1,3412,20261005
326,PNC,PNC Financial Services Group  Inc. (The),Financial Services,SP500,2.279,26.8,50.8,438.7,0.37,-1.5,-10.2,-14.3,220.28,89.1,1,3412,20261005
327,XNCR,Xencor  Inc. - Common Stock,Healthcare,,2.279,125.2,52.4,35.6,0.53,0.1,-3.7,-12.5,25.63,1.9,1,3412,20261005
328,MSFT,Microsoft Corporation - Common Stock,Technology,SP500·NDX,2.277,-0.3,57.1,10916.1,0.52,3.1,3.0,-2.3,525.18,3717.15,1,3412,20261005
329,PM,Philip Morris International Inc Common S,Consumer Defensive,SP500,2.276,22.2,50.8,867.5,0.34,-2.2,1.8,-5.3,189.53,298.47,1,3412,20261005
330,VRTX,Vertex Pharmaceuticals Incorporated - Co,Healthcare,SP500·NDX,2.274,36.5,49.2,524.0,0.36,-4.6,-9.8,-9.8,503.5,133.74,1,3412,20261005
331,MTCH,Match Group  Inc. - Common Stock,Communication Services,,2.274,24.9,54.0,147.9,0.36,2.1,-4.9,-9.2,40.33,9.44,1,3412,20261005
332,TFC,Truist Financial Corporation Common Stoc,Financial Services,SP500,2.273,18.7,52.4,402.5,0.34,-1.6,-10.2,-14.4,46.33,58.22,1,3412,20261005
333,OMER,Omeros Corporation - Common Stock,Healthcare,,2.272,352.8,52.4,28.0,0.95,-2.7,-1.1,-10.2,18.9,1.5,1,3412,20261005
334,LLY,Eli Lilly and Company Common Stock,Healthcare,SP500,2.272,42.3,47.6,2583.2,0.33,-3.5,-1.4,-10.7,1143.12,1019.37,1,3412,20261005
335,HELP,Helus Pharma Inc.  - Common Stock,Healthcare,,2.272,89.5,55.6,22.8,0.61,-9.3,-3.0,-18.5,11.42,0.85,1,3412,20261005
336,UGP,Ultrapar Participacoes S.A. (New) Americ,Energy,,2.271,86.2,54.0,30.7,0.59,9.0,8.5,0.0,7.77,7.57,1,3412,20261005
337,KGS,Kodiak Gas Services  Inc. Common Stock,Energy,,2.269,85.4,49.2,112.1,0.33,1.6,-13.2,-29.2,53.56,5.42,1,3412,20261005
338,MTDR,Matador Resources Company Common Stock,Energy,,2.268,41.1,52.4,100.6,0.37,3.0,-11.2,-18.5,53.01,6.45,1,3412,20261005
339,FIGS,FIGS  Inc. Class A Common Stock,Consumer Cyclical,,2.268,107.1,52.4,36.4,0.56,0.1,-10.3,-20.4,13.63,2.34,1,3412,20261005
340,ONTO,Onto Innovation Inc. Common Stock,Technology,,2.267,80.5,47.6,235.2,0.39,12.7,28.9,-14.0,325.41,17.26,1,3412,20261005
341,HST,Host Hotels & Resorts  Inc. - Common Sto,Real Estate,SP500,2.267,37.5,50.8,201.5,0.35,-1.0,2.0,-12.1,22.44,15.46,1,3412,20261005
342,WFC,Wells Fargo & Company Common Stock,Financial Services,SP500,2.266,12.6,52.4,1183.7,0.42,0.8,-8.7,-14.6,81.44,244.37,0,3412,20261005
343,IBRX,ImmunityBio  Inc. - Common Stock,Healthcare,,2.264,227.6,47.6,121.1,0.5,21.8,26.7,-10.1,10.38,10.9,0,3412,20261005
344,BELFB,Bel Fuse Inc. - Class B Common Stock,Technology,,2.263,68.6,54.0,36.2,0.47,3.9,7.4,-22.6,257.63,3.49,0,3412,20261005
345,ESLT,Elbit Systems Ltd. - Ordinary Shares,Industrials,,2.261,38.7,55.6,56.4,0.41,0.7,1.2,-29.9,709.37,32.6,0,3412,20261005
346,CRL,Charles River Laboratories International,Healthcare,SP500,2.26,67.3,47.6,280.9,0.33,5.5,5.9,0.0,310.77,13.69,0,3412,20261005
347,WTTR,Select Water Solutions  Inc. Class A com,Energy,,2.26,93.4,52.4,39.0,0.57,-0.6,-0.5,-9.9,20.06,2.6,0,3412,20261005
348,APG,APi Group Corporation Common Stock,Industrials,,2.26,16.2,57.1,141.9,0.6,6.0,1.6,-17.7,40.66,16.75,0,3412,20261005
349,ITT,ITT Inc. Common Stock,Industrials,,2.26,12.7,57.1,183.4,0.47,-0.5,1.3,-6.8,206.2,18.52,0,3412,20261005
350,GOOGL,Alphabet Inc. - Class A Common Stock,Communication Services,SP500·NDX,2.259,39.7,47.6,9435.2,0.35,1.1,1.2,-13.8,346.47,4136.65,0,3412,20261005
351,S,SentinelOne  Inc. Class A Common Stock,Technology,,2.259,11.4,57.1,201.9,0.45,11.8,28.4,0.0,25.43,7.79,0,3412,20261005
352,BLFS,BioLife Solutions  Inc. - Common Stock,Healthcare,,2.259,37.1,58.7,45.4,1.23,-1.4,8.7,-1.6,38.61,1.9,0,3412,20261005
353,PAYS,Paysign  Inc. - Common Stock,Technology,,2.258,107.4,61.9,11.4,0.63,16.4,14.3,0.0,14.81,0.73,0,3412,20261005
354,FNV,Franco-Nevada Corporation,Basic Materials,,2.257,24.7,52.4,213.8,0.62,-2.0,-10.9,-13.9,240.78,45.47,0,3412,20261005
355,BDX,Becton  Dickinson and Company Common Sto,Healthcare,SP500,2.256,26.9,50.8,335.8,0.45,-1.7,-3.7,-5.9,180.67,49.57,0,3412,20261005
356,KMX,CarMax Inc,Consumer Cyclical,,2.255,36.0,50.8,199.4,0.71,-3.0,-12.4,-14.6,54.86,7.79,0,3412,20261005
357,LFST,LifeStance Health Group  Inc. - Common S,Healthcare,,2.254,139.8,49.2,73.9,0.64,3.2,-4.8,-8.7,12.22,4.65,0,3412,20261005
358,CACI,CACI International  Inc. Class A Common ,Technology,,2.253,21.4,54.0,163.4,0.41,1.3,-0.9,-8.2,624.19,13.46,0,3412,20261005
359,DIOD,Diodes Incorporated - Common Stock,Technology,,2.251,70.8,52.4,47.3,0.55,7.4,15.1,-15.7,103.53,4.49,0,3412,20261005
360,GKOS,Glaukos Corporation Common Stock,Healthcare,,2.251,113.5,47.6,144.0,0.61,3.4,-9.1,-13.5,164.01,9.62,0,3412,20261005
361,PFE,Pfizer  Inc. Common Stock,Healthcare,SP500,2.251,11.9,52.4,916.0,0.29,-4.6,-4.9,-5.5,27.41,161.93,0,3412,20261005
362,SFL,SFL Corporation Ltd,Industrials,,2.249,73.3,57.1,19.8,0.35,5.2,7.0,-1.8,13.5,1.77,0,3412,20261005
363,ZIM,ZIM Integrated Shipping Services Ltd. Or,Industrials,,2.249,106.8,50.8,51.3,0.72,1.9,4.9,-5.2,28.93,3.42,0,3412,20261005
364,VAL,Valaris Limited Common Shares,Energy,,2.248,78.8,49.2,108.1,0.43,4.9,-7.0,-26.4,83.49,5.62,0,3412,20261005
365,PAYC,Paycom Software  Inc. Common Stock,Technology,,2.248,20.6,54.0,167.0,0.62,2.4,-6.1,-6.1,225.79,9.95,0,3412,20261005
366,THG,Hanover Insurance Group Inc,Financial Services,,2.247,29.2,55.6,74.5,0.46,1.3,-4.9,-5.3,220.4,7.57,0,3412,20261005
367,B,Barrick Mining Corporation Common Shares,Basic Materials,,2.247,37.7,49.2,348.2,0.39,-2.7,-12.6,-23.2,40.0,67.88,0,3412,20261005
368,OKE,ONEOK  Inc. Common Stock,Energy,SP500,2.247,37.7,49.2,348.6,0.4,-0.0,-7.5,-9.2,88.58,57.08,0,3412,20261005
369,GOOG,Alphabet Inc. - Class C Capital Stock,Communication Services,SP500·NDX,2.246,37.9,47.6,6100.3,0.34,1.4,1.5,-13.7,343.83,4096.17,0,3412,20261005
370,KRT,Karat Packaging Inc. - Common Stock,Consumer Cyclical,,2.245,110.5,66.7,9.7,0.47,2.7,16.2,0.0,54.68,1.09,0,3412,20261005
371,HSBC,HSBC Holdings  plc. Common Stock,Financial Services,,2.244,57.2,49.2,158.3,0.35,-4.4,-9.2,-9.9,96.68,328.93,0,3412,20261005
372,CELC,Celcuity Inc. - Common Stock,Healthcare,,2.242,95.1,49.2,86.2,0.98,-7.6,-23.7,-49.2,73.62,3.89,0,3412,20261005
373,EQX,Equinox Gold Corp. Common Shares,Basic Materials,,2.239,20.5,54.0,156.8,0.41,0.0,-14.4,-39.9,11.23,12.63,0,3412,20261005
374,CF,CF Industries Holdings  Inc. Common Stoc,Basic Materials,SP500,2.237,56.6,47.6,317.6,0.3,0.4,-15.8,-16.7,116.02,17.43,0,3412,20261005
375,HSHP,Himalaya Shipping Ltd. Common Shares,Industrials,,2.236,135.7,58.7,10.0,0.42,4.2,0.7,-6.6,18.06,0.86,0,3412,20261005
376,CRBG,Corebridge Financial Inc. Common Stock,Financial Services,,2.236,9.6,58.7,170.2,0.44,3.1,0.3,-0.5,34.84,15.0,0,3412,20261005
377,MFC,Manulife Financial Corporation Common St,Financial Services,,2.233,45.9,52.4,70.5,0.83,-1.3,-3.7,-3.7,42.94,73.29,0,3412,20261005
378,BRK-B,Berkshire Hathaway Inc. New Common Stock,Financial Services,SP500,2.232,2.5,54.0,2373.1,0.36,0.2,-0.8,-4.8,504.26,1065.97,0,3412,20261005
379,STRC,Strategy Inc - Variable Rate Series A Pe,Technology,,2.231,10.5,58.7,152.5,0.27,0.9,2.7,-0.0,99.48,,0,3412,20261005
380,VRSN,VeriSign  Inc. - Common Stock,Technology,SP500,2.231,7.8,57.1,231.0,0.37,3.6,-0.4,-5.4,292.26,25.5,0,3412,20261005
381,HPE-PC,Hewlett Packard Enterprise Company 7.625,,,2.231,114.4,52.4,29.0,1.48,8.9,25.8,-1.2,174.82,,0,3412,20261005
382,VALE,VALE S.A.  American Depositary Shares Ea,Basic Materials,,2.231,46.3,47.6,481.3,0.5,4.1,-7.6,-20.6,14.15,57.92,0,3412,20261005
383,TJGC,TJGC Group Limited - Class A Ordinary Sh,Communication Services,,2.23,76.7,60.3,14.1,1.14,15.2,233.5,-5.5,32.88,0.27,0,3412,20261005
384,IQV,IQVIA Holdings  Inc. Common Stock,Healthcare,SP500,2.23,32.9,49.2,435.8,0.58,-1.8,-2.0,-3.2,266.09,42.5,0,3412,20261005
385,OII,Oceaneering International  Inc. Common S,Energy,,2.229,114.3,50.8,44.3,0.61,-0.4,-11.8,-15.6,45.66,4.6,0,3412,20261005
386,ARIS,Aris Mining Corporation Common Shares,Basic Materials,,2.228,105.9,52.4,29.8,0.36,0.4,-14.5,-22.5,17.57,3.66,0,3412,20261005
387,EQH,Equitable Holdings  Inc. Common Stock,Financial Services,,2.228,8.5,58.7,178.4,0.62,3.2,0.9,-0.1,54.0,14.17,0,3412,20261005
388,INVX,Innovex International  Inc. Common Stock,Energy,,2.228,67.0,55.6,23.7,0.83,-1.6,-7.8,-10.2,28.41,1.91,0,3412,20261005
389,A,Agilent Technologies  Inc. Common Stock,Healthcare,SP500,2.227,8.8,54.0,399.3,0.42,-2.2,14.2,-2.2,171.29,49.4,0,3412,20261005
390,FFIV,F5  Inc. - Common Stock,Technology,SP500,2.226,19.9,52.4,245.3,0.45,5.3,16.9,0.0,458.53,25.12,0,3412,20261005
391,PK,Park Hotels & Resorts Inc. Common Stock,Real Estate,,2.225,45.1,54.0,49.5,0.33,-2.9,1.2,-5.6,15.26,3.06,0,3412,20261005
392,MEOH,Methanex Corporation - Common Stock,Basic Materials,,2.224,53.7,52.4,55.7,0.58,1.5,2.2,-7.4,60.65,4.69,0,3412,20261005
393,URI,United Rentals  Inc. Common Stock,Industrials,SP500,2.223,2.3,55.6,513.9,0.39,2.9,8.1,-7.8,1074.28,65.17,0,3412,20261005
394,NRIX,Nurix Therapeutics  Inc. - Common stock,Healthcare,,2.222,178.9,50.8,36.2,0.33,-3.3,-9.6,-17.7,22.88,2.48,0,3412,20261005
395,AGEN,Agenus Inc. - Common Stock,Healthcare,,2.222,109.1,60.3,9.6,5.09,-7.4,5.9,-12.1,8.73,0.43,0,3412,20261005
396,SYF,Synchrony Financial Common Stock,Financial Services,SP500,2.222,15.0,54.0,216.0,0.44,0.5,-10.0,-18.1,71.88,23.73,0,3412,20261005
397,NOVT,Novanta Inc. - Common Shares,Technology,,2.22,42.6,54.0,51.9,0.44,6.0,2.3,-10.7,150.61,5.46,0,3412,20261005
398,HALO,Halozyme Therapeutics  Inc. - Common Sto,Healthcare,,2.218,54.5,47.6,287.0,0.68,-4.1,-2.2,-6.0,108.31,12.47,0,3412,20261005
399,SMFG,Sumitomo Mitsui Financial Group Inc Unsp,Financial Services,,2.214,69.2,52.4,39.7,0.29,-3.0,-7.0,-7.0,25.63,168.51,0,3412,20261005
400,CNC,Centene Corporation Common Stock,Healthcare,SP500,2.212,84.7,46.0,309.1,0.49,2.8,-5.5,-7.4,64.3,30.69,0,3412,20261005
401,AYA,Aya Gold & Silver Inc. - Common Shares,Basic Materials,,2.211,149.7,50.8,35.6,0.67,1.9,-9.4,-11.0,27.03,3.91,0,3412,20261005
402,GEO,Geo Group Inc (The) REIT,Industrials,,2.211,53.7,50.8,78.1,0.44,7.0,4.7,-1.3,32.34,4.05,0,3412,20261005
403,MOD,Modine Manufacturing Company Common Stoc,Consumer Cyclical,,2.21,26.3,50.8,251.6,0.55,4.5,-2.0,-40.4,182.91,9.71,0,3412,20261005
404,SHG,Shinhan Financial Group Co Ltd American ,Financial Services,,2.21,68.1,60.3,14.3,0.45,-3.3,-7.1,-7.1,78.46,38.0,0,3412,20261005
405,BAND,Bandwidth Inc. - Class A Common Stock,Technology,,2.209,199.9,49.2,54.9,0.61,2.5,32.8,-20.3,62.53,2.0,0,3412,20261005
406,DOCN,DigitalOcean Holdings  Inc. Common Stock,Technology,,2.209,182.6,44.4,372.3,0.54,0.7,25.4,-24.3,137.23,16.44,0,3412,20261005
407,FAST,Fastenal Company - Common Stock,Industrials,SP500·NDX,2.209,3.9,55.6,346.6,0.34,0.4,3.0,-3.2,50.69,57.64,0,3412,20261005
408,BWLP,BW LPG Limited Common Shares,Energy,,2.209,90.6,61.9,9.7,0.43,5.2,5.4,-0.8,25.94,3.8,0,3412,20261005
409,ATRO,Astronics Corporation - Common Stock,Industrials,,2.208,100.7,50.8,42.9,0.58,1.1,-8.2,-26.8,68.41,2.9,0,3412,20261005
410,DYN,Dyne Therapeutics  Inc. - Common Stock,Healthcare,,2.208,98.8,49.2,70.9,0.84,-5.5,-38.1,-42.3,15.44,2.95,0,3412,20261005
411,PDFS,PDF Solutions  Inc. - Common Stock,Technology,,2.208,66.3,54.0,28.4,0.4,12.7,29.0,-20.8,56.08,2.02,0,3412,20261005
412,DRI,Darden Restaurants  Inc. Common Stock,Consumer Cyclical,SP500,2.208,16.3,52.4,282.5,0.31,1.4,-8.4,-12.3,199.72,22.41,0,3412,20261005
413,CTVA,Corteva  Inc. Common Stock,Basic Materials,SP500,2.208,40.9,47.6,528.2,2.67,-84.1,-86.0,-86.3,12.39,8.39,0,3412,20261005
414,SAIC,Science Applications International Corpo,Technology,,2.207,27.5,57.1,55.7,0.51,-3.1,0.3,-5.1,126.9,5.61,0,3412,20261005
415,CNO,CNO Financial Group  Inc. Common Stock,Financial Services,,2.204,46.4,52.4,59.6,0.65,0.7,-4.7,-4.8,54.03,4.9,0,3412,20261005
416,PTEN,Patterson-UTI Energy  Inc. - Common Stoc,Energy,,2.204,145.2,47.6,95.6,0.32,6.5,-8.0,-12.2,11.55,4.26,0,3412,20261005
417,FIVN,Five9  Inc. - Common Stock,Technology,,2.202,48.2,50.8,85.9,0.83,-0.8,0.8,-11.1,34.37,2.67,0,3412,20261005
418,MSM,MSC Industrial Direct Company  Inc. Comm,Industrials,,2.202,33.0,52.4,94.8,0.38,6.6,10.4,0.0,130.16,6.93,0,3412,20261005
419,VIRT,Virtu Financial  Inc. Class A Common Sto,Financial Services,,2.202,91.4,49.2,71.8,0.55,21.0,-2.0,-7.1,62.88,4.72,0,3412,20261005
420,RLJ,RLJ Lodging Trust Common Shares of Benef,Real Estate,,2.202,59.4,57.1,19.4,0.36,0.8,2.5,-10.6,11.16,1.71,0,3412,20261005
421,NVMI,Nova Ltd. - Ordinary Shares,Technology,,2.201,7.2,57.1,189.8,0.65,6.1,11.4,-35.1,392.86,11.63,0,3412,20261005
422,LQDA,Liquidia Corporation - Common Stock,Healthcare,,2.201,213.4,46.0,157.1,1.73,-62.5,-59.7,-69.6,27.64,2.46,0,3412,20261005
423,TDW,Tidewater Inc. Common Stock,Energy,,2.199,79.4,50.8,50.0,0.43,0.8,-11.3,-16.6,83.93,4.22,0,3412,20261005
424,MUR,Murphy Oil Corporation Common Stock,Energy,,2.198,32.9,54.0,65.4,0.36,4.7,2.9,-8.5,38.39,5.19,0,3412,20261005
425,CON,Concentra Group Holdings Parent  Inc. Co,Healthcare,,2.198,68.5,52.4,36.7,0.64,2.4,4.9,-0.4,36.21,4.39,0,3412,20261005
426,MTW,Manitowoc Company  Inc. (The) Common Sto,Industrials,,2.197,98.4,57.1,11.1,0.63,6.0,15.0,0.0,23.51,0.81,0,3412,20261005
427,EC,Ecopetrol S.A. American Depositary Share,Energy,,2.196,99.1,52.4,26.4,0.32,3.3,0.3,-5.5,17.25,33.45,0,3412,20261005
428,SLS,SELLAS Life Sciences Group  Inc.  - Comm,Healthcare,,2.196,701.2,47.6,75.1,0.43,0.3,-15.1,-24.8,11.63,2.28,0,3412,20261005
429,SKE,Skeena Resources Limited Common Shares,Basic Materials,,2.195,90.6,55.6,14.2,0.4,1.2,-8.7,-20.7,30.24,3.98,0,3412,20261005
430,ZD,Ziff Davis  Inc. - Common Stock,Communication Services,,2.195,45.3,54.0,41.9,0.57,0.5,-0.6,-5.5,55.98,1.91,0,3412,20261005
431,ADM,Archer-Daniels-Midland Company Common St,Consumer Defensive,SP500,2.194,46.9,47.6,316.7,0.37,2.6,-2.3,-6.4,82.47,38.74,0,3412,20261005
432,DAN,Dana Incorporated Common Stock,Consumer Cyclical,,2.194,59.4,52.4,42.6,0.37,3.6,-10.9,-27.6,28.1,2.97,0,3412,20261005
433,REPX,Riley Exploration Permian  Inc. Common S,Energy,,2.194,67.1,57.1,15.7,0.94,7.0,2.0,-4.4,42.93,0.9,0,3412,20261005
434,PRLB,Proto Labs  Inc. Common stock,Industrials,,2.194,59.5,55.6,22.3,0.46,1.8,24.1,0.0,98.68,2.22,0,3412,20261005
435,IRM,Iron Mountain Incorporated (Delaware)Com,Real Estate,SP500,2.194,14.2,54.0,184.8,0.36,1.2,-2.3,-15.6,112.33,33.76,0,3412,20261005
436,PFG,Principal Financial Group Inc - Common S,Financial Services,SP500,2.193,45.5,49.2,160.0,0.44,-3.1,-6.3,-6.3,111.03,24.44,0,3412,20261005
437,RKLB,Rocket Lab Corporation - Common Stock,Industrials,NDX,2.193,21.6,49.2,1462.3,0.25,1.1,14.4,-51.4,73.02,47.28,0,3412,20261005
438,CBL,CBL & Associates Properties  Inc. Common,Real Estate,,2.193,90.2,55.6,14.1,0.41,3.6,-1.3,-9.7,54.21,1.65,0,3412,20261005
439,DE,Deere & Company Common Stock,Industrials,SP500,2.192,51.7,46.0,856.8,0.45,-1.1,-1.8,-3.8,682.2,179.91,0,3412,20261005
440,SLDE,Slide Insurance Holdings  Inc. - Common ,Financial Services,,2.191,68.4,52.4,35.4,0.56,5.6,-2.4,-8.8,24.14,2.7,0,3412,20261005
441,FEIM,Frequency Electronics  Inc. - Common Sto,Technology,,2.19,67.8,52.4,35.5,0.86,3.6,42.7,-4.0,85.46,0.97,0,3412,20261005
442,TECK,Teck Resources Ltd Ordinary Shares,Basic Materials,,2.19,59.1,47.6,204.1,0.31,4.2,-1.4,-5.7,67.87,32.4,0,3412,20261005
443,PSNL,Personalis  Inc. - Common Stock,Healthcare,,2.19,148.6,50.8,32.2,0.82,0.5,-2.6,-10.8,16.4,1.77,0,3412,20261005
444,DGII,Digi International Inc. - Common Stock,Technology,,2.19,90.5,52.4,27.2,0.34,-4.7,6.1,-12.5,74.56,2.79,0,3412,20261005
445,APH,Amphenol Corporation Common Stock,Technology,SP500,2.187,33.5,47.6,987.2,0.3,3.1,6.3,-1.0,87.27,207.98,0,3412,20261005
446,DXPE,DXP Enterprises  Inc. - Common Stock,Industrials,,2.186,42.0,58.7,25.4,0.34,2.3,8.1,-2.5,195.8,2.83,0,3412,20261005
447,TNGX,Tango Therapeutics  Inc. - Common Stock,Healthcare,,2.186,196.0,47.6,79.5,0.48,-5.0,1.4,-29.8,23.08,4.2,0,3412,20261005
448,DHR,Danaher Corporation Common Stock,Healthcare,SP500,2.184,0.9,54.0,945.4,0.75,-2.7,4.8,-8.2,221.21,148.86,0,3412,20261005
449,DG,Dollar General Corporation Common Stock,Consumer Defensive,SP500,2.184,32.1,49.2,294.8,0.42,-4.1,-9.1,-22.9,119.32,26.24,0,3412,20261005
450,ABBV,AbbVie Inc. Common Stock,Healthcare,SP500,2.183,12.6,50.8,1146.8,0.27,-0.2,2.1,-0.2,265.76,470.55,0,3412,20261005
451,GNK,Genco Shipping & Trading Limited Ordinar,Industrials,,2.183,70.3,55.6,16.4,0.75,6.4,1.1,-1.8,27.6,1.19,0,3412,20261005
452,IMNM,Immunome  Inc. - Common Stock,Healthcare,,2.183,136.8,50.8,32.1,0.55,-2.4,-22.1,-29.0,21.17,2.37,0,3412,20261005
453,KSS,Kohl's Corporation Common Stock,Consumer Cyclical,,2.182,20.5,57.1,70.0,0.44,7.4,1.0,-19.1,19.53,2.21,0,3412,20261005
454,GE,GE Aerospace Common Stock,Industrials,SP500,2.182,11.8,50.8,1447.8,0.37,-3.7,-8.1,-19.6,306.34,324.12,0,3412,20261005
455,OPY,Oppenheimer Holdings  Inc. Class A Commo,Financial Services,,2.18,80.1,55.6,14.6,0.35,1.6,-2.5,-2.5,121.68,1.24,0,3412,20261005
456,BRKR,Bruker Corporation - Common Stock,Healthcare,,2.179,71.2,47.6,143.2,0.5,0.9,7.5,-1.4,63.86,9.87,0,3412,20261005
457,TK,Teekay Corporation Ltd. Common Stock,Energy,,2.178,79.8,73.0,8.5,0.29,7.0,11.1,0.0,14.96,1.2,0,3412,20261005
458,SILC,Silicom Ltd - Ordinary Shares,Technology,,2.176,132.4,57.1,7.6,0.56,19.7,52.7,0.0,61.17,0.3,0,3412,20261005
459,JOYY,JOYY Inc. - American Depositary Shares,Communication Services,,2.173,35.0,60.3,29.3,0.54,-0.1,7.9,-0.7,80.5,3.88,0,3412,20261005
460,KB,KB Financial Group Inc,Financial Services,,2.172,60.9,55.6,19.0,0.48,-1.9,-5.7,-6.1,124.75,43.5,0,3412,20261005
461,UBSI,United Bankshares  Inc. - Common Stock,Financial Services,,2.172,33.2,54.0,56.2,0.36,-0.6,-2.4,-6.0,46.43,6.38,0,3412,20261005
462,CAH,Cardinal Health  Inc. Common Stock,Healthcare,SP500,2.172,58.0,46.0,430.6,0.39,5.8,-6.2,-6.2,233.12,51.52,0,3412,20261005
463,LUV,Southwest Airlines Company Common Stock,Industrials,SP500,2.171,22.0,50.8,254.1,0.35,-1.0,8.1,-22.6,41.85,20.47,0,3412,20261005
464,ERO,Ero Copper Corp. Common Shares,Basic Materials,,2.17,69.1,50.8,48.8,0.51,2.8,8.8,-4.9,38.44,3.73,0,3412,20261005
465,TARS,Tarsus Pharmaceuticals  Inc. - Common St,Healthcare,,2.169,41.6,52.4,57.6,0.54,-3.1,-10.5,-18.0,74.46,3.54,0,3412,20261005
466,KNTK,Kinetik Holdings Inc. Class A Common Sto,Energy,,2.168,46.0,50.8,75.4,0.48,3.7,-2.3,-3.7,53.08,4.27,0,3412,20261005
467,KMT,Kennametal Inc. Common Stock,Industrials,,2.168,39.7,54.0,43.7,0.41,3.3,11.7,-23.6,32.86,2.51,0,3412,20261005
468,USB,U.S. Bancorp Common Stock,Financial Services,SP500,2.168,36.4,47.6,490.9,0.41,-2.6,-9.9,-12.5,57.27,92.44,0,3412,20261005
469,DLR,Digital Realty Trust  Inc. Common Stock,Real Estate,SP500,2.167,10.4,52.4,336.2,0.66,1.5,-4.2,-11.2,179.87,65.48,0,3412,20261005
470,CVI,CVR Energy Inc. Common Stock,Energy,,2.167,17.5,61.9,60.8,0.37,12.2,30.7,0.0,56.94,5.46,0,3412,20261005
471,HL,Hecla Mining Company Common Stock,Basic Materials,,2.166,76.0,44.4,692.0,0.38,0.0,-19.8,-46.5,17.01,11.55,0,3412,20261005
472,PAG,Penske Automotive Group  Inc. Common Sto,Consumer Cyclical,,2.166,29.8,52.4,89.4,0.75,-3.2,-8.7,-9.6,200.59,13.66,0,3412,20261005
473,GLNG,Golar LNG Limited - Common Shares,Energy,,2.166,35.1,52.4,71.9,0.49,1.9,-4.3,-12.4,49.74,4.93,0,3412,20261005
474,TTC,Toro Company (The) Common Stock,Industrials,,2.166,23.0,54.0,85.4,0.59,1.9,7.1,-1.9,98.94,9.2,0,3412,20261005
475,BPOP,Popular  Inc. - Common Stock,Financial Services,,2.166,40.1,50.8,91.8,0.36,-0.0,-7.3,-10.7,158.82,9.91,0,3412,20261005
476,GMAB,Genmab A/S - American Depositary Shares,Healthcare,,2.165,7.1,60.3,119.0,0.67,8.8,11.8,0.0,38.48,21.56,0,3412,20261005
477,SCHW,Charles Schwab Corporation (The) Common ,Financial Services,SP500,2.165,20.6,49.2,875.7,0.35,-0.3,-11.3,-13.8,97.96,171.26,0,3412,20261005
478,CGEM,Cullinan Therapeutics  Inc. - Common Sto,Healthcare,,2.163,285.4,50.8,24.3,0.65,7.3,-27.6,-30.1,16.04,0.94,0,3412,20261005
479,CRDO,Credo Technology Group Holding Ltd - Ord,Technology,,2.163,9.7,50.8,1591.2,0.58,10.3,29.4,-29.8,212.48,39.5,0,3412,20261005
480,PG,Procter & Gamble Company (The) Common St,Consumer Defensive,SP500,2.161,-1.3,54.0,1175.4,0.31,-2.1,-0.7,-12.1,145.94,338.37,0,3412,20261005
481,VIST,Vista Energy S.A.B. de C.V. American Dep,Energy,,2.16,117.5,47.6,81.4,0.4,-0.6,-10.8,-16.0,66.54,7.46,0,3412,20261005
482,ASC,Ardmore Shipping Corporation Common Stoc,Industrials,,2.159,63.2,60.3,11.3,0.28,6.6,7.3,0.0,19.34,0.75,0,3412,20261005
483,IDT,IDT Corporation Class B Common Stock,Communication Services,,2.158,38.3,57.1,28.2,0.83,15.1,16.5,0.0,80.08,1.96,0,3412,20261005
484,SPNT,SiriusPoint Ltd. Common Shares,Financial Services,,2.156,38.5,57.1,27.9,0.78,-1.3,-1.4,-6.9,24.5,2.95,0,3412,20261005
485,FLR,Fluor Corporation Common Stock,Industrials,,2.156,32.3,50.8,120.9,0.45,2.8,-12.0,-12.0,50.61,6.6,0,3412,20261005
486,VEEV,Veeva Systems Inc. Class A Common Stock,Healthcare,SP500,2.153,-5.5,58.7,408.3,0.59,1.2,-0.3,-7.4,283.45,45.44,0,3412,20261005
487,IESC,IES Holdings  Inc. - Common Stock,Industrials,,2.153,62.0,49.2,79.7,0.53,5.4,7.8,-14.4,339.62,13.52,0,3412,20261005
488,CTSH,Cognizant Technology Solutions Corporati,Technology,SP500,2.151,-1.3,55.6,410.4,0.46,2.5,-10.0,-31.7,58.17,27.42,0,3412,20261005
489,RCUS,Arcus Biosciences  Inc. Common Stock,Healthcare,,2.15,125.4,49.2,46.1,0.51,-1.1,-17.9,-21.6,24.74,3.15,0,3412,20261005
490,CMC,Commercial Metals Company Common Stock,Industrials,,2.15,18.6,55.6,74.9,0.41,1.6,-4.7,-20.8,65.51,6.87,0,3412,20261005
491,EBAY,eBay Inc. - Common Stock,Consumer Cyclical,SP500,2.15,21.3,49.2,553.4,0.57,-0.2,1.2,-9.4,107.14,47.12,0,3412,20261005
492,ITUB,Itau Unibanco Banco Holding SA American ,Financial Services,,2.146,28.5,49.2,267.9,0.61,24.2,20.7,0.0,9.92,94.68,0,3412,20261005
493,GTE,Gran Tierra Energy Inc. Common Stock,Energy,,2.146,140.1,57.1,6.0,2.8,8.6,3.7,-4.8,10.48,0.37,0,3412,20261005
494,GSL,Global Ship Lease Inc New Class A Common,Industrials,,2.144,59.7,57.1,13.7,0.32,4.9,0.3,-1.2,45.86,1.65,0,3412,20261005
495,KN,Knowles Corporation Common Stock,Technology,,2.144,44.6,55.6,24.7,0.54,5.8,13.3,-7.9,39.4,3.37,0,3412,20261005
496,SLF,Sun Life Financial Inc. Common Stock,Financial Services,,2.143,38.2,54.0,40.0,1.12,-1.1,-2.7,-5.7,78.61,44.43,0,3412,20261005
497,VOYA,Voya Financial  Inc. Common Stock,Financial Services,,2.142,43.7,49.2,120.6,0.56,2.2,-6.4,-6.4,98.1,8.81,0,3412,20261005
498,AXGN,Axogen  Inc. - Common Stock,Healthcare,,2.14,163.4,47.6,65.4,0.55,-14.2,-21.0,-28.0,37.22,2.49,0,3412,20261005
499,OBE,Obsidian Energy Ltd. Common Shares,Energy,,2.14,84.8,55.6,10.7,0.44,-1.6,-12.7,-27.4,10.5,0.75,0,3412,20261005
500,VSAT,ViaSat  Inc. - Common Stock,Technology,,2.14,132.3,46.0,124.0,0.38,-2.6,-2.7,-22.3,69.79,9.87,0,3412,20261005
501,ESTC,Elastic N.V. Ordinary Shares,Technology,,2.138,9.8,54.0,174.0,0.62,7.9,-1.3,-5.0,94.91,9.69,0,3412,20261005
502,GSAT,Globalstar  Inc. - Common Stock,Communication Services,,2.138,103.6,49.2,47.6,0.46,1.5,1.9,-1.1,83.54,10.74,0,3412,20261005
503,FCNCA,First Citizens BancShares  Inc. - Class ,Financial Services,,2.138,27.0,50.8,141.6,0.4,-0.3,-5.1,-8.7,2091.07,23.42,0,3412,20261005
504,AVGO,Broadcom Inc. - Common Stock,Technology,SP500·NDX,2.137,6.2,50.8,8579.5,0.36,3.7,1.5,-24.6,362.51,1695.12,0,3412,20261005
505,MFG,Mizuho Financial Group  Inc. Sponosred A,Financial Services,,2.135,75.5,50.8,37.6,0.4,-0.2,-2.6,-3.7,11.03,133.5,0,3412,20261005
506,VET,Vermilion Energy Inc. Common (Canada),Energy,,2.135,67.4,54.0,17.6,0.39,1.8,-9.9,-17.9,11.73,1.77,0,3412,20261005
507,LIND,Lindblad Expeditions Holdings Inc.  - Co,Consumer Cyclical,,2.134,109.7,50.8,27.1,0.42,20.1,36.8,0.0,35.6,2.34,0,3412,20261005
508,SKM,SK Telecom Co.  Ltd. Common Stock,Communication Services,,2.132,71.6,50.8,38.3,0.54,2.5,-2.4,-20.9,36.4,13.94,0,3412,20261005
509,WEX,WEX Inc. common stock,Technology,,2.13,22.7,52.4,106.0,0.54,-2.6,-11.5,-15.1,172.48,6.03,0,3412,20261005
510,INGM,Ingram Micro Holding Corporation Common ,Technology,,2.129,30.0,52.4,72.4,0.97,4.2,-3.4,-12.8,27.58,6.56,0,3412,20261005
511,PGEN,Precigen  Inc. - Common Stock,Healthcare,,2.127,114.4,49.2,42.4,0.54,-0.9,8.4,-9.6,7.74,2.76,0,3412,20261005
512,FLXS,Flexsteel Industries  Inc. - Common Stoc,Consumer Cyclical,,2.126,82.3,57.1,8.1,0.62,0.6,9.6,-1.5,88.05,0.35,0,3412,20261005
513,BIO,Bio-Rad Laboratories  Inc. Class A Commo,Healthcare,,2.126,31.8,50.8,105.4,0.33,0.6,-2.1,-2.7,379.82,10.15,0,3412,20261005
514,ECG,Everus Construction Group  Inc. Common S,Industrials,,2.125,41.0,52.4,47.5,0.41,8.2,9.7,-25.4,126.17,6.11,0,3412,20261005
515,RRC,Range Resources Corporation Common Stock,Energy,,2.125,10.7,55.6,108.8,0.39,2.1,-8.7,-18.6,38.67,9.02,0,3412,20261005
516,PGR,Progressive Corporation (The) Common Sto,Financial Services,SP500,2.124,-2.1,54.0,614.3,0.52,1.5,-5.0,-9.3,212.62,117.34,0,3412,20261005
517,CNK,Cinemark Holdings Inc Cinemark Holdings ,Communication Services,,2.124,27.3,52.4,78.0,0.33,-6.3,2.8,-6.3,35.97,4.32,0,3412,20261005
518,VNCE,Vince Holding Corp. - Common Stock,Consumer Cyclical,,2.123,101.3,58.7,5.5,1.9,5.7,82.2,-0.5,11.44,0.15,0,3412,20261005
519,NUAI,New Era Energy & Digital  Inc. - Common ,Technology,,2.123,177.4,47.6,58.8,0.53,-13.1,14.8,-24.9,6.05,0.74,0,3412,20261005
520,ZBRA,Zebra Technologies Corporation - Class A,Technology,SP500,2.123,20.8,50.8,196.6,0.51,1.0,5.1,-1.9,375.66,17.71,0,3412,20261005
521,PAAS,Pan American Silver Corp. Common Stock,Basic Materials,,2.122,35.5,49.2,153.8,0.46,-1.0,-13.8,-33.4,45.32,19.7,0,3412,20261005
522,FROG,JFrog Ltd. - Ordinary shares,Technology,,2.122,88.5,46.0,149.3,0.36,10.2,8.0,-5.9,97.86,12.03,0,3412,20261005
523,TDY,Teledyne Technologies Incorporated Commo,Technology,SP500,2.122,4.4,55.6,169.7,0.5,1.4,1.9,-10.4,619.64,28.47,0,3412,20261005
524,ORKA,Oruka Therapeutics  Inc. - Common Stock,Healthcare,,2.121,374.4,46.0,89.7,0.47,0.2,-7.3,-25.4,84.38,5.95,0,3412,20261005
525,AMRX,Amneal Pharmaceuticals  Inc. - Class A C,Healthcare,,2.119,71.8,49.2,57.5,0.52,-0.7,13.9,-0.7,20.35,7.04,0,3412,20261005
526,ALL,Allstate Corporation (The) Common Stock,Financial Services,SP500,2.119,27.7,47.6,588.9,0.47,-1.2,-14.6,-18.0,224.71,57.0,0,3412,20261005
527,NVGS,Navigator Holdings Ltd. Ordinary Shares ,Energy,,2.119,49.3,61.9,11.9,0.31,3.5,4.9,-5.3,23.72,1.42,0,3412,20261005
528,PTGX,Protagonist Therapeutics  Inc. - Common ,Healthcare,,2.118,129.0,46.0,110.3,0.46,-1.3,-5.5,-11.3,140.63,8.89,0,3412,20261005
529,RGA,Reinsurance Group of America  Incorporat,Financial Services,,2.117,34.3,50.8,88.8,0.29,-0.8,-1.9,-1.9,251.04,16.03,0,3412,20261005
530,CYRX,CryoPort  Inc. - Common Stock,Industrials,,2.117,69.4,55.6,11.6,0.35,4.4,14.4,0.0,18.14,0.88,0,3412,20261005
531,GPRK,Geopark Ltd Common Shares,Energy,,2.116,87.2,54.0,12.3,1.13,5.6,-5.2,-5.8,11.28,0.68,0,3412,20261005
532,ALM,Almonty Industries Inc. - Common Shares,Basic Materials,,2.114,190.1,46.0,93.7,0.35,2.3,-24.2,-42.3,13.52,3.81,0,3412,20261005
533,AGCO,AGCO Corporation Common Stock,Industrials,,2.114,18.4,52.4,121.3,0.42,-1.2,-7.7,-16.8,116.19,8.24,0,3412,20261005
534,MNST,Monster Beverage Corporation - Common St,Consumer Defensive,SP500·NDX,2.113,30.5,47.6,439.4,0.3,3.9,-1.3,-12.9,43.51,85.24,0,3412,20261005
535,PBT,Permian Basin Royalty Trust Common Stock,Energy,,2.112,95.6,61.9,4.7,0.97,-1.3,-5.9,-10.4,32.34,1.57,0,3412,20261005
536,CFG,Citizens Financial Group  Inc. Common St,Financial Services,SP500,2.11,36.8,47.6,271.1,0.46,-0.8,-9.2,-13.9,64.31,26.85,0,3412,20261005
537,LGN,Legence Corp. - Class A Common stock,Industrials,,2.109,75.6,49.2,53.8,0.51,0.7,2.2,-47.4,53.79,4.14,0,3412,20261005
538,UPS,United Parcel Service  Inc. Common Stock,Industrials,SP500,2.108,28.9,47.6,472.3,0.41,-1.2,-10.0,-19.6,93.14,79.94,0,3412,20261005
539,PENG,Penguin Solutions  Inc. - Common Stock,Technology,,2.107,77.1,47.6,84.7,0.91,10.4,24.8,-25.4,60.71,2.72,0,3412,20261005
540,ICE,Intercontinental Exchange Inc. Common St,Financial Services,SP500,2.107,3.3,52.4,443.4,0.35,-0.5,-7.6,-12.5,152.15,84.29,0,3412,20261005
541,CME,CME Group Inc. - Class A Common Stock,Financial Services,SP500,2.106,9.9,50.8,471.9,0.34,2.6,-4.3,-14.9,270.03,94.2,0,3412,20261005
542,DAL,Delta Air Lines  Inc. Common Stock,Industrials,SP500,2.106,39.5,46.0,609.4,0.5,-1.1,5.5,-11.1,83.08,55.33,0,3412,20261005
543,HUBB,Hubbell Inc Common Stock,Industrials,SP500,2.106,10.0,52.4,219.0,0.42,3.2,4.5,-13.3,480.65,25.12,0,3412,20261005
544,HON,Honeywell International Inc. - Common St,Industrials,SP500·NDX,2.105,1.5,52.4,607.3,0.36,1.2,3.1,-17.0,214.14,67.82,0,3412,20261005
545,PVLA,Palvella Therapeutics  Inc. - Common Sto,Healthcare,,2.105,148.2,49.2,33.7,0.44,-5.5,-15.0,-16.4,132.16,2.1,0,3412,20261005
546,GEN,Gen Digital Inc. - Common Stock,Technology,SP500,2.104,13.8,50.8,304.2,0.83,6.9,-28.9,-29.1,22.28,13.32,0,3412,20261005
547,UMAC,Unusual Machines  Inc. Common Stock,Technology,,2.104,63.7,49.2,60.6,0.57,-8.9,-10.9,-35.9,21.83,1.2,0,3412,20261005
548,WTS,Watts Water Technologies  Inc. Class A C,Industrials,,2.102,27.6,52.4,69.6,0.39,1.3,2.0,-7.4,362.75,11.95,0,3412,20261005
549,GTX,Garrett Motion Inc. - Common Stock,Consumer Cyclical,,2.101,99.7,47.6,67.7,0.42,3.2,-2.4,-26.1,26.68,5.05,0,3412,20261005
550,PRAX,Praxis Precision Medicines  Inc. - Commo,Healthcare,,2.101,543.5,44.4,142.4,0.52,-0.7,-20.2,-26.6,283.56,7.87,0,3412,20261005
551,XP,XP Inc. - Class A Common Stock,Financial Services,,2.1,16.5,50.8,229.4,0.97,39.1,40.7,0.0,28.15,10.27,0,3412,20261005
552,SWKS,Skyworks Solutions  Inc. - Common Stock,Technology,SP500,2.1,-4.6,54.0,747.5,0.72,-4.2,17.4,-8.2,83.91,13.44,0,3412,20261005
553,RELY,Remitly Global  Inc. - Common stock,Technology,,2.099,67.4,47.6,93.2,0.44,4.7,-14.9,-14.9,22.91,4.48,0,3412,20261005
554,BUUU,BUUU Group Limited - Class A Ordinary Sh,Industrials,,2.099,270.0,57.1,3.5,0.74,-11.1,22.0,-19.8,38.65,0.75,0,3412,20261005
555,IMOS,ChipMOS TECHNOLOGIES INC. - American Dep,Technology,,2.098,178.0,54.0,6.8,0.54,8.1,37.3,-7.1,77.41,2.9,0,3412,20261005
556,BNY,The Bank of New York Mellon Corporation ,Financial Services,SP500,2.098,56.5,44.4,620.3,0.52,-3.2,-12.5,-12.8,143.75,98.13,0,3412,20261005
557,WSM,Williams-Sonoma  Inc. Common Stock (DE),Consumer Cyclical,SP500,2.098,14.8,50.8,263.2,0.45,3.3,7.2,-5.2,238.7,27.21,0,3412,20261005
558,NE,Noble Corporation plc A Ordinary Shares,Energy,,2.098,69.9,49.2,54.4,0.43,-0.1,-8.7,-20.1,42.55,7.12,0,3412,20261005
559,BFLY,Butterfly Network  Inc. Class A Common S,Healthcare,,2.098,271.9,47.6,48.6,0.5,2.5,28.7,-5.5,9.38,2.42,0,3412,20261005
560,WWD,Woodward  Inc. - Common Stock,Industrials,,2.096,35.2,47.6,266.2,0.54,2.2,-2.8,-23.6,332.96,19.25,0,3412,20261005
561,AIR,AAR Corp. Common Stock,Industrials,,2.096,49.7,49.2,77.2,0.85,-11.2,-18.6,-33.5,102.24,4.63,0,3412,20261005
562,MUFG,Mitsubishi UFJ Financial Group  Inc. Com,Financial Services,,2.095,56.5,49.2,68.0,0.33,-1.7,-4.8,-4.8,22.97,256.86,0,3412,20261005
563,CFR,Cullen/Frost Bankers  Inc. Common Stock,Financial Services,,2.095,33.1,50.8,81.4,0.34,-1.7,-5.5,-9.0,153.83,9.49,0,3412,20261005
564,ATLC,Atlanticus Holdings Corporation - Common,Financial Services,,2.094,71.5,55.6,9.7,0.38,6.6,-4.0,-16.9,92.86,1.33,0,3412,20261005
565,SNOW,Snowflake Inc. Common Stock,Technology,,2.094,48.2,44.4,1390.6,0.58,3.3,-4.9,-4.9,338.99,118.52,0,3412,20261005
566,CSX,CSX Corporation - Common Stock,Industrials,SP500·NDX,2.094,39.5,46.0,509.0,0.38,1.4,-3.2,-10.7,47.43,86.21,0,3412,20261005
567,PKOH,Park-Ohio Holdings Corp. - Common Stock,Industrials,,2.094,117.4,61.9,3.3,0.5,0.7,6.3,-9.0,47.76,0.69,0,3412,20261005
568,CAMT,Camtek Ltd. - Ordinary Shares,Technology,,2.092,18.2,55.6,58.2,0.42,13.6,16.7,-21.9,162.05,7.25,0,3412,20261005
569,CCEP,Coca-Cola Europacific Partners plc - Ord,Consumer Defensive,NDX,2.092,27.6,49.2,190.8,0.4,-1.4,-7.0,-9.2,101.47,44.74,0,3412,20261005
570,MLAB,Mesa Laboratories  Inc. - Common Stock,Technology,,2.091,81.6,52.4,16.5,0.54,6.9,10.7,0.0,142.23,0.8,0,3412,20261005
571,TRST,TrustCo Bank Corp NY - Common Stock,Financial Services,,2.09,65.2,57.1,8.6,0.39,-0.3,-4.2,-6.6,55.18,0.96,0,3412,20261005
572,SHOO,Steven Madden  Ltd. - Common Stock,Consumer Cyclical,,2.09,25.5,54.0,51.3,0.37,1.7,8.0,-6.9,45.68,3.3,0,3412,20261005
573,NVST,Envista Holdings Corporation Common Stoc,Healthcare,,2.09,34.1,50.8,75.9,0.45,-1.6,-15.4,-22.9,23.34,3.83,0,3412,20261005
574,META,Meta Platforms  Inc. - Class A Common St,Communication Services,SP500·NDX,2.087,-15.8,55.6,16621.8,0.45,3.7,21.5,-4.6,741.9,1889.99,0,3412,20261005
575,NWSA,News Corporation - Class A Common Stock,Communication Services,SP500,2.087,8.8,54.0,132.3,0.5,-0.5,-6.4,-7.2,28.95,15.07,0,3412,20261005
576,DOW,Dow Inc. Common Stock,Basic Materials,SP500,2.086,34.5,47.6,259.1,0.26,2.2,-6.1,-30.4,28.51,19.93,0,3412,20261005
577,MSBI,Midland States Bancorp  Inc. - Common St,Financial Services,,2.086,111.2,55.6,5.6,0.41,-0.5,-1.6,-3.5,33.0,0.67,0,3412,20261005
578,PUBM,PubMatic  Inc. - Class A Common Stock,Technology,,2.085,104.8,52.4,13.2,0.66,1.0,9.7,-3.0,18.6,0.84,0,3412,20261005
579,SOPH,SOPHiA GENETICS SA - Ordinary Shares,Healthcare,,2.084,85.7,57.1,5.8,0.69,-3.4,-1.2,-8.1,8.2,0.7,0,3412,20261005
580,WKC,World Kinect Corporation Common Stock,Energy,,2.083,37.8,52.4,42.6,0.67,3.4,3.8,-9.5,36.43,1.8,0,3412,20261005
581,KSPI,Joint Stock Company Kaspi.kz - American ,Technology,,2.083,39.3,50.8,61.4,0.54,-1.9,-12.8,-13.6,93.98,17.86,0,3412,20261005
582,AMBQ,Ambiq Micro  Inc. Common Stock,Technology,,2.083,90.1,49.2,39.6,0.74,-3.5,16.8,-27.1,65.92,1.57,0,3412,20261005
583,ECPG,Encore Capital Group Inc - Common Stock,Financial Services,,2.082,134.5,49.2,31.1,0.51,1.5,1.0,-5.6,97.92,2.0,0,3412,20261005
584,APLE,Apple Hospitality REIT  Inc. Common Shar,Real Estate,,2.081,37.9,52.4,42.1,0.39,0.8,5.8,-2.5,16.4,3.84,0,3412,20261005
585,V,Visa Inc.,Financial Services,SP500,2.081,10.2,49.2,2248.6,0.43,0.5,-2.4,-3.8,369.71,689.7,0,3412,20261005
586,KALU,Kaiser Aluminum Corporation - Common Sto,Basic Materials,,2.08,106.4,49.2,34.2,0.41,2.8,-3.1,-20.4,155.76,2.49,0,3412,20261005
587,FSM,Fortuna Mining Corp. Common Shares,Basic Materials,,2.079,42.4,50.8,54.7,0.46,-0.6,-12.0,-18.4,11.14,3.31,0,3412,20261005
588,LEA,Lear Corporation Common Stock,Consumer Cyclical,,2.078,31.1,50.8,82.0,0.51,0.9,-7.4,-17.9,121.33,5.98,0,3412,20261005
589,QCOM,QUALCOMM Incorporated - Common Stock,Technology,SP500·NDX,2.076,1.9,50.8,2823.4,0.54,-3.6,7.2,-27.3,180.79,207.48,0,3412,20261005
590,DSGN,Design Therapeutics  Inc. - Common Stock,Healthcare,,2.076,149.9,52.4,10.1,0.55,0.5,-17.4,-22.1,12.42,0.77,0,3412,20261005
591,MCK,McKesson Corporation Common Stock,Healthcare,SP500,2.075,21.9,47.6,770.5,0.39,6.9,-0.6,-7.9,915.45,106.73,0,3412,20261005
592,CNI,Canadian National Railway Company Common,Industrials,,2.075,31.9,49.2,136.7,0.53,-1.5,-3.1,-8.6,119.32,71.83,0,3412,20261005
593,MAN,ManpowerGroup Common Stock,Industrials,,2.075,67.1,49.2,50.7,0.67,-4.9,-11.9,-13.9,54.2,2.52,0,3412,20261005
594,ELVN,Enliven Therapeutics  Inc.  - Common Sto,Healthcare,,2.075,199.4,46.0,74.4,0.78,-1.2,-23.8,-25.6,45.47,3.39,0,3412,20261005
595,FOXA,Fox Corporation - Class A Common Stock,Communication Services,SP500,2.074,10.1,50.8,318.8,0.38,0.4,-6.5,-16.0,63.33,25.84,0,3412,20261005
596,NU,Nu Holdings Ltd. Class A Ordinary Shares,Financial Services,,2.073,3.0,50.8,1147.6,0.47,24.1,-3.2,-19.1,15.18,65.79,0,3412,20261005
597,HAS,Hasbro  Inc. - Common Stock,Consumer Cyclical,SP500,2.071,27.7,49.2,161.0,0.6,3.3,-0.7,-10.8,92.38,12.63,0,3412,20261005
598,SQM,Sociedad Quimica y Minera S.A. Common St,Basic Materials,,2.071,80.8,47.6,68.3,0.34,1.0,-17.5,-30.4,65.83,19.11,0,3412,20261005
599,KNX,Knight-Swift Transportation Holdings Inc,Industrials,,2.071,76.0,44.4,252.9,0.44,2.7,-6.0,-20.6,65.24,10.62,0,3412,20261005
600,SHOP,Shopify Inc. - Class A Subordinate Votin,Technology,NDX,2.071,-3.6,52.4,1469.5,0.63,11.2,9.8,-10.6,160.11,183.03,0,3412,20261005
601,OUT,OUTFRONT Media Inc. Common Stock,Real Estate,,2.07,66.3,49.2,49.8,0.59,3.5,-0.6,-13.6,28.89,4.92,0,3412,20261005
602,AMPL,Amplitude  Inc. - Class A Common Stock,Technology,,2.07,32.6,57.1,21.8,0.37,11.9,9.8,0.0,14.88,1.81,0,3412,20261005
603,SPHR,Sphere Entertainment Co. Class A Common ,Communication Services,,2.07,117.6,46.0,86.2,0.61,-20.1,-22.5,-37.2,110.8,5.07,0,3412,20261005
604,F,Ford Motor Company Common Stock,Consumer Cyclical,SP500,2.07,22.1,47.6,633.0,0.33,-1.9,-15.7,-30.3,12.15,48.93,0,3412,20261005
605,OSBC,Old Second Bancorp  Inc. - Common Stock,Financial Services,,2.07,51.8,55.6,12.8,0.27,0.1,-3.2,-4.0,24.87,1.25,0,3412,20261005
606,ZBIO,Zenas BioPharma  Inc. - Common Stock,Healthcare,,2.069,57.1,52.4,22.9,0.58,1.0,-15.5,-35.5,27.83,1.8,0,3412,20261005
607,EWTX,Edgewise Therapeutics  Inc. - Common Sto,Healthcare,,2.068,179.7,46.0,73.6,0.53,1.3,-3.9,-16.6,40.3,4.4,0,3412,20261005
608,AEO,American Eagle Outfitters  Inc. Common S,Consumer Cyclical,,2.067,3.1,55.6,131.3,0.71,4.6,6.5,-34.5,18.11,2.9,0,3412,20261005
609,SSRM,SSR Mining Inc. - Common Stock,Basic Materials,,2.067,65.6,47.6,81.1,0.33,0.2,-12.8,-13.5,33.91,7.4,0,3412,20261005
610,AR,Antero Resources Corporation Common Stoc,Energy,,2.067,18.5,50.8,152.1,0.28,1.0,-12.6,-23.2,34.69,10.32,0,3412,20261005
611,ELV,Elevance Health  Inc. Common Stock,Healthcare,SP500,2.066,23.8,47.6,497.1,0.5,-0.0,-4.9,-7.6,394.51,82.77,0,3412,20261005
612,BURL,Burlington Stores  Inc. Common Stock,Consumer Cyclical,,2.066,1.1,52.4,406.3,0.64,2.0,5.1,-27.0,271.81,16.82,0,3412,20261005
613,IMAX,Imax Corporation Common Stock,Communication Services,,2.065,57.4,49.2,56.5,0.67,-6.3,1.3,-6.7,52.58,2.89,0,3412,20261005
614,TENB,Tenable Holdings  Inc. - Common Stock,Technology,,2.063,16.8,50.8,167.2,0.9,11.7,11.7,-9.7,38.51,3.69,0,3412,20261005
615,NEWP,New Pacific Metals Corp. Common Shares,Basic Materials,,2.062,150.9,54.0,5.7,0.64,-2.5,-7.3,-16.2,6.21,1.21,0,3412,20261005
616,M,Macy's Inc Common Stock,Consumer Cyclical,,2.062,26.8,49.2,159.4,0.39,-2.2,0.2,-14.1,22.51,5.88,0,3412,20261005
617,HTFL,Heartflow  Inc. - Common Stock,Healthcare,,2.061,37.4,49.2,97.1,0.82,4.6,5.0,0.0,52.21,4.29,0,3412,20261005
618,STRL,Sterling Infrastructure  Inc. - Common S,Industrials,,2.061,30.8,47.6,267.8,0.6,5.0,13.8,-47.3,523.33,15.67,0,3412,20261005
619,PPG,PPG Industries  Inc. Common Stock,Basic Materials,SP500,2.061,8.1,52.4,189.9,0.46,-1.6,-4.9,-19.0,105.27,23.63,0,3412,20261005
620,GAP,Gap  Inc. (The) Common Stock,Consumer Cyclical,,2.06,5.8,54.0,140.4,0.59,1.5,4.4,-18.7,23.3,7.98,0,3412,20261005
621,LH,Labcorp Holdings Inc. Common Stock,Healthcare,SP500,2.06,19.8,49.2,264.9,0.43,-0.3,-6.9,-8.8,308.65,25.03,0,3412,20261005
622,APPN,Appian Corporation - Class A Common Stoc,Technology,,2.06,33.1,54.0,31.7,0.4,9.1,-6.4,-16.3,38.21,2.53,0,3412,20261005
623,CVNA,Carvana Co. Class A Common Stock,Consumer Cyclical,SP500,2.058,-7.0,54.0,521.5,0.5,5.4,-13.2,-33.4,63.72,45.38,0,3412,20261005
624,ZM,Zoom Communications  Inc. - Class A Comm,Technology,,2.056,19.3,49.2,266.1,0.34,7.2,-4.6,-16.3,93.62,25.47,0,3412,20261005
625,APO,Apollo Global Management  Inc. (New) Com,Financial Services,SP500,2.056,7.5,50.8,371.5,0.37,-3.1,-14.2,-23.5,115.35,70.27,0,3412,20261005
626,NVCT,Nuvectis Pharma  Inc. - Common Stock,Healthcare,,2.056,301.5,54.0,4.7,0.55,2.8,-12.2,-25.0,21.39,0.69,0,3412,20261005
627,GWW,W.W. Grainger  Inc. Common Stock,Industrials,SP500,2.055,38.5,46.0,355.8,0.33,2.5,-2.0,-8.2,1286.84,60.3,0,3412,20261005
628,LNC,Lincoln National Corporation Common Stoc,Financial Services,,2.054,18.5,52.4,85.0,0.42,0.1,-10.4,-13.0,40.91,7.83,0,3412,20261005
629,JKHY,Jack Henry & Associates  Inc. - Common S,Technology,SP500,2.053,16.4,50.8,162.5,0.38,-1.8,-13.5,-23.8,145.12,9.99,0,3412,20261005
630,VELO,Velo3D  Inc. - Common stock,Technology,,2.052,197.7,50.8,13.6,0.7,-12.8,-17.4,-68.7,9.57,0.36,0,3412,20261005
631,EW,Edwards Lifesciences Corporation Common ,Healthcare,SP500,2.051,17.1,49.2,306.8,0.42,0.5,-2.8,-8.4,87.23,49.05,0,3412,20261005
632,TALO,Talos Energy  Inc. Common Stock,Energy,,2.051,83.0,49.2,35.9,0.41,3.3,-1.6,-7.2,17.01,2.75,0,3412,20261005
633,TOST,Toast  Inc. Class A Common Stock,Technology,,2.049,-6.1,55.6,270.5,0.33,-1.1,-11.5,-23.0,30.04,17.69,0,3412,20261005
634,CNXN,PC Connection  Inc. - Common Stock,Technology,,2.049,36.5,60.3,13.5,0.37,3.0,10.6,-0.2,92.4,2.28,0,3412,20261005
635,SHIP,Seanergy Maritime Holdings Corp. - Commo,Industrials,,2.049,135.9,52.4,8.8,0.51,7.6,-4.6,-6.6,17.67,0.36,0,3412,20261005
636,HRTG,Heritage Insurance Holdings  Inc. Common,Financial Services,,2.049,49.5,57.1,9.9,0.55,2.2,-2.7,-4.0,33.99,1.01,0,3412,20261005
637,WMT,Walmart Inc. - Common Stock,Consumer Defensive,SP500·NDX,2.048,7.5,49.2,2378.0,0.42,-3.4,-3.1,-21.5,105.07,862.64,0,3412,20261005
638,AEP,American Electric Power Company  Inc. - ,Utilities,SP500·NDX,2.048,12.5,49.2,506.6,0.33,1.3,-4.0,-13.7,119.73,64.35,0,3412,20261005
639,HBB,Hamilton Beach Brands Holding Company Cl,Consumer Cyclical,,2.047,124.8,57.1,3.0,0.63,-3.3,14.9,-6.3,36.37,0.51,0,3412,20261005
640,DJCO,Daily Journal Corp. (S.C.) - Common Stoc,Technology,,2.047,34.4,52.4,40.0,0.38,-1.2,5.3,-5.3,651.44,0.9,0,3412,20261005
641,SDRL,Seadrill Limited Common Shares,Energy,,2.046,60.4,50.8,29.1,0.37,0.5,-8.5,-16.4,45.79,2.85,0,3412,20261005
642,BTG,B2Gold Corp Common shares (Canada),Basic Materials,,2.046,14.1,52.4,110.3,0.45,-2.5,-9.5,-16.3,5.15,6.9,0,3412,20261005
643,EIX,Edison International Common Stock,Utilities,SP500,2.045,9.0,50.8,282.6,0.97,5.4,-3.7,-32.5,54.24,20.7,0,3412,20261005
644,CSTL,Castle Biosciences  Inc. - Common stock,Healthcare,,2.045,46.9,55.6,12.8,0.58,2.0,12.3,-14.8,36.65,1.08,0,3412,20261005
645,NUTX,Nutex Health Inc. - Common Stock,Healthcare,,2.045,84.4,49.2,34.1,0.39,5.8,13.8,0.0,225.0,1.38,0,3412,20261005
646,HASI,HA Sustainable Infrastructure Capital  I,Financial Services,,2.042,34.3,52.4,39.4,0.66,0.2,-8.9,-15.2,36.31,4.66,0,3412,20261005
647,ALSN,Allison Transmission Holdings  Inc. Comm,Consumer Cyclical,,2.041,50.0,47.6,98.1,0.44,1.8,-9.9,-14.5,115.75,9.33,0,3412,20261005
648,ABSI,Absci Corporation - Common Stock,Healthcare,,2.041,147.9,47.6,40.3,0.46,21.5,31.0,-0.8,11.53,1.63,0,3412,20261005
649,ADBE,Adobe Inc. - Common Stock,Technology,SP500·NDX,2.038,-18.7,55.6,1341.3,0.35,3.4,-16.4,-33.7,238.79,91.83,0,3412,20261005
650,MG,Mistras Group Inc Common Stock,Industrials,,2.038,91.4,52.4,11.0,1.2,-4.4,8.2,-4.4,20.63,0.66,0,3412,20261005
651,NET,Cloudflare  Inc. Class A Common Stock,Technology,,2.037,26.7,46.0,1066.2,0.35,1.6,26.4,0.0,359.49,125.46,0,3412,20261005
652,CGNX,Cognex Corporation - Common Stock,Technology,,2.036,34.1,49.2,96.9,0.4,9.6,5.9,-11.0,64.37,10.2,0,3412,20261005
653,ESS,Essex Property Trust  Inc. Common Stock,Real Estate,SP500,2.035,8.7,52.4,149.3,0.43,-0.4,-2.4,-8.8,271.93,17.32,0,3412,20261005
654,NVTS,Navitas Semiconductor Corporation - Comm,Technology,,2.035,35.4,47.6,168.6,0.37,5.2,11.2,-61.2,12.34,3.11,0,3412,20261005
655,CP,Canadian Pacific Kansas City Limited Com,Industrials,,2.032,20.9,49.2,201.2,0.49,-0.9,-6.0,-11.3,85.8,74.81,0,3412,20261005
656,TW,Tradeweb Markets Inc. - Class A Common S,Financial Services,,2.032,-2.0,57.1,135.5,0.64,6.3,1.7,-15.1,107.11,21.35,0,3412,20261005
657,ANRO,Alto Neuroscience  Inc. Common Stock,Healthcare,,2.031,725.4,49.2,18.7,0.68,-9.9,-34.0,-34.5,24.01,1.04,0,3412,20261005
658,JHX,James Hardie Industries plc. Ordinary Sh,Basic Materials,,2.031,50.3,44.4,370.9,1.0,-0.7,-15.0,-18.9,25.2,14.51,0,3412,20261005
659,FN,Fabrinet Ordinary Shares,Technology,,2.031,6.9,50.8,309.6,0.48,10.7,14.9,-39.2,453.84,16.18,0,3412,20261005
660,AGX,Argan  Inc. Common Stock,Industrials,,2.029,52.4,46.0,160.7,0.44,9.2,-5.8,-51.4,387.74,4.98,0,3412,20261005
661,BRZE,Braze  Inc. - Class A Common Stock,Technology,,2.028,19.9,52.4,70.1,0.57,14.8,-20.0,-26.5,26.61,2.85,0,3412,20261005
662,WHD,Cactus  Inc. Class A Common Stock,Energy,,2.027,89.4,47.6,50.5,0.49,0.8,-9.6,-12.0,64.75,4.48,0,3412,20261005
663,KOP,Koppers Holdings Inc. Common Stock,Basic Materials,,2.027,75.5,54.0,7.9,0.44,1.9,0.4,-9.9,47.04,0.89,0,3412,20261005
664,LYV,Live Nation Entertainment  Inc. Common S,Communication Services,SP500,2.027,13.3,49.2,359.7,0.42,-0.7,-3.8,-9.4,170.67,39.76,0,3412,20261005
665,AG,First Majestic Silver Corp. Ordinary Sha,Basic Materials,,2.026,77.7,44.4,175.4,0.27,-2.5,-18.1,-45.2,17.51,8.85,0,3412,20261005
666,PSMT,PriceSmart  Inc. - Common Stock,Consumer Defensive,,2.026,44.1,50.8,39.3,0.4,-0.7,-1.1,-12.8,171.81,5.34,0,3412,20261005
667,PBYI,Puma Biotechnology Inc - Common Stock,Healthcare,,2.025,80.3,60.3,3.1,0.34,-1.5,2.8,-2.6,9.67,0.51,0,3412,20261005
668,DFTX,Definium Therapeutics  Inc.  - Common Sh,Healthcare,,2.024,211.0,44.4,95.3,0.55,-5.7,-4.7,-25.2,36.23,5.05,0,3412,20261005
669,MGA,Magna International  Inc. Common Stock,Consumer Cyclical,,2.023,41.5,49.2,68.4,0.35,0.4,-3.2,-11.1,64.92,17.37,0,3412,20261005
670,AA,Alcoa Corporation Common Stock,Basic Materials,,2.022,47.4,46.0,178.7,0.41,2.9,-14.8,-48.1,43.49,11.15,0,3412,20261005
671,ARX,Accelerant Holdings Class A Common Share,Financial Services,,2.022,43.7,50.8,38.8,2.46,-0.1,0.2,-0.8,19.73,4.29,0,3412,20261005
672,BVN,Buenaventura Mining Company Inc.,Basic Materials,,2.022,43.5,50.8,38.9,0.58,-1.4,-9.1,-25.6,31.59,8.02,0,3412,20261005
673,SWK,Stanley Black & Decker  Inc. Common Stoc,Industrials,SP500,2.022,34.8,47.6,159.2,0.37,1.1,-7.1,-13.8,89.68,13.8,0,3412,20261005
674,NTCT,NetScout Systems  Inc. - Common Stock,Technology,,2.021,42.5,52.4,25.5,0.34,4.5,9.9,-8.1,41.2,2.86,0,3412,20261005
675,LB,LandBridge Company LLC Class A Shares Re,Energy,,2.021,53.0,52.4,18.8,0.5,3.5,-2.9,-6.7,83.58,2.48,0,3412,20261005
676,WMB,Williams Companies  Inc. (The) Common St,Energy,SP500,2.02,18.3,47.6,531.7,0.45,2.7,-4.4,-10.2,70.81,84.37,0,3412,20261005
677,TTE,TotalEnergies SE Ordinary Shares,Energy,,2.019,54.0,46.0,143.2,0.41,-6.6,-5.5,-9.9,84.37,200.82,0,3412,20261005
678,CENX,Century Aluminum Company - Common Stock,Basic Materials,,2.019,59.3,47.6,70.9,0.45,-1.2,-22.2,-46.3,36.94,3.56,0,3412,20261005
679,SAIA,Saia  Inc. - Common Stock,Industrials,,2.018,17.7,50.8,118.8,0.43,4.8,0.1,-28.9,346.14,8.63,0,3412,20261005
680,POWL,Powell Industries  Inc. - Common Stock,Industrials,,2.018,71.2,46.0,98.3,0.45,5.7,12.9,-38.5,197.84,6.98,0,3412,20261005
681,CFFI,C&F Financial Corporation - Common Stock,Financial Services,,2.018,45.7,60.3,7.1,1.25,5.0,5.1,0.0,99.46,0.32,0,3412,20261005
682,MEI,Methode Electronics  Inc. Common Stock,Technology,,2.018,101.1,52.4,8.6,0.53,9.5,0.5,-20.7,15.4,0.55,0,3412,20261005
683,VEON,VEON Ltd. - American Depositary Shares,Communication Services,,2.016,28.3,65.1,14.4,0.59,10.9,16.2,0.0,76.95,5.06,0,3412,20261005
684,LPLA,LPL Financial Holdings Inc. - Common Sto,Financial Services,,2.015,15.6,49.2,267.6,0.46,6.2,-7.9,-15.3,331.98,26.14,0,3412,20261005
685,MAMA,Mama's Creations  Inc. - Common Stock,Consumer Defensive,,2.013,53.8,54.0,11.7,0.57,-2.5,-19.7,-37.9,12.82,0.6,0,3412,20261005
686,PNFP,Pinnacle Financial Partners  Inc. Common,Financial Services,,2.013,11.3,52.4,108.1,0.45,2.7,-5.3,-11.9,96.02,14.19,0,3412,20261005
687,SGHT,Sight Sciences  Inc. - Common Stock,Healthcare,,2.013,153.2,55.6,2.6,0.64,-3.8,6.4,-4.7,8.92,0.49,0,3412,20261005
688,THC,Tenet Healthcare Corporation Common Stoc,Healthcare,,2.012,29.6,47.6,196.4,0.73,0.6,-1.5,-7.6,259.47,20.91,0,3412,20261005
689,UNP,Union Pacific Corporation Common Stock,Industrials,SP500,2.011,25.9,46.0,704.9,0.4,1.1,-4.2,-10.4,277.06,162.65,0,3412,20261005
690,AUR,Aurora Innovation  Inc.  - Class A Commo,Consumer Cyclical,,2.011,18.4,49.2,202.6,0.41,8.7,-9.0,-31.5,5.75,10.8,0,3412,20261005
691,SOLV,Solventum Corporation Common Stock,Healthcare,SP500,2.01,23.9,50.8,79.4,0.44,-1.7,-4.8,-4.8,88.03,15.24,0,3412,20261005
692,CARE,Carter Bankshares  Inc. - Common Stock,Financial Services,,2.01,68.0,54.0,8.1,0.42,3.0,-3.8,-14.5,30.55,0.66,0,3412,20261005
693,SND,Smart Sand  Inc. - Common Stock,Energy,,2.008,164.0,61.9,1.4,0.42,1.8,0.0,-8.1,5.35,0.22,0,3412,20261005
694,DNTH,Dianthus Therapeutics  Inc. - Common Sto,Healthcare,,2.008,192.0,44.4,88.8,0.5,0.2,-18.4,-24.1,88.04,4.94,0,3412,20261005
695,PCVX,Vaxcyte  Inc. - Common Stock,Healthcare,,2.007,52.4,46.0,139.1,1.34,26.7,20.7,0.0,73.82,8.47,0,3412,20261005
696,TTAN,ServiceTitan  Inc. - Class A Common Stoc,Technology,,2.007,-10.3,55.6,274.2,1.34,20.4,-22.5,-34.6,72.16,5.6,0,3412,20261005
697,WELL,Welltower Inc. Common Stock,Real Estate,SP500,2.006,38.9,44.4,615.2,0.41,-3.8,-7.0,-11.1,224.16,167.86,0,3412,20261005
698,GEF-B,Greif  Inc. Corporation Class B Common S,Consumer Cyclical,,2.004,78.2,52.4,10.6,0.52,0.6,-0.1,-5.4,107.51,4.03,0,3412,20261005
699,WNC,Wabash National Corporation Common Stock,Industrials,,2.004,52.5,54.0,11.4,1.03,10.6,-1.9,-2.2,13.99,0.52,0,3412,20261005
700,MRX,Marex Group Limited - Ordinary Shares,Financial Services,,2.004,154.0,46.0,55.7,0.36,5.5,-0.6,-3.9,75.21,5.15,0,3412,20261005
701,HLF,Herbalife Ltd. Common Shares,Consumer Defensive,,2.003,39.9,54.0,16.9,0.57,-0.8,2.7,-37.4,12.5,1.32,0,3412,20261005
702,FRSH,Freshworks Inc. - Class A Common Stock,Technology,,2.003,16.0,54.0,54.7,0.8,5.5,-1.0,-5.0,13.22,3.43,0,3412,20261005
703,OESX,Orion Energy Systems  Inc. - Common Stoc,Industrials,,2.003,181.7,55.6,2.3,1.16,-1.3,29.6,-2.2,30.05,0.12,0,3412,20261005
704,BSTZ,BlackRock Science and Technology Term Tr,Financial Services,,2.002,48.3,60.3,5.9,0.57,5.5,0.7,-2.2,31.0,2.02,0,3412,20261005
705,VLTO,Veralto Corp Common Stock,Industrials,SP500,2.002,-7.7,57.1,170.0,0.45,0.4,-1.3,-9.5,96.57,23.68,0,3412,20261005
706,CROX,Crocs  Inc. - Common Stock,Consumer Cyclical,,2.001,34.6,47.6,140.5,0.39,-3.4,1.9,-16.3,118.19,5.72,0,3412,20261005
707,EFXT,Enerflex Ltd Common Shares,Energy,,1.999,102.1,50.8,13.0,0.69,5.9,13.2,-11.6,25.02,3.11,0,3412,20261005
708,TPG,TPG Inc. - Class A Common Stock,Financial Services,,1.999,-1.3,55.6,126.0,0.45,2.3,-16.4,-33.7,44.5,7.4,0,3412,20261005
709,AROC,Archrock  Inc. Common Stock,Energy,,1.999,31.9,50.8,54.1,0.47,-1.5,-7.6,-28.2,30.1,5.26,0,3412,20261005
710,NSC,Norfolk Southern Corporation Common Stoc,Industrials,SP500,1.998,11.4,49.2,332.8,0.48,1.0,-3.5,-10.4,316.23,70.75,0,3412,20261005
711,NEO,NeoGenomics  Inc. - Common Stock,Healthcare,,1.998,94.4,47.6,40.9,0.73,-0.8,9.6,-3.9,19.13,2.36,0,3412,20261005
712,MTD,Mettler-Toledo International  Inc. Commo,Healthcare,SP500,1.997,4.3,50.8,303.9,0.53,-0.2,13.7,-0.2,1541.63,29.9,0,3412,20261005
713,TXNM,TXNM Energy  Inc. Common Stock,Utilities,,1.997,4.5,54.0,104.7,0.72,0.4,0.6,-1.6,58.51,6.44,0,3412,20261005
714,CLDX,Celldex Therapeutics  Inc. - Common Stoc,Healthcare,,1.997,52.3,47.6,72.5,1.31,3.5,-17.2,-27.4,32.59,2.55,0,3412,20261005
715,IRDM,Iridium Communications Inc - Common Stoc,Communication Services,,1.997,156.3,46.0,54.4,0.57,0.2,3.2,-13.1,48.44,5.19,0,3412,20261005
716,WSFS,WSFS Financial Corporation - Common Stoc,Financial Services,,1.997,48.1,50.8,29.7,0.35,1.2,-1.8,-6.0,77.34,3.93,0,3412,20261005
717,EGO,Eldorado Gold Corporation Ordinary Share,Basic Materials,,1.996,50.6,46.0,134.8,0.49,-3.9,-13.5,-23.3,37.9,9.81,0,3412,20261005
718,UFCS,United Fire Group  Inc - Common Stock,Financial Services,,1.995,87.6,52.4,8.5,0.44,2.5,-2.6,-2.6,54.65,1.37,0,3412,20261005
719,SIRI,SiriusXM Holdings Inc. - Common Stock,Communication Services,,1.994,36.4,47.6,121.3,0.35,1.4,-11.6,-19.3,26.31,8.72,0,3412,20261005
720,KDP,Keurig Dr Pepper Inc. - Common Stock,Consumer Defensive,SP500·NDX,1.994,30.9,46.0,347.8,0.29,-1.8,-6.1,-7.8,30.89,41.33,0,3412,20261005
721,AKAM,Akamai Technologies  Inc. - Common Stock,Technology,SP500,1.993,36.5,44.4,656.3,0.92,-0.9,1.4,-33.0,107.99,15.59,0,3412,20261005
722,LTC,LTC Properties  Inc. Common Stock,Real Estate,,1.993,21.5,55.6,29.1,0.41,-1.5,1.3,-2.5,42.43,2.29,0,3412,20261005
723,GEF,Greif Inc. Class A Common Stock,Consumer Cyclical,,1.992,44.4,50.8,32.7,0.46,0.5,-3.5,-9.0,82.05,4.64,0,3412,20261005
724,NEU,NewMarket Corp Common Stock,Basic Materials,,1.992,9.0,52.4,110.0,0.23,1.3,2.7,-3.9,924.35,8.18,0,3412,20261005
725,ERAS,Erasca  Inc. - Common Stock,Healthcare,,1.99,663.4,44.4,73.1,0.47,4.2,-9.5,-34.5,14.72,5.1,0,3412,20261005
726,BMO,Bank Of Montreal Common Stock,Financial Services,,1.99,36.9,47.6,116.4,0.76,-3.9,-7.0,-11.5,164.45,116.25,0,3412,20261005
727,RHI,Robert Half Inc. Common Stock,Industrials,,1.989,36.4,49.2,69.3,0.41,-6.6,-20.2,-24.3,34.32,3.78,0,3412,20261005
728,SCSC,ScanSource  Inc. - Common Stock,Technology,,1.989,32.1,55.6,16.3,0.57,5.6,5.4,-1.9,61.01,1.17,0,3412,20261005
729,VAC,Marriott Vacations Worldwide Corporation,Consumer Cyclical,,1.988,52.8,49.2,41.5,0.57,-2.5,2.7,-18.3,101.93,3.54,0,3412,20261005
730,PTC,PTC Inc. - Common Stock,Technology,SP500,1.987,-26.1,57.1,507.1,1.9,37.6,28.1,-6.6,192.26,14.91,0,3412,20261005
731,FOX,Fox Corporation - Class B Common Stock,Communication Services,SP500,1.987,9.3,54.0,72.1,0.6,0.3,-6.2,-15.5,56.7,23.16,0,3412,20261005
732,PANL,Pangaea Logistics Solutions Ltd. - Commo,Industrials,,1.987,69.4,57.1,3.7,0.36,6.5,2.9,-7.0,8.53,0.53,0,3412,20261005
733,XHR,Xenia Hotels & Resorts  Inc. Common Stoc,Real Estate,,1.986,37.1,54.0,17.2,0.54,-1.5,0.0,-16.8,18.15,1.7,0,3412,20261005
734,CB,Chubb Limited  Common Stock,Financial Services,SP500,1.985,24.5,46.0,558.8,0.42,-0.3,-5.1,-9.1,330.49,125.48,0,3412,20261005
735,RTX,RTX Corporation Common Stock,Industrials,SP500,1.985,23.1,46.0,760.7,0.37,-1.8,-8.8,-18.3,184.33,255.27,0,3412,20261005
736,ACN,Accenture plc Class A Ordinary Shares (I,Technology,SP500,1.985,-19.3,54.0,1325.3,0.59,11.8,1.0,-31.0,195.05,106.77,0,3412,20261005
737,NHC,National HealthCare Corporation Common S,Healthcare,,1.984,84.1,49.2,24.5,0.51,1.9,3.9,-2.7,230.37,3.52,0,3412,20261005
738,NPO,Enpro Inc. Common Stock,Industrials,,1.983,30.0,50.8,53.2,0.38,8.3,12.7,-14.0,332.86,6.47,0,3412,20261005
739,CR,Crane Company Common Stock,Industrials,,1.982,13.3,52.4,78.7,0.39,1.3,3.3,-7.3,209.61,11.93,0,3412,20261005
740,IOT,Samsara Inc. Class A Common Stock,Technology,,1.982,-1.0,52.4,252.7,0.57,11.8,9.4,-6.3,42.39,24.08,0,3412,20261005
741,COF,Capital One Financial Corporation Common,Financial Services,SP500,1.982,4.7,49.2,729.3,0.36,-0.7,-11.5,-23.5,195.14,118.45,0,3412,20261005
742,DIS,Walt Disney Company (The) Common Stock,Communication Services,SP500,1.982,-3.1,50.8,911.0,0.37,-1.9,-3.3,-9.9,103.61,174.97,0,3412,20261005
743,VPG,Vishay Precision Group  Inc. Common Stoc,Technology,,1.981,93.2,49.2,22.3,0.58,10.1,24.4,-47.9,78.06,0.81,0,3412,20261005
744,BLTE,Belite Bio  Inc - American Depositary Sh,Healthcare,,1.981,131.0,47.6,31.2,0.6,-4.1,-7.0,-17.8,159.18,6.84,0,3412,20261005
745,KRYS,Krystal Biotech  Inc. - Common Stock,Healthcare,,1.981,104.5,44.4,98.3,1.53,-0.7,-9.9,-11.5,334.85,9.91,0,3412,20261005
746,BOX,Box  Inc. Class A Common Stock,Technology,,1.98,10.6,52.4,91.4,0.44,12.8,-1.7,-1.7,35.34,4.59,0,3412,20261005
747,ASB,Associated Banc-Corp Common Stock,Financial Services,,1.98,24.5,50.8,65.9,0.47,0.2,-6.1,-9.5,29.02,5.42,0,3412,20261005
748,TAL,TAL Education Group American Depositary ,Consumer Defensive,,1.979,6.5,61.9,43.4,0.62,3.5,2.7,-4.6,12.31,6.66,0,3412,20261005
749,U,Unity Software Inc. Common Stock,Technology,,1.978,7.6,49.2,434.3,0.58,14.6,8.6,-7.7,45.68,18.29,0,3412,20261005
750,GDDY,GoDaddy Inc. Class A Common Stock,Technology,SP500,1.977,-22.7,61.9,264.5,0.69,6.4,-3.8,-27.3,99.74,12.28,0,3412,20261005
751,FDS,FactSet Research Systems Inc. Common Sto,Financial Services,SP500,1.977,13.0,49.2,252.4,0.42,3.3,-11.7,-11.8,276.44,9.87,0,3412,20261005
752,TOP,TOP Financial Group Limited - Class A Or,Financial Services,,1.976,137.3,58.7,1.4,0.55,2.9,2.5,-6.9,15.57,1.91,0,3412,20261005
753,EQT,EQT Corporation Common Stock,Energy,SP500,1.976,0.6,50.8,408.1,0.41,2.5,-8.1,-24.5,51.12,31.33,0,3412,20261005
754,MCHP,Microchip Technology Incorporated - Comm,Technology,SP500·NDX,1.975,13.5,47.6,621.9,0.33,4.5,11.5,-20.2,81.49,44.25,0,3412,20261005
755,FLOC,Flowco Holdings Inc. Class A Common Stoc,Energy,,1.975,43.6,54.0,12.5,0.45,-2.6,-13.8,-33.5,18.49,0.8,0,3412,20261005
756,TT,Trane Technologies plc,Industrials,SP500,1.975,5.6,49.2,523.7,0.46,4.1,5.7,-6.5,470.76,99.99,0,3412,20261005
757,ETSY,Etsy  Inc. Common Stock,Consumer Cyclical,,1.975,13.1,49.2,244.2,0.39,2.9,-13.6,-18.5,70.89,6.69,0,3412,20261005
758,CLDT,Chatham Lodging Trust (REIT) Common Shar,Real Estate,,1.974,101.7,54.0,3.9,0.39,2.9,5.6,-0.5,13.72,0.62,0,3412,20261005
759,MA,Mastercard Incorporated Common Stock,Financial Services,SP500,1.974,2.1,49.2,1566.3,0.29,-0.6,-3.6,-5.9,564.59,494.59,0,3412,20261005
760,NOG,Northern Oil and Gas  Inc. Common Stock,Energy,,1.974,14.0,54.0,53.2,0.34,3.5,-7.2,-19.0,24.03,2.47,0,3412,20261005
761,HSIC,Henry Schein  Inc. - Common Stock,Healthcare,SP500,1.972,37.6,47.6,102.1,0.38,-2.0,-7.3,-7.3,84.23,9.46,0,3412,20261005
762,CHCO,City Holding Company - Common Stock,Financial Services,,1.97,21.6,58.7,18.9,0.45,1.3,-2.2,-4.2,141.77,1.95,0,3412,20261005
763,HAL,Halliburton Company Common Stock,Energy,SP500,1.97,56.1,42.9,349.8,0.38,1.1,-12.1,-23.1,32.78,26.54,0,3412,20261005
764,SHO,Sunstone Hotel Investors  Inc. Sunstone ,Real Estate,,1.97,21.3,57.1,21.7,0.35,0.2,2.8,-4.5,11.32,2.08,0,3412,20261005
765,IFF,International Flavors & Fragrances  Inc.,Basic Materials,SP500,1.97,43.0,46.0,148.3,0.43,-2.9,-3.7,-5.5,83.26,21.03,0,3412,20261005
766,FITB,Fifth Third Bancorp Common Stock,Financial Services,SP500,1.968,27.4,46.0,344.2,0.38,-1.5,-7.6,-14.4,50.8,45.7,0,3412,20261005
767,BB,BlackBerry Limited Common Stock,Technology,,1.967,62.1,44.4,156.7,0.54,3.2,17.9,-29.1,9.08,5.12,0,3412,20261005
768,SIF,SIFCO Industries  Inc. Common Stock,Industrials,,1.967,202.3,58.7,1.1,1.11,2.6,8.7,-18.5,23.0,0.14,0,3412,20261005
769,VG,Venture Global  Inc. Class A common stoc,Energy,,1.967,5.7,50.8,210.0,0.31,4.3,-7.1,-23.2,13.45,31.55,0,3412,20261005
770,CASY,Caseys General Stores  Inc. - Common Sto,Consumer Cyclical,SP500,1.966,35.5,44.4,505.0,0.73,1.8,-18.6,-32.6,617.33,22.49,0,3412,20261005
771,RES,RPC  Inc. Common Stock,Energy,,1.966,41.7,54.0,12.9,0.39,6.5,-5.7,-23.3,6.1,1.31,0,3412,20261005
772,DCO,Ducommun Incorporated Common Stock,Industrials,,1.965,76.7,47.6,41.1,0.38,2.3,3.8,-16.5,172.85,2.6,0,3412,20261005
773,CEG,Constellation Energy Corporation - Commo,Utilities,SP500·NDX,1.965,-19.8,54.0,813.0,0.3,2.8,-6.1,-33.4,267.62,90.0,0,3412,20261005
774,ASND,Ascendis Pharma A/S - Ordinary Share,Healthcare,,1.965,34.9,46.0,216.4,0.63,-0.9,-15.9,-17.7,228.03,15.0,0,3412,20261005
775,GFS,GlobalFoundries Inc. - Ordinary Share,Technology,,1.964,24.8,47.6,184.0,0.33,1.6,9.1,-45.9,48.56,27.14,0,3412,20261005
776,PBI,Pitney Bowes Inc. Common Stock,Industrials,,1.963,59.8,49.2,31.3,0.48,2.6,-4.4,-9.2,16.81,2.24,0,3412,20261005
777,MDGL,Madrigal Pharmaceuticals  Inc. - Common ,Healthcare,,1.963,20.7,49.2,124.4,0.65,-4.5,-9.0,-18.1,493.62,11.4,0,3412,20261005
778,OUST,Ouster  Inc. - Common Stock,Technology,,1.963,26.2,49.2,90.0,0.33,7.9,23.1,-29.4,44.12,2.98,0,3412,20261005
779,FLNG,FLEX LNG Ltd. Ordinary Shares,Energy,,1.962,37.2,55.6,11.3,0.34,2.0,0.5,-3.4,31.41,1.69,0,3412,20261005
780,SAN,Banco Santander  S.A. Sponsored ADR (Spa,Financial Services,,1.962,50.0,46.0,112.6,0.84,-2.3,-7.6,-7.6,13.9,209.04,0,3412,20261005
781,CBRL,Cracker Barrel Old Country Store  Inc. -,Consumer Cyclical,,1.961,25.0,50.8,58.1,0.41,4.8,4.2,-4.6,56.32,1.18,0,3412,20261005
782,XPRO,Expro Ltd Ordinary Shares,Energy,,1.961,50.8,52.4,13.8,0.32,2.8,-6.3,-11.6,16.77,1.85,0,3412,20261005
783,PCG,Pacific Gas & Electric Co. Common Stock,Utilities,SP500,1.961,-9.9,52.4,528.6,0.84,3.3,-11.5,-35.0,12.35,36.99,0,3412,20261005
784,AVTR,Avantor  Inc. Common Stock,Healthcare,,1.96,10.3,50.8,137.4,0.57,3.4,4.1,-0.3,15.81,10.31,0,3412,20261005
785,GTLB,GitLab Inc. - Class A Common Stock,Technology,,1.96,6.1,50.8,191.8,0.75,11.4,4.4,0.0,51.5,8.29,0,3412,20261005
786,CHRW,C.H. Robinson Worldwide  Inc. - Common S,Industrials,SP500,1.96,10.0,49.2,271.5,0.75,-5.1,-3.7,-32.6,140.61,17.29,0,3412,20261005
787,NVAX,Novavax  Inc. - Common Stock,Healthcare,,1.96,8.3,54.0,68.0,0.78,16.3,21.5,0.0,12.56,1.74,0,3412,20261005
788,TPR,Tapestry  Inc. Common Stock,Consumer Cyclical,SP500,1.959,7.1,49.2,370.6,0.5,3.1,-4.6,-29.0,116.95,22.71,0,3412,20261005
789,UAL,United Airlines Holdings  Inc. - Common ,Industrials,SP500,1.958,14.6,47.6,443.8,0.28,-1.4,1.2,-19.2,110.0,37.0,0,3412,20261005
790,GHM,Graham Corporation Common Stock,Industrials,,1.958,49.7,52.4,14.2,0.65,3.7,5.3,-26.9,90.48,1.02,0,3412,20261005
791,PBA,Pembina Pipeline Corp. Ordinary Shares (,Energy,,1.956,25.2,50.8,55.9,0.46,2.4,-5.1,-10.2,46.11,26.42,0,3412,20261005
792,NESR,National Energy Services Reunited Corp -,Energy,,1.956,239.6,44.4,65.7,0.59,-19.2,-30.2,-33.7,24.08,3.31,0,3412,20261005
793,TWN,Taiwan Fund  Inc. (The) Common Stock,Financial Services,,1.955,110.0,55.6,2.1,0.54,4.0,3.7,0.0,106.18,0.59,0,3412,20261005
794,KF,Korea Fund  Inc. (The) New Common Stock,Financial Services,,1.953,114.5,57.1,1.5,0.53,4.4,6.3,-14.1,68.74,0.29,0,3412,20261005
795,ARCB,ArcBest Corporation - Common Stock,Industrials,,1.953,98.3,47.6,31.7,0.45,3.2,-4.5,-24.3,131.14,2.88,0,3412,20261005
796,ENLT,Enlight Renewable Energy Ltd. - Ordinary,Utilities,,1.952,146.2,49.2,14.3,0.49,-4.1,-14.9,-38.6,65.94,9.14,0,3412,20261005
797,AMTB,Amerant Bancorp Inc. Class A Common Stoc,Financial Services,,1.951,59.0,52.4,10.6,0.45,-0.2,-0.5,-4.1,29.25,1.14,0,3412,20261005
798,LGND,Ligand Pharmaceuticals Incorporated - Co,Healthcare,,1.95,60.9,46.0,79.7,0.42,-2.3,5.9,-4.9,306.77,6.12,0,3412,20261005
799,AVY,Avery Dennison Corporation Common Stock,Consumer Cyclical,SP500,1.95,8.8,50.8,144.6,0.96,-1.1,-1.8,-12.4,170.0,12.94,0,3412,20261005
800,RMBS,Rambus  Inc. - Common Stock,Technology,,1.948,-18.7,57.1,247.8,0.59,8.0,30.8,-35.4,110.3,11.41,0,3412,20261005
801,ACHV,Achieve Life Sciences  Inc.  - Common Sh,Healthcare,,1.948,160.5,49.2,13.5,0.45,-9.5,-15.6,-17.8,7.01,0.8,0,3412,20261005
802,NIC,Nicolet Bankshares Inc. Common Stock,Financial Services,,1.946,31.0,52.4,27.2,0.36,-1.3,-3.7,-7.8,164.62,3.45,0,3412,20261005
803,SMCI,Super Micro Computer  Inc. - Common Stoc,Technology,SP500,1.945,-27.9,54.0,1491.6,0.63,3.4,14.0,-26.4,43.19,27.98,0,3412,20261005
804,CADL,Candel Therapeutics  Inc. - Common Stock,Healthcare,,1.943,139.7,49.2,13.7,0.46,-8.6,-21.1,-25.6,10.23,0.76,0,3412,20261005
805,MO,Altria Group  Inc.,Consumer Defensive,SP500,1.943,11.1,47.6,546.3,0.34,-1.8,-2.3,-9.4,67.88,113.34,0,3412,20261005
806,SENEA,Seneca Foods Corp. - Class A Common Stoc,Consumer Defensive,,1.942,88.3,49.2,18.1,0.28,-2.7,-13.0,-14.3,177.66,1.24,0,3412,20261005
807,WDS,Woodside Energy Group Limited American D,Energy,,1.941,63.0,50.8,15.0,0.4,-1.4,-8.2,-12.1,21.77,42.0,0,3412,20261005
808,SF,Stifel Financial Corporation Common Stoc,Financial Services,,1.94,12.0,50.8,109.5,0.4,0.3,-14.2,-19.4,70.63,10.62,0,3412,20261005
809,KOD,Kodiak Sciences Inc - Common Stock,Healthcare,,1.94,170.7,38.1,292.2,3.12,4.3,158.0,-4.7,93.81,5.9,0,3412,20261005
810,VSTS,Vestis Corporation Common Stock,Industrials,,1.94,158.0,47.6,23.1,0.53,4.2,11.7,-15.1,14.01,1.78,0,3412,20261005
811,KEY,KeyCorp Common Stock,Financial Services,SP500,1.939,24.8,46.0,329.2,0.35,-1.1,-8.8,-15.1,20.18,21.53,0,3412,20261005
812,MHK,Mohawk Industries  Inc. Common Stock,Consumer Cyclical,,1.939,1.8,52.4,138.8,0.42,0.4,-5.1,-10.8,124.93,8.46,0,3412,20261005
813,MDT,Medtronic plc. Ordinary Shares,Healthcare,SP500,1.938,-0.1,49.2,1391.1,0.8,-1.7,-5.5,-14.4,87.97,112.53,0,3412,20261005
814,MLKN,MillerKnoll  Inc. - Common Stock,Consumer Cyclical,,1.937,32.6,54.0,15.7,0.39,1.8,-7.8,-15.0,20.64,1.42,0,3412,20261005
815,PAYX,Paychex  Inc. - Common Stock,Technology,SP500·NDX,1.937,4.7,49.2,399.0,0.46,0.5,-20.2,-21.6,99.78,36.16,0,3412,20261005
816,AMN,AMN Healthcare Services Inc,Healthcare,,1.936,70.9,49.2,22.2,0.42,7.5,10.3,0.0,36.84,1.35,0,3412,20261005
817,MYE,Myers Industries  Inc. Common Stock,Consumer Cyclical,,1.936,88.9,50.8,9.9,0.39,1.4,3.1,-13.1,31.92,1.2,0,3412,20261005
818,BLMN,Bloomin' Brands  Inc. - Common Stock,Consumer Cyclical,,1.934,34.4,52.4,21.9,0.64,4.7,-14.9,-30.1,8.28,0.66,0,3412,20261005
819,RHP,Ryman Hospitality Properties  Inc. (REIT,Real Estate,,1.931,40.4,47.6,72.2,0.68,-1.2,-1.3,-11.3,120.62,8.38,0,3412,20261005
820,PXS,Pyxis Tankers Inc. - Common Stock,Energy,,1.931,119.8,60.3,1.0,1.61,21.3,27.2,0.0,7.91,0.07,0,3412,20261005
821,ISRG,Intuitive Surgical  Inc. - Common Stock,Healthcare,SP500·NDX,1.931,-16.5,52.4,926.3,0.55,-2.0,9.9,-31.4,406.48,140.43,0,3412,20261005
822,WRB,W.R. Berkley Corporation Common Stock,Financial Services,SP500,1.93,-6.4,52.4,270.1,1.11,3.1,0.4,-8.7,69.77,25.12,0,3412,20261005
823,RIGL,Rigel Pharmaceuticals  Inc. - Common Sto,Healthcare,,1.929,72.5,50.8,11.8,0.49,-3.2,-1.5,-6.2,47.79,0.89,0,3412,20261005
824,ALB,Albemarle Corporation Common Stock,Basic Materials,SP500,1.929,52.1,42.9,290.3,0.37,-2.8,-21.0,-51.5,104.37,12.7,0,3412,20261005
825,ACNB,ACNB Corporation - Common Stock,Financial Services,,1.928,58.0,55.6,4.2,0.56,0.9,-2.8,-3.3,63.78,0.65,0,3412,20261005
826,LCUT,Lifetime Brands  Inc. - Common Stock,Consumer Cyclical,,1.928,137.5,55.6,1.4,0.45,-1.7,2.8,-8.5,9.06,0.21,0,3412,20261005
827,CM,Canadian Imperial Bank of Commerce Commo,Financial Services,,1.928,48.6,44.4,175.0,0.78,-1.6,-6.6,-10.8,110.32,100.04,0,3412,20261005
828,HIMX,Himax Technologies  Inc. - American depo,Technology,,1.927,59.2,50.8,15.1,0.47,5.4,8.5,-38.1,14.71,2.66,0,3412,20261005
829,ACGL,Arch Capital Group Ltd. - Common Stock,Financial Services,SP500,1.927,12.1,47.6,413.6,0.62,-0.6,-5.5,-11.4,94.36,32.38,0,3412,20261005
830,CTBI,Community Trust Bancorp  Inc. - Common S,Financial Services,,1.926,44.3,54.0,9.1,0.36,1.1,-1.8,-4.3,76.08,1.37,0,3412,20261005
831,AESI,Atlas Energy Solutions Inc. Common Stock,Energy,,1.926,16.9,52.4,48.5,0.53,3.4,-3.4,-35.6,12.72,1.54,0,3412,20261005
832,ANL,Adlai Nortye Group Ltd. - American Depos,Healthcare,,1.926,731.0,52.4,2.6,0.58,-2.3,2.0,-9.4,15.04,1.01,0,3412,20261005
833,NTNX,Nutanix  Inc. - Class A Common Stock,Technology,,1.926,-11.5,55.6,167.8,0.43,6.9,7.8,-3.7,73.41,18.85,0,3412,20261005
834,PLTR,Palantir Technologies Inc. - Class A Com,Technology,SP500·NDX,1.925,-2.4,49.2,4039.5,0.64,1.0,3.8,-8.6,189.4,462.81,0,3412,20261005
835,AVAH,Aveanna Healthcare Holdings Inc. - Commo,Healthcare,,1.925,57.5,47.6,45.9,0.59,-2.5,-9.3,-14.0,12.37,2.79,0,3412,20261005
836,RGLD,Royal Gold  Inc. - Common Stock,Basic Materials,,1.925,34.2,46.0,167.7,0.35,-2.8,-11.8,-22.9,233.64,21.39,0,3412,20261005
837,SFNC,Simmons First National Corporation - Com,Financial Services,,1.924,23.4,52.4,34.1,0.48,-0.5,-1.2,-5.8,22.71,3.36,0,3412,20261005
838,PUMP,ProPetro Holding Corp. Common Stock,Energy,,1.924,109.3,46.0,42.3,0.46,3.1,-14.7,-47.3,9.59,1.17,0,3412,20261005
839,NXPI,NXP Semiconductors N.V. - Common Stock,Technology,SP500·NDX,1.923,0.1,49.2,818.4,0.37,2.4,7.5,-27.0,241.97,59.37,0,3412,20261005
840,WOLF,Wolfspeed  Inc. Common Stock New,Technology,,1.923,8.7,52.4,75.6,0.49,21.6,24.9,-54.4,33.53,1.46,0,3412,20261005
841,CART,Maplebear Inc. - Common Stock,Consumer Cyclical,,1.923,31.6,46.0,193.9,0.46,5.4,-11.7,-11.8,45.67,10.23,0,3412,20261005
842,CRSR,Corsair Gaming  Inc. - Common Stock,Technology,,1.923,60.2,50.8,14.4,0.74,0.2,6.0,-5.7,13.53,1.5,0,3412,20261005
843,BBVA,Banco Bilbao Vizcaya Argentaria S.A. Com,Financial Services,,1.923,63.1,47.6,39.7,0.4,-6.5,-9.1,-9.1,26.94,157.59,0,3412,20261005
844,AMT,American Tower Corporation (REIT) Common,Real Estate,SP500,1.922,-4.3,50.8,460.6,0.36,-3.4,-8.7,-15.6,162.26,77.98,0,3412,20261005
845,FDX,FedEx Corporation Common Stock,Industrials,SP500,1.922,68.2,39.7,476.7,0.32,-0.2,-10.8,-14.8,289.13,67.94,0,3412,20261005
846,BNS,Bank Nova Scotia Halifax Pfd 3 Ordinary ,Financial Services,,1.921,47.3,44.4,176.6,0.59,-2.7,-4.9,-5.3,90.28,110.72,0,3412,20261005
847,AVIR,Atea Pharmaceuticals  Inc. - common stoc,Healthcare,,1.921,106.4,55.6,1.6,0.63,-1.3,-11.9,-16.6,5.13,0.42,0,3412,20261005
848,VST,Vistra Corp. Common Stock,Utilities,SP500,1.921,-28.5,54.0,780.7,0.43,5.0,0.5,-31.0,144.89,46.32,0,3412,20261005
849,SKY,Champion Homes  Inc. Common Stock,Consumer Cyclical,,1.919,11.0,54.0,46.2,0.4,-1.2,-0.4,-12.0,85.76,4.76,0,3412,20261005
850,ZS,Zscaler  Inc. - Common Stock,Technology,,1.917,-42.2,55.6,628.9,0.53,1.2,13.5,-40.0,201.8,32.51,0,3412,20261005
851,ULTA,Ulta Beauty  Inc. - Common Stock,Consumer Cyclical,SP500,1.916,-0.1,50.8,261.9,0.41,-1.2,-2.6,-23.2,542.72,23.44,0,3412,20261005
852,ONC,BeOne Medicines Ltd. - American Deposita,Healthcare,,1.915,5.1,50.8,150.5,0.41,-1.5,-0.3,-4.2,361.65,41.29,0,3412,20261005
853,BAP,Credicorp Ltd. Common Stock,Financial Services,,1.915,55.3,44.4,131.7,0.45,-2.0,-1.6,-6.0,378.07,30.5,0,3412,20261005
854,BWA,BorgWarner Inc. Common Stock,Consumer Cyclical,,1.915,49.8,44.4,154.4,0.38,-1.3,-8.3,-21.6,60.26,12.24,0,3412,20261005
855,CATY,Cathay General Bancorp - Common Stock,Financial Services,,1.914,34.1,50.8,31.3,0.43,-0.4,-3.4,-6.3,60.48,3.97,0,3412,20261005
856,ACLS,Axcelis Technologies  Inc. - Common Stoc,Technology,,1.914,18.0,52.4,43.2,0.33,14.8,28.9,-25.7,142.31,3.83,0,3412,20261005
857,SRRK,Scholar Rock Holding Corporation - Commo,Healthcare,,1.912,59.0,44.4,118.7,0.68,-11.7,-22.4,-27.7,43.4,5.92,0,3412,20261005
858,PNTG,The Pennant Group  Inc. - Common Stock,Healthcare,,1.911,50.7,50.8,16.4,0.65,-1.5,4.6,-5.1,40.3,1.38,0,3412,20261005
859,DASH,DoorDash  Inc. - Common Stock,Consumer Cyclical,SP500·NDX,1.911,-17.8,52.4,820.3,0.31,7.5,-13.6,-31.9,191.77,78.94,0,3412,20261005
860,DCI,Donaldson Company  Inc. Common Stock,Industrials,,1.91,11.0,52.4,62.5,0.43,2.0,-1.6,-18.5,89.19,10.17,0,3412,20261005
861,DOV,Dover Corporation Common Stock,Industrials,SP500,1.91,15.8,47.6,252.6,0.42,-0.1,0.1,-17.4,191.3,25.33,0,3412,20261005
862,BEKE,KE Holdings Inc American Depositary Shar,Real Estate,,1.91,-3.7,55.6,90.7,0.54,-2.7,-7.9,-15.8,16.5,18.26,0,3412,20261005
863,HRB,H&R Block  Inc. Common Stock,Consumer Cyclical,,1.91,4.3,52.4,92.9,0.54,4.1,-17.8,-21.8,42.0,5.11,0,3412,20261005
864,MS,Morgan Stanley Common Stock,Financial Services,SP500,1.909,42.2,41.3,1125.7,0.39,-1.8,-12.4,-16.8,190.19,311.58,0,3412,20261005
865,WULF,TeraWulf Inc. - Common Stock,Financial Services,,1.909,40.2,42.9,455.5,0.27,-2.2,-8.9,-49.0,14.79,7.54,0,3412,20261005
866,WK,Workiva Inc. Class A Common Stock,Technology,,1.909,-10.1,57.1,111.1,1.14,5.4,-8.5,-23.0,71.88,3.71,0,3412,20261005
867,PNRG,PrimeEnergy Resources Corporation - Comm,Energy,,1.908,35.1,52.4,17.5,0.49,1.4,-2.6,-23.1,209.67,0.33,0,3412,20261005
868,UNF,Unifirst Corporation Common Stock,Industrials,,1.908,65.3,44.4,102.1,0.68,-2.5,-8.1,-16.0,252.89,4.69,0,3412,20261005
869,STRZ,Starz Entertainment Corp. - Common Share,Communication Services,,1.907,83.8,50.8,8.8,0.79,7.1,-14.5,-23.8,23.03,0.36,0,3412,20261005
870,BST,BlackRock Science and Technology Trust C,Financial Services,,1.907,31.4,61.9,6.3,0.53,5.4,1.3,-1.6,50.52,1.73,0,3412,20261005
871,ODFL,Old Dominion Freight Line  Inc. - Common,Industrials,SP500·NDX,1.907,32.9,44.4,327.3,0.35,1.4,-3.4,-27.8,179.37,36.85,0,3412,20261005
872,RUM,RUM Group Inc. - Class A Common Stock,Communication Services,,1.906,22.3,50.8,50.8,0.85,-6.9,-18.4,-27.9,7.38,2.31,0,3412,20261005
873,J,Jacobs Solutions Inc. Common Stock,Industrials,SP500,1.906,-3.2,54.0,113.3,0.34,0.2,-6.0,-14.8,138.67,16.16,0,3412,20261005
874,GCBC,Greene County Bancorp  Inc. - Common Sto,Financial Services,,1.906,63.0,63.5,1.6,0.63,0.1,-2.1,-4.7,34.33,0.58,0,3412,20261005
875,AMR,Alpha Metallurgical Resources  Inc. Comm,Basic Materials,,1.906,29.4,49.2,58.2,0.36,-1.1,-20.1,-30.5,173.6,2.1,0,3412,20261005
876,TPC,Tutor Perini Corporation Common Stock,Industrials,,1.906,41.2,49.2,37.7,1.56,2.9,-1.0,-12.7,86.43,4.42,0,3412,20261005
877,GPRE,Green Plains  Inc. - Common Stock,Basic Materials,,1.903,62.8,49.2,21.1,0.52,2.4,1.3,-21.2,15.15,1.05,0,3412,20261005
878,PRSU,Pursuit Attractions and Hospitality  Inc,Consumer Cyclical,,1.903,33.4,54.0,12.5,0.5,5.3,8.9,-6.6,52.29,1.33,0,3412,20261005
879,NPK,National Presto Industries  Inc. Common ,Industrials,,1.903,26.4,54.0,16.9,0.43,3.8,4.9,-3.2,151.85,1.04,0,3412,20261005
880,EWBC,East West Bancorp  Inc. - Common Stock,Financial Services,,1.903,26.5,47.6,110.3,0.52,0.1,-2.9,-7.1,126.84,17.13,0,3412,20261005
881,MELI,MercadoLibre  Inc. - Common Stock,Consumer Cyclical,NDX,1.9,-11.4,50.8,1258.4,0.49,8.7,-6.6,-21.2,1860.61,94.33,0,3412,20261005
882,DSP,Viant Technology Inc. - common stock,Technology,,1.9,60.4,52.4,7.0,1.13,-0.8,-9.7,-13.8,12.14,0.27,0,3412,20261005
883,ARWR,Arrowhead Pharmaceuticals  Inc. - Common,Healthcare,,1.899,150.0,39.7,166.8,0.6,-4.8,-27.9,-30.4,62.35,9.36,0,3412,20261005
884,CRM,Salesforce  Inc. Common Stock,Technology,SP500,1.898,11.4,46.0,2804.6,0.56,1.1,-13.1,-13.2,229.79,194.8,0,3412,20261005
885,MMSI,Merit Medical Systems  Inc. - Common Sto,Healthcare,,1.898,7.4,54.0,52.3,0.5,0.2,-1.6,-6.5,87.14,5.2,0,3412,20261005
886,MMM,3M Company Common Stock,Industrials,SP500,1.898,7.9,47.6,506.5,0.41,-3.7,-3.0,-10.8,163.19,84.16,0,3412,20261005
887,IMVT,Immunovant  Inc.  - Common Stock,Healthcare,,1.898,133.8,44.4,55.9,0.43,-0.7,-15.0,-26.0,33.25,6.94,0,3412,20261005
888,WF,Woori Financial Group Inc. American Depo,Financial Services,,1.898,39.1,55.6,6.6,0.51,-4.5,-2.2,-10.4,75.68,19.46,0,3412,20261005
889,RUSHA,Rush Enterprises  Inc. - Class A Common ,Consumer Cyclical,,1.897,42.6,49.2,33.7,0.42,-0.8,-5.9,-14.5,47.16,5.6,0,3412,20261005
890,RAPP,Rapport Therapeutics  Inc. - Common Stoc,Healthcare,,1.897,67.0,49.2,19.1,0.53,-3.7,-32.4,-38.7,32.19,1.62,0,3412,20261005
891,MSA,MSA Safety Incorporated Common Stock,Industrials,,1.897,9.4,54.0,45.7,0.43,0.4,-2.4,-9.0,183.13,7.05,0,3412,20261005
892,RDVT,Red Violet  Inc. - Common Stock,Technology,,1.897,51.0,50.8,15.2,0.59,1.6,4.5,-0.4,79.89,1.27,0,3412,20261005
893,NWS,News Corporation - Class B Common Stock,Communication Services,SP500,1.895,8.0,55.6,38.5,0.58,-0.7,-7.8,-9.4,32.0,16.73,0,3412,20261005
894,ASYS,Amtech Systems  Inc. - Common Stock,Technology,,1.895,61.5,54.0,4.2,0.53,12.5,24.1,-25.7,17.83,0.29,0,3412,20261005
895,BGC,BGC Group  Inc. - Class A Common Stock,Financial Services,,1.895,32.6,49.2,49.0,0.44,3.7,0.4,-3.4,12.2,5.44,0,3412,20261005
896,ING,ING Group  N.V. Common Stock,Financial Services,,1.894,48.2,46.0,78.1,0.38,-4.4,-6.3,-6.7,34.77,99.0,0,3412,20261005
897,NGVT,Ingevity Corporation Common Stock,Basic Materials,,1.893,24.0,54.0,19.0,0.44,0.5,4.7,-6.1,73.14,2.47,0,3412,20261005
898,RCEL,Avita Medical  Inc. - Common Stock,Healthcare,,1.893,100.0,52.4,3.5,2.06,13.5,21.1,0.0,13.25,0.36,0,3412,20261005
899,NVRI,Enviri Corporation Common Stock,Industrials,,1.892,101.6,50.8,6.4,0.55,5.3,-12.5,-14.6,20.37,0.55,0,3412,20261005
900,VSEC,VSE Corporation - Common Stock,Industrials,,1.892,22.4,49.2,74.2,0.39,-3.7,-17.0,-30.9,168.13,4.9,0,3412,20261005
901,VVX,V2X  Inc. Common Stock,Industrials,,1.891,29.9,49.2,54.5,1.05,-3.9,-6.8,-22.0,70.87,2.31,0,3412,20261005
902,VECO,Veeco Instruments Inc. - Common Stock,Technology,,1.891,28.5,50.8,33.9,0.46,14.8,32.3,-32.2,56.31,3.04,0,3412,20261005
903,HWC,Hancock Whitney Corporation - Common Sto,Financial Services,,1.89,24.5,49.2,67.4,0.32,0.5,-2.6,-7.7,73.18,5.86,0,3412,20261005
904,IDXX,IDEXX Laboratories  Inc. - Common Stock,Healthcare,SP500·NDX,1.889,-16.5,54.0,252.3,0.41,-0.4,-0.4,-31.3,527.07,40.84,0,3412,20261005
905,TWIN,Twin Disc  Incorporated - Common Stock,Industrials,,1.889,67.3,55.6,2.3,0.41,8.5,25.9,0.0,28.72,0.38,0,3412,20261005
906,WOR,Worthington Enterprises  Inc. Common Sha,Industrials,,1.889,10.8,55.6,30.6,0.8,0.4,-0.2,-2.2,61.14,2.98,0,3412,20261005
907,IAG,Iamgold Corporation Ordinary Shares,Basic Materials,,1.887,57.6,44.4,107.5,0.51,-1.3,-11.9,-24.9,18.44,10.57,0,3412,20261005
908,SPOT,Spotify Technology S.A. Ordinary Shares,Communication Services,,1.887,-20.8,52.4,742.6,0.37,-2.9,-13.8,-30.2,483.05,104.87,0,3412,20261005
909,DJP,iPath Bloomberg Commodity Index Total Re,,,1.886,46.6,58.7,2.8,1.13,-0.3,-0.7,-3.7,51.61,,0,3412,20261005
910,BJRI,BJ's Restaurants  Inc. - Common Stock,Consumer Cyclical,,1.886,84.2,47.6,24.5,0.36,2.7,4.8,-17.0,61.66,1.27,0,3412,20261005
911,CECO,CECO Environmental Corp. - Common Stock,Industrials,,1.885,44.4,47.6,51.3,0.47,3.7,0.8,-24.8,74.96,4.08,0,3412,20261005
912,ED,Consolidated Edison  Inc. Common Stock,Utilities,SP500,1.885,15.1,47.6,226.0,0.29,0.5,-4.9,-9.0,103.38,38.28,0,3412,20261005
913,GFF,Griffon Corporation Common Stock,Industrials,,1.885,27.4,50.8,34.8,0.38,-2.1,-3.7,-12.1,94.09,4.22,0,3412,20261005
914,QLYS,Qualys  Inc. - Common Stock,Technology,,1.885,33.3,46.0,131.9,0.37,14.3,14.0,0.0,198.68,6.33,0,3412,20261005
915,ZION,Zions Bancorporation N.A. - Common Stock,Financial Services,,1.885,25.8,47.6,103.8,0.4,0.1,-8.7,-13.7,63.28,9.22,0,3412,20261005
916,CRS,Carpenter Technology Corporation Common ,Industrials,,1.884,89.7,38.1,302.6,0.69,1.8,-16.1,-36.6,392.2,19.02,0,3412,20261005
917,SON,Sonoco Products Company Common Stock,Consumer Cyclical,,1.884,26.4,49.2,58.6,0.36,-3.5,-8.5,-20.4,48.22,4.95,0,3412,20261005
918,HQY,HealthEquity  Inc. - Common Stock,Healthcare,,1.883,10.1,50.8,86.0,0.51,3.5,-7.3,-14.3,91.55,7.45,0,3412,20261005
919,ANGO,AngioDynamics  Inc. - Common Stock,Healthcare,,1.882,31.8,55.6,8.7,0.57,0.0,0.5,-3.7,15.54,0.66,0,3412,20261005
920,ENS,EnerSys Common Stock,Industrials,,1.88,57.2,44.4,104.0,0.48,8.5,7.2,-20.6,193.02,6.84,0,3412,20261005
921,TAP,Molson Coors Beverage Company Class B Co,Consumer Defensive,,1.88,-8.2,52.4,217.6,1.59,0.7,-10.0,-30.5,36.52,6.7,0,3412,20261005
922,CTAS,Cintas Corporation - Common Stock,Industrials,SP500·NDX,1.879,0.1,49.2,419.1,0.34,-2.6,-2.8,-9.5,195.4,78.15,0,3412,20261005
923,MD,Pediatrix Medical Group  Inc. Common Sto,Healthcare,,1.878,57.7,49.2,20.4,0.45,0.7,-2.9,-4.7,26.1,2.12,0,3412,20261005
924,CUE,Cue Biopharma  Inc. - Common Stock,Healthcare,,1.876,28.3,54.0,13.6,1.66,-11.3,-12.0,-35.6,24.36,0.18,0,3412,20261005
925,CDNS,Cadence Design Systems  Inc. - Common St,Technology,SP500·NDX,1.876,-12.2,50.8,818.6,0.36,8.2,15.9,-15.1,353.48,90.93,0,3412,20261005
926,TRNS,Transcat  Inc. - Common Stock,Industrials,,1.874,21.5,58.7,10.6,0.45,5.4,5.7,-7.4,90.57,0.82,0,3412,20261005
927,RF,Regions Financial Corporation Common Sto,Financial Services,SP500,1.874,20.9,46.0,269.6,0.34,-0.7,-11.1,-15.6,27.07,23.22,0,3412,20261005
928,ATEX,Anterix Inc. - Common Stock,Communication Services,,1.873,287.5,46.0,24.6,0.38,4.7,-1.7,-20.9,85.61,1.54,0,3412,20261005
929,PMTS,CPI Card Group Inc. - Common Stock,Financial Services,,1.873,87.3,50.8,6.5,1.51,-0.4,-13.8,-19.0,24.69,0.28,0,3412,20261005
930,KVUE,Kenvue Inc. Common Stock,Consumer Defensive,SP500,1.872,24.9,44.4,459.2,0.52,-2.7,-8.2,-12.3,17.39,33.4,0,3412,20261005
931,SXC,SunCoke Energy  Inc. Common Stock,Basic Materials,,1.872,28.2,55.6,9.7,0.56,3.1,-2.5,-6.0,9.94,0.81,0,3412,20261005
932,RCMT,RCM Technologies  Inc. - Common Stock,Industrials,,1.872,63.1,54.0,3.2,0.99,2.3,2.7,-1.0,41.59,0.29,0,3412,20261005
933,QSR,Restaurant Brands International Inc. Com,Consumer Cyclical,,1.871,21.8,46.0,250.1,0.7,-2.2,-12.9,-14.3,69.87,24.73,0,3412,20261005
934,COST,Costco Wholesale Corporation - Common St,Consumer Defensive,SP500·NDX,1.871,1.4,47.6,2173.8,0.33,0.1,-0.2,-15.6,923.52,403.52,0,3412,20261005
935,STK,Columbia Seligman Premium Technology Gro,Financial Services,,1.87,54.0,55.6,2.9,0.41,6.3,5.9,-3.3,55.29,0.94,0,3412,20261005
936,KFRC,Kforce  Inc. Common Stock,Industrials,,1.87,86.6,49.2,12.2,0.41,1.0,-4.0,-14.3,51.8,0.93,0,3412,20261005
937,ASST,Strive  Inc. - Class A Common Stock,Financial Services,,1.87,-49.6,60.3,251.8,0.7,4.3,12.8,-41.8,30.26,2.86,0,3412,20261005
938,W,Wayfair Inc. Class A Common Stock,Consumer Cyclical,,1.869,12.3,47.6,249.9,0.6,7.5,9.4,-10.9,106.05,13.02,0,3412,20261005
939,ACT,Enact Holdings  Inc. - Common Stock,Financial Services,,1.869,36.7,50.8,21.8,0.56,-2.3,-7.4,-8.4,45.87,6.45,0,3412,20261005
940,TGTX,TG Therapeutics  Inc. - Common Stock,Healthcare,,1.869,54.7,44.4,101.5,0.52,-4.1,-4.9,-8.7,53.91,8.79,0,3412,20261005
941,SIG,Signet Jewelers Limited Common Shares,Consumer Cyclical,,1.868,-16.4,57.1,120.2,0.74,-2.3,23.0,-4.4,100.89,3.92,0,3412,20261005
942,DRTS,Alpha Tau Medical Ltd. - Ordinary Shares,Healthcare,,1.868,232.3,49.2,7.1,0.66,-1.0,1.8,-3.9,14.89,1.31,0,3412,20261005
943,EDU,New Oriental Education & Technology Grou,Consumer Defensive,,1.867,10.2,54.0,36.5,0.57,0.8,-3.3,-10.3,56.31,8.62,0,3412,20261005
944,EPC,Edgewell Personal Care Company Common St,Consumer Defensive,,1.867,41.6,50.8,17.0,0.39,-5.4,-6.1,-9.8,26.75,1.23,0,3412,20261005
945,TDC,Teradata Corporation Common Stock,Technology,,1.865,31.0,49.2,45.1,0.59,4.8,3.9,-21.0,29.91,2.69,0,3412,20261005
946,DGP,DB Gold Double Long ETN due February 15 ,,,1.864,26.1,52.4,21.1,0.29,1.9,-12.1,-39.4,146.65,,0,3412,20261005
947,CIX,CompX International Inc. Common Stock,Industrials,,1.864,57.8,60.3,1.5,1.4,-1.7,6.4,-1.7,38.23,0.46,0,3412,20261005
948,LILAK,Liberty Latin America Ltd. - Class C Com,Communication Services,,1.864,54.9,50.8,11.4,0.44,4.5,1.0,-0.9,8.77,1.72,0,3412,20261005
949,DNOW,DNOW Inc. Common Stock,Industrials,,1.863,3.1,57.1,36.5,0.41,-1.5,0.6,-5.7,15.9,2.76,0,3412,20261005
950,GME,GameStop Corporation Common Stock,Consumer Cyclical,,1.861,-29.4,55.6,243.7,0.8,5.3,31.3,-4.9,25.24,12.16,0,3412,20261005
951,PKX,POSCO HOLDINGS INC. American Depositary ,Basic Materials,,1.86,30.0,54.0,11.4,0.41,0.7,-7.8,-36.5,58.23,16.96,0,3412,20261005
952,FRD,Friedman Industries Inc. - Common Stock,Basic Materials,,1.859,118.2,52.4,2.3,0.69,7.1,-7.0,-12.2,42.2,0.29,0,3412,20261005
953,TRLV,Trulieve Cannabis Corp. Subordinate Voti,Healthcare,,1.859,38.8,49.2,32.1,1.14,-13.7,-11.2,-18.1,10.65,2.35,0,3412,20261005
954,ANDE,The Andersons  Inc. - Common Stock,Consumer Defensive,,1.858,73.4,47.6,23.8,0.37,0.7,-3.7,-17.3,66.9,2.25,0,3412,20261005
955,LOGI,Logitech International S.A. - Registered,Technology,,1.857,-9.7,58.7,71.9,0.58,1.0,-0.3,-20.0,101.38,14.52,0,3412,20261005
956,IDCC,InterDigital  Inc. - Common Stock,Technology,,1.856,-4.8,55.6,73.1,0.43,3.4,0.7,-14.1,338.19,8.65,0,3412,20261005
957,SHBI,Shore Bancshares  Inc. - Common Stock,Financial Services,,1.856,47.6,54.0,4.8,0.33,0.1,-2.0,-6.7,22.83,0.77,0,3412,20261005
958,BMRN,BioMarin Pharmaceutical Inc. - Common St,Healthcare,,1.855,19.5,47.6,126.1,0.42,-3.2,-13.4,-18.1,57.54,11.61,0,3412,20261005
959,SPXC,SPX Technologies  Inc. Common Stock,Industrials,,1.855,3.3,50.8,117.4,0.52,3.9,-8.8,-28.2,176.8,8.65,0,3412,20261005
960,ELAN,Elanco Animal Health Incorporated Common,Healthcare,,1.855,19.3,47.6,127.1,0.62,0.3,-7.8,-16.1,22.51,10.87,0,3412,20261005
961,IHG,Intercontinental Hotels Group American D,Consumer Cyclical,,1.854,32.2,50.8,24.1,0.39,-1.0,-0.8,-8.0,159.51,23.63,0,3412,20261005
962,AZTA,Azenta  Inc. - Common Stock,Healthcare,,1.854,-1.0,65.1,36.8,0.58,24.8,37.0,0.0,42.73,1.5,0,3412,20261005
963,OBK,Origin Bancorp  Inc. Common Stock,Financial Services,,1.854,61.0,50.8,9.1,0.26,0.2,-2.3,-3.3,53.12,1.63,0,3412,20261005
964,AHR,American Healthcare REIT  Inc. Common St,Real Estate,,1.854,37.0,44.4,174.5,0.65,-2.8,-9.5,-12.6,50.47,11.31,0,3412,20261005
965,INBX,Inhibrx Biosciences  Inc. - Common Stock,Healthcare,,1.853,248.7,44.4,38.9,0.71,-7.0,-22.7,-33.3,94.56,1.43,0,3412,20261005
966,ITW,Illinois Tool Works Inc. Common Stock,Industrials,SP500,1.853,6.2,47.6,374.2,0.42,-3.5,-2.7,-11.1,264.19,74.88,0,3412,20261005
967,HLT,Hilton Worldwide Holdings Inc. Common St,Consumer Cyclical,SP500,1.853,21.7,44.4,518.3,0.36,-1.3,0.6,-9.7,316.12,71.88,0,3412,20261005
968,LILA,Liberty Latin America Ltd. - Class A Com,Communication Services,,1.853,59.2,54.0,3.1,0.44,3.8,0.5,-0.8,8.81,1.73,0,3412,20261005
969,CTKB,Cytek Biosciences  Inc. - Common Stock,Healthcare,,1.852,28.8,55.6,8.1,0.55,6.1,29.6,0.0,6.09,0.76,0,3412,20261005
970,DOCU,DocuSign  Inc. - Common Stock,Technology,,1.851,-3.1,50.8,213.7,0.39,4.6,6.2,-4.3,70.03,13.03,0,3412,20261005
971,NKSH,National Bankshares  Inc. - Common Stock,Financial Services,,1.85,51.3,66.7,1.4,0.45,1.0,2.7,-0.8,42.97,0.26,0,3412,20261005
972,MTN,Vail Resorts  Inc. Common Stock,Consumer Cyclical,,1.847,-6.8,52.4,152.6,0.55,0.9,2.4,-12.9,139.3,4.99,0,3412,20261005
973,PRM,Perimeter Solutions  SA Common Stock,Basic Materials,,1.847,46.3,47.6,39.3,0.64,0.7,-12.4,-25.7,28.07,4.59,0,3412,20261005
974,CAC,Camden National Corporation - Common Sto,Financial Services,,1.847,56.2,52.4,5.6,0.33,-0.7,-1.0,-4.7,56.98,0.94,0,3412,20261005
975,AGI,Alamos Gold Inc. Class A Common Shares,Basic Materials,,1.847,9.8,49.2,125.3,0.4,-1.3,-14.3,-41.5,32.31,13.7,0,3412,20261005
976,BKH,Black Hills Corporation Common Stock,Utilities,,1.846,27.4,47.6,75.7,0.36,1.1,-3.8,-6.5,70.48,5.36,0,3412,20261005
977,CBLL,CeriBell  Inc. - Common Stock,Healthcare,,1.846,108.0,49.2,8.5,0.66,1.4,1.2,-0.7,24.86,0.94,0,3412,20261005
978,CASS,Cass Information Systems  Inc - Common S,Industrials,,1.846,46.0,54.0,4.7,0.42,-0.2,-2.8,-7.0,54.15,0.68,0,3412,20261005
979,VTR,Ventas  Inc. Common Stock,Real Estate,SP500,1.846,34.8,42.9,346.4,0.59,-6.5,-11.7,-19.1,81.36,44.65,0,3412,20261005
980,ONON,On Holding AG Class A Ordinary Shares,Consumer Cyclical,,1.846,-33.1,54.0,359.7,0.9,6.3,12.4,-37.0,31.88,10.08,0,3412,20261005
981,BDSX,Biodesix  Inc. - Common Stock,Healthcare,,1.846,243.8,50.8,3.0,0.58,-4.5,9.8,-5.0,29.06,0.31,0,3412,20261005
982,NWL,Newell Brands Inc. - Common Stock,Consumer Defensive,,1.845,24.5,50.8,32.9,0.74,0.7,-9.7,-13.6,5.48,2.42,0,3412,20261005
983,TYRA,Tyra Biosciences  Inc. - Common Stock,Healthcare,,1.845,85.7,46.0,33.6,1.01,-2.4,-15.8,-47.2,20.93,1.5,0,3412,20261005
984,PLAB,Photronics  Inc. - Common Stock,Technology,,1.845,14.6,54.0,25.5,0.93,1.9,10.3,-43.5,31.07,1.76,0,3412,20261005
985,KRNY,Kearny Financial - Common Stock,Financial Services,,1.844,60.8,52.4,4.7,0.5,1.1,-7.9,-8.5,9.27,0.59,0,3412,20261005
986,ABT,Abbott Laboratories Common Stock,Healthcare,SP500,1.843,-16.9,50.8,923.2,0.53,-0.9,-8.0,-24.4,100.1,174.73,0,3412,20261005
987,GL,Globe Life Inc. Common Stock,Financial Services,SP500,1.842,27.6,47.6,74.0,0.5,-0.5,-6.0,-10.8,165.92,12.88,0,3412,20261005
988,UVE,UNIVERSAL INSURANCE HOLDINGS INC Common ,Financial Services,,1.842,71.5,50.8,6.6,0.39,3.2,-2.5,-3.1,43.66,1.17,0,3412,20261005
989,MCRI,Monarch Casino & Resort  Inc. - Common S,Consumer Cyclical,,1.841,15.5,54.0,23.7,0.5,0.8,-2.0,-11.5,118.17,2.12,0,3412,20261005
990,APD,Air Products and Chemicals  Inc. Common ,Basic Materials,SP500,1.84,14.7,46.0,349.6,0.4,0.3,-8.1,-11.1,279.45,62.17,0,3412,20261005
991,RNR,RenaissanceRe Holdings Ltd. Common Stock,Financial Services,,1.84,32.5,46.0,105.5,0.41,-0.5,-4.3,-4.3,323.39,13.53,0,3412,20261005
992,BWFG,Bankwell Financial Group  Inc. - Common ,Financial Services,,1.839,55.1,52.4,5.4,0.44,-0.0,0.0,-3.5,66.15,0.52,0,3412,20261005
993,HBAN,Huntington Bancshares Incorporated - Com,Financial Services,SP500,1.839,2.9,47.6,498.3,0.46,-0.1,-10.4,-19.1,15.29,30.97,0,3412,20261005
994,TTEK,Tetra Tech  Inc. - Common Stock,Industrials,,1.839,8.4,50.8,77.0,0.43,-1.7,-8.2,-21.4,33.33,8.68,0,3412,20261005
995,UNH,UnitedHealth Group Incorporated Common S,Healthcare,SP500,1.839,15.7,44.4,1930.8,0.4,0.2,-5.6,-13.2,378.58,338.03,0,3412,20261005
996,GOLD,Gold.com  Inc. Common Stock,Financial Services,,1.839,59.5,47.6,27.5,0.65,-2.8,0.4,-34.5,41.64,1.23,0,3412,20261005
997,GNW,Genworth Financial Inc Common Stock,Financial Services,,1.838,16.6,50.8,47.4,0.54,2.2,-7.6,-9.5,9.59,3.52,0,3412,20261005
998,FNKO,Funko  Inc. - Class A Common Stock,Consumer Cyclical,,1.838,81.2,50.8,5.5,0.62,11.2,6.7,-14.5,6.07,0.31,0,3412,20261005
999,GWRE,Guidewire Software  Inc. Common Stock,Technology,,1.838,-12.2,52.4,218.7,0.49,12.4,-19.5,-35.8,163.23,12.48,0,3412,20261005
1000,FCEL,FuelCell Energy  Inc. - Common Stock,Industrials,,1.837,69.0,42.9,100.2,0.48,12.0,23.2,-49.8,18.07,1.32,0,3412,20261005
1001,PLPC,Preformed Line Products Company - Common,Industrials,,1.837,97.6,46.0,29.2,0.36,-0.1,6.0,-13.5,416.1,2.1,0,3412,20261005
1002,EBC,Eastern Bankshares  Inc. - Common Stock,Financial Services,,1.836,23.5,49.2,54.7,0.54,0.5,-3.8,-10.2,21.24,4.82,0,3412,20261005
1003,ESP,Espey Mfg. & Electronics Corp. Common St,Industrials,,1.835,60.3,54.0,2.6,0.87,-5.5,-1.0,-13.9,61.91,0.18,0,3412,20261005
1004,BTX,BlackRock Technology and Private Equity ,Financial Services,,1.835,37.0,57.1,3.7,0.58,5.9,6.3,0.0,9.38,1.05,0,3412,20261005
1005,LMT,Lockheed Martin Corporation Common Stock,Industrials,SP500,1.834,9.5,46.0,643.0,0.39,-2.2,-4.9,-24.2,506.63,116.93,0,3412,20261005
1006,BOTJ,Bank of the James Financial Group  Inc. ,Financial Services,,1.834,80.8,55.6,1.2,0.59,0.5,-0.5,-2.9,27.34,0.12,0,3412,20261005
1007,VIK,Viking Holdings Ltd Ordinary Shares,Consumer Cyclical,,1.834,40.2,41.3,395.7,0.57,2.2,-5.3,-25.2,81.03,35.87,0,3412,20261005
1008,OSK,Oshkosh Corporation (Holding Company)Com,Industrials,,1.834,22.1,47.6,94.6,0.52,-0.1,-15.2,-25.1,132.67,8.04,0,3412,20261005
1009,ALRM,Alarm.com Holdings  Inc. - Common Stock,Technology,,1.833,8.5,55.6,26.4,0.3,4.6,-0.9,-2.4,56.24,2.64,0,3412,20261005
1010,RRBI,Red River Bancshares  Inc. - Common Stoc,Financial Services,,1.832,64.8,50.8,7.0,0.43,3.2,-0.5,-0.5,102.97,0.66,0,3412,20261005
1011,ALLY,Ally Financial Inc. Common Stock,Financial Services,,1.832,14.6,47.6,155.6,0.42,-1.5,-13.7,-20.4,37.63,11.5,0,3412,20261005
1012,MCB,Metropolitan Bank Holding Corp. Common S,Financial Services,,1.831,25.6,54.0,11.8,0.57,-0.1,-3.8,-12.6,88.54,1.1,0,3412,20261005
1013,BAM,Brookfield Asset Management Inc Class A ,Financial Services,,1.831,-7.9,52.4,149.2,0.39,0.5,-11.1,-20.9,44.73,71.83,0,3412,20261005
1014,PEO,Adams Natural Resources Fund  Inc. Commo,Financial Services,,1.831,45.1,61.9,1.7,0.46,1.3,-4.1,-5.1,28.07,0.79,0,3412,20261005
1015,MBX,MBX Biosciences  Inc. - Common Stock,Healthcare,,1.83,266.7,44.4,33.7,0.47,1.7,-4.7,-17.2,58.54,2.82,0,3412,20261005
1016,GLSI,Greenwich LifeSciences  Inc. - Common st,Healthcare,,1.829,46.8,57.1,2.1,0.71,-9.0,8.2,-49.6,16.91,0.25,0,3412,20261005
1017,PACS,PACS Group  Inc. Common Stock,Healthcare,,1.829,204.8,44.4,34.6,0.38,-0.8,-0.8,-11.8,42.71,6.56,0,3412,20261005
1018,PEBO,Peoples Bancorp Inc. - Common Stock,Financial Services,,1.828,38.9,50.8,15.4,0.63,-5.1,-6.4,-12.1,37.11,1.4,0,3412,20261005
1019,VNOM,Viper Energy  Inc.  - Class A Common Sto,Energy,,1.828,22.9,47.6,87.4,0.47,0.8,-9.0,-18.6,40.87,7.96,0,3412,20261005
1020,MGNI,Magnite  Inc. - Common Stock,Communication Services,,1.826,22.4,49.2,54.7,0.59,6.7,1.3,-2.8,24.96,3.58,0,3412,20261005
1021,EVRG,Evergy  Inc. - Common Stock,Utilities,SP500,1.826,11.4,47.6,189.1,0.28,1.5,-3.5,-9.5,79.09,18.17,0,3412,20261005
1022,PYPL,PayPal Holdings  Inc. - Common Stock,Financial Services,SP500·NDX,1.825,-16.9,50.8,627.0,0.83,0.2,-4.0,-27.7,54.41,45.0,0,3412,20261005
1023,OMF,OneMain Holdings  Inc. Common Stock,Financial Services,,1.825,21.0,49.2,57.5,0.36,0.0,-12.9,-18.2,56.24,6.59,0,3412,20261005
1024,SBUX,Starbucks Corporation - Common Stock,Consumer Cyclical,SP500·NDX,1.825,25.1,42.9,697.7,0.41,-0.9,-10.8,-13.0,94.43,108.14,0,3412,20261005
1025,BRUN,Boost Run Inc. - Class A Common Stock,Technology,,1.825,46.0,47.6,34.9,0.55,-11.8,-15.4,-63.4,14.33,1.31,0,3412,20261005
1026,CIFR,Cipher Digital Inc. - Common Stock,Technology,,1.824,25.8,42.9,600.4,0.31,-7.5,-10.9,-46.9,15.48,6.57,0,3412,20261005
1027,HG,Hamilton Insurance Group  Ltd. Class B C,Financial Services,,1.823,60.0,49.2,14.0,0.34,2.8,-5.4,-8.4,34.16,3.37,0,3412,20261005
1028,ECHO,EchoStar Corporation - Common stock,Communication Services,SP500,1.823,13.7,46.0,334.5,0.45,10.1,9.4,-30.7,98.21,25.66,0,3412,20261005
1029,LQDT,Liquidity Services  Inc. - Common Stock,Consumer Cyclical,,1.822,49.6,50.8,10.2,0.48,-0.3,6.7,-1.0,43.22,1.35,0,3412,20261005
1030,MTG,MGIC Investment Corporation Common Stock,Financial Services,,1.822,15.3,49.2,77.4,0.56,-4.3,-13.8,-13.8,27.12,6.01,0,3412,20261005
1031,FCFS,FirstCash Holdings  Inc. - Common Stock,Financial Services,,1.822,51.5,44.4,82.6,0.51,-2.6,-5.6,-10.6,211.33,9.03,0,3412,20261005
1032,MTB,M&T Bank Corporation Common Stock,Financial Services,SP500,1.821,26.2,44.4,252.8,0.34,-1.0,-9.1,-13.5,218.26,31.71,0,3412,20261005
1033,IOSP,Innospec Inc. - Common Stock,Basic Materials,,1.82,21.3,52.4,21.8,0.43,-0.2,4.9,-1.1,97.65,2.4,0,3412,20261005
1034,MBIN,Merchants Bancorp - Common Stock,Financial Services,,1.82,65.8,49.2,12.3,0.81,-3.5,-5.5,-10.8,49.72,2.28,0,3412,20261005
1035,LAD,Lithia Motors  Inc. Common Stock,Consumer Cyclical,,1.82,18.8,47.6,107.5,0.8,-0.0,-20.0,-29.1,303.0,6.66,0,3412,20261005
1036,IDYA,IDEAYA Biosciences  Inc. - Common Stock,Healthcare,,1.819,46.9,47.6,33.2,0.49,-0.4,-4.8,-10.4,38.06,3.6,0,3412,20261005
1037,CSW,CSW Industrials  Inc. Common Stock,Industrials,,1.819,19.1,50.8,38.3,0.4,2.2,-1.2,-14.0,301.99,4.76,0,3412,20261005
1038,CZFS,Citizens Financial Services  Inc. - Comm,Financial Services,,1.818,50.1,54.0,3.2,0.74,-1.1,-4.9,-5.0,79.52,0.38,0,3412,20261005
1039,TRP,TC Energy Corporation Common Stock,Energy,,1.817,18.1,46.0,218.4,0.65,1.4,-5.4,-15.7,59.48,61.24,0,3412,20261005
1040,EL,Estee Lauder Companies  Inc. (The) Commo,Consumer Defensive,SP500,1.817,15.2,46.0,279.3,0.58,-2.4,-7.5,-21.2,93.3,32.68,0,3412,20261005
1041,PLBC,Plumas Bancorp - Common Stock,Financial Services,,1.816,51.3,54.0,3.0,0.39,-0.9,-1.5,-2.8,61.76,0.43,0,3412,20261005
1042,NWPX,NWPX Infrastructure  Inc. - Common Stock,Basic Materials,,1.816,108.1,47.6,13.3,0.47,2.4,-4.3,-29.6,105.6,0.99,0,3412,20261005
1043,MYRG,MYR Group  Inc. - Common Stock,Industrials,,1.816,39.8,46.0,69.4,0.37,5.8,6.5,-39.6,302.65,4.6,0,3412,20261005
1044,FMAO,Farmers & Merchants Bancorp  Inc. - Comm,Financial Services,,1.815,48.4,57.1,1.8,0.67,1.2,0.5,-1.2,35.37,0.48,0,3412,20261005
1045,VMI,Valmont Industries  Inc. Common Stock,Industrials,,1.814,21.5,47.6,87.5,0.41,1.9,0.4,-18.2,476.85,9.01,0,3412,20261005
1046,FTK,Flotek Industries  Inc. Common Stock,Energy,,1.814,56.4,49.2,14.6,0.81,4.4,25.0,-23.6,29.67,1.08,0,3412,20261005
1047,PRCH,Porch Group  Inc. - Common Stock,Financial Services,,1.813,7.5,55.6,25.4,0.57,3.1,-3.9,-3.9,17.35,1.87,0,3412,20261005
1048,CTOS,Custom Truck One Source  Inc. Common Sto,Industrials,,1.813,39.9,52.4,7.8,0.38,6.1,10.5,-17.5,9.88,2.16,0,3412,20261005
1049,TEL,TE Connectivity plc Ordinary Shares,Technology,SP500,1.811,-4.3,49.2,377.2,0.49,2.0,4.5,-11.1,218.93,63.28,0,3412,20261005
1050,APPS,Digital Turbine  Inc. - Common Stock,Technology,,1.811,69.2,46.0,34.0,0.78,-0.1,3.0,-22.1,11.21,1.41,0,3412,20261005
1051,PINS,Pinterest  Inc. Class A Common Stock,Communication Services,,1.811,-34.6,54.0,286.2,0.49,9.0,-3.8,-43.1,20.06,10.6,0,3412,20261005
1052,BRKRP,Bruker Corporation - 6.375% Mandatory Co,Healthcare,,1.811,59.9,52.4,3.8,1.47,-0.7,6.4,-1.1,466.08,,0,3412,20261005
1053,PLMR,Palomar Holdings  Inc. - Common stock,Financial Services,,1.81,21.6,50.8,32.0,0.39,3.5,-6.5,-12.0,127.34,3.31,0,3412,20261005
1054,AYI,Acuity Inc. Common Stock,Industrials,,1.809,-7.6,52.4,125.8,0.56,-0.3,-7.2,-19.1,304.84,9.24,0,3412,20261005
1055,OFG,OFG Bancorp Common Stock,Financial Services,,1.809,26.3,52.4,14.9,0.52,-0.4,-3.5,-5.5,50.97,2.18,0,3412,20261005
1056,CPB,The Campbell's Company - Common Stock,Consumer Defensive,,1.809,-26.4,55.6,152.3,0.66,-3.7,-12.8,-36.5,19.3,5.81,0,3412,20261005
1057,BJ,BJ's Wholesale Club Holdings  Inc. Commo,Consumer Defensive,,1.808,2.4,49.2,177.0,0.45,-3.1,0.7,-8.7,93.8,12.06,0,3412,20261005
1058,COR,Cencora  Inc. Common Stock,Healthcare,SP500,1.807,10.1,46.0,414.3,0.41,3.7,-6.6,-15.5,314.93,57.3,0,3412,20261005
1059,OBT,Orange County Bancorp  Inc. - Common Sto,Financial Services,,1.807,58.7,54.0,2.3,0.49,-0.3,-1.7,-3.7,37.58,0.5,0,3412,20261005
1060,DCOM,Dime Commercial Bancshares  Inc. Common ,Financial Services,,1.807,40.7,50.8,12.7,0.45,-0.2,-3.5,-5.3,39.51,1.75,0,3412,20261005
1061,WTBA,West Bancorporation - Common Stock,Financial Services,,1.806,48.0,57.1,1.7,0.51,1.7,1.5,-2.1,29.45,0.49,0,3412,20261005
1062,RL,Ralph Lauren Corporation Common Stock,Consumer Cyclical,SP500,1.806,7.6,47.6,231.9,0.32,2.3,6.2,-11.5,365.54,21.28,0,3412,20261005
1063,MRAM,Everspin Technologies  Inc. - Common Sto,Technology,,1.805,52.3,49.2,15.0,0.41,0.5,15.0,-58.6,18.22,0.44,0,3412,20261005
1064,INCY,Incyte Corporation - Common Stock,Healthcare,SP500,1.804,48.4,41.3,204.1,0.49,-8.6,-10.8,-12.2,114.13,23.37,0,3412,20261005
1065,ACAD,ACADIA Pharmaceuticals Inc. - Common Sto,Healthcare,,1.804,30.3,47.6,55.8,0.59,-2.0,-27.8,-34.2,20.11,3.54,0,3412,20261005
1066,CNR,Core Natural Resources  Inc. Common Stoc,Energy,,1.804,14.1,50.8,47.3,0.36,3.0,-6.6,-19.5,91.01,4.26,0,3412,20261005
1067,PHM,PulteGroup  Inc. Common Stock,Consumer Cyclical,SP500,1.803,-7.3,50.8,210.3,0.46,-4.3,-8.3,-19.7,113.98,22.51,0,3412,20261005
1068,BCAT,BlackRock Capital Allocation Term Trust ,Financial Services,,1.803,30.3,50.8,19.7,0.79,0.6,-15.0,-15.2,13.64,1.45,0,3412,20261005
1069,KGC,Kinross Gold Corporation Common Stock,Basic Materials,,1.803,27.1,44.4,204.7,0.35,-2.2,-25.4,-37.8,23.58,27.97,0,3412,20261005
1070,LDOS,Leidos Holdings  Inc. Common Stock,Technology,SP500,1.803,-30.8,55.6,163.8,0.36,-2.4,-9.8,-39.6,119.45,14.99,0,3412,20261005
1071,CCNE,CNB Financial Corporation - Common Stock,Financial Services,,1.802,49.1,52.4,5.0,0.32,0.5,-1.0,-4.2,34.01,0.99,0,3412,20261005
1072,BUSE,First Busey Corporation - Common Stock,Financial Services,,1.802,37.2,49.2,24.8,0.46,-0.8,-3.8,-6.6,29.51,2.41,0,3412,20261005
1073,GD,General Dynamics Corporation Common Stoc,Industrials,SP500,1.802,9.2,46.0,451.4,0.42,-0.7,-9.3,-16.2,331.72,90.02,0,3412,20261005
1074,DEO,Diageo plc Common Stock,Consumer Defensive,,1.802,-2.4,52.4,85.2,0.49,-2.6,-7.4,-17.0,83.97,46.95,0,3412,20261005
1075,AMAL,Amalgamated Financial Corp. - Common Sto,Financial Services,,1.802,86.5,47.6,14.7,0.7,1.0,-2.7,-6.6,47.73,1.4,0,3412,20261005
1076,NTB,Bank of N.T. Butterfield & Son Limited (,Financial Services,,1.8,47.4,50.8,9.4,0.34,-0.4,-4.0,-8.4,58.56,2.29,0,3412,20261005
1077,NWBI,Northwest Bancshares  Inc. - Common Stoc,Financial Services,,1.8,31.7,50.8,17.8,0.46,-0.5,-3.0,-6.1,15.04,2.2,0,3412,20261005
1078,CDE,Coeur Mining  Inc. Common Stock,Basic Materials,,1.8,15.3,44.4,657.8,0.32,-4.6,-21.2,-37.1,17.05,18.09,0,3412,20261005
1079,H,Hyatt Hotels Corporation Class A Common ,Consumer Cyclical,,1.8,14.1,47.6,131.0,0.35,-2.7,-5.2,-22.4,156.77,14.97,0,3412,20261005
1080,VCEL,Vericel Corporation - Common Stock,Healthcare,,1.8,28.4,50.8,20.9,0.32,2.1,1.5,-15.0,41.07,2.03,0,3412,20261005
1081,OLLI,Ollie's Bargain Outlet Holdings  Inc. - ,Consumer Defensive,,1.8,-43.0,58.7,143.6,0.5,1.5,17.9,-34.6,86.85,4.91,0,3412,20261005
1082,NVS,Novartis AG Common Stock,Healthcare,,1.8,28.3,42.9,347.6,0.67,-4.1,-13.6,-13.9,140.93,271.25,0,3412,20261005
1083,AVBP,ArriVent BioPharma  Inc. - Common Stock,Healthcare,,1.8,64.8,47.6,19.8,0.48,-2.9,-8.3,-18.1,28.46,1.46,0,3412,20261005
1084,RSKD,Riskified Ltd. Class A Ordinary Shares,Technology,,1.8,47.1,49.2,16.4,0.97,1.4,12.7,-1.5,7.81,1.03,0,3412,20261005
1085,RXO,RXO  Inc. Common Stock,Industrials,,1.798,25.2,47.6,66.7,1.29,42.2,43.2,-2.2,28.65,3.26,0,3412,20261005
1086,RBC,RBC Bearings Incorporated Common Stock,Industrials,,1.797,30.9,44.4,163.5,0.44,1.7,4.4,-21.0,512.58,15.95,0,3412,20261005
1087,EXK,Endeavour Silver Corporation Ordinary Sh,Basic Materials,,1.797,50.3,44.4,74.4,0.28,-4.0,-25.0,-39.1,8.6,2.53,0,3412,20261005
1088,TOL,Toll Brothers  Inc. Common Stock,Consumer Cyclical,,1.796,2.4,49.2,164.0,0.45,-0.8,-4.5,-18.2,135.38,12.66,0,3412,20261005
1089,CPA,Copa Holdings  S.A. Class A Common Stock,Industrials,,1.795,13.5,50.8,46.2,0.38,3.4,4.7,-12.6,135.51,5.41,0,3412,20261005
1090,HBT,HBT Financial  Inc. - Common Stock,Financial Services,,1.795,50.2,52.4,4.7,0.44,1.1,-0.1,-2.4,36.31,1.32,0,3412,20261005
1091,NATL,NCR Atleos Corporation Common Stock,Technology,,1.795,16.0,50.8,39.9,0.51,-0.5,-0.3,-5.5,45.5,3.38,0,3412,20261005
1092,ASA,ASA  Gold and Precious Metals Limited,Financial Services,,1.794,44.5,54.0,3.4,0.4,3.1,-13.9,-30.7,56.3,1.02,0,3412,20261005
1093,TFPM,Triple Flag Precious Metals Corp. Common,Basic Materials,,1.794,18.0,54.0,14.9,0.38,-1.1,-11.8,-25.9,30.48,6.63,0,3412,20261005
1094,BAR,GraniteShares Gold Trust Shares of Benef,,,1.794,15.9,57.1,10.6,0.48,0.4,-7.5,-23.4,40.74,,0,3412,20261005
1095,ENVA,Enova International  Inc. Common Stock,Financial Services,,1.793,104.0,41.3,76.5,0.72,4.7,-23.7,-32.9,178.0,4.27,0,3412,20261005
1096,CNX,CNX Resources Corporation Common Stock,Energy,,1.793,14.2,49.2,71.1,0.52,1.7,-14.6,-24.3,32.24,4.61,0,3412,20261005
1097,BMNR,BitMine Immersion Technologies  Inc. Com,Financial Services,,1.793,-53.2,52.4,996.8,0.36,-0.2,1.3,-57.6,26.79,15.94,0,3412,20261005
1098,OGC,OceanaGold Corporation Common Shares,Basic Materials,,1.791,41.3,49.2,19.9,0.65,-1.1,-13.4,-37.0,26.64,6.22,0,3412,20261005
1099,RY,Royal Bank Of Canada Common Stock,Financial Services,,1.791,45.8,41.3,207.8,0.45,-3.1,-8.2,-10.6,194.67,279.63,0,3412,20261005
1100,BGR,BlackRock Energy and Resources Trust,Financial Services,,1.79,38.7,60.3,1.8,0.4,0.1,-1.4,-3.7,17.13,0.43,0,3412,20261005
1101,LIN,Linde plc - Ordinary Shares,Basic Materials,SP500·NDX,1.79,4.1,46.0,1005.6,0.32,2.2,0.0,-11.5,482.38,222.37,0,3412,20261005
1102,SONO,Sonos  Inc. - Common Stock,Technology,,1.79,-3.8,58.7,37.2,0.52,-0.2,11.0,-6.4,17.94,2.15,0,3412,20261005
1103,SXT,Sensient Technologies Corporation Common,Basic Materials,,1.789,50.4,46.0,43.9,0.77,0.3,-5.2,-6.0,129.22,5.5,0,3412,20261005
1104,TRIN,Trinity Capital Inc. Common Stock,Financial Services,,1.789,32.7,50.8,15.9,0.39,-0.4,-5.0,-6.9,17.43,1.67,0,3412,20261005
1105,DLB,Dolby Laboratories Common Stock,Industrials,,1.789,-11.9,58.7,57.2,0.39,2.0,-4.1,-16.9,59.36,5.53,0,3412,20261005
1106,AEF,abrdn Emerging Markets ex-China Fund  In,Financial Services,,1.789,59.1,57.1,1.1,0.41,2.6,1.0,-3.1,9.74,0.39,0,3412,20261005
1107,HXL,Hexcel Corporation Common Stock,Industrials,,1.788,45.4,44.4,81.9,0.39,2.1,-7.1,-22.1,85.9,6.53,0,3412,20261005
1108,TEO,Telecom Argentina SA,Communication Services,,1.788,74.1,50.8,4.4,0.63,3.6,-3.5,-21.7,12.51,5.61,0,3412,20261005
1109,BRK-A,Berkshire Hathaway Inc. Common Stock,Financial Services,,1.788,2.5,49.2,150.5,0.47,0.3,-0.9,-4.7,756376.0,1066.08,0,3412,20261005
1110,BPRN,Princeton Bancorp  Inc. - Common Stock,Financial Services,,1.787,45.6,58.7,1.4,0.49,-0.1,0.1,-1.0,43.44,0.29,0,3412,20261005
1111,XPO,XPO  Inc. Common Stock,Industrials,,1.787,45.7,41.3,203.0,0.34,3.5,-1.0,-19.9,182.86,20.68,0,3412,20261005
1112,EME,EMCOR Group  Inc. Common Stock,Industrials,SP500,1.787,12.4,46.0,274.8,0.37,1.8,5.1,-17.4,779.2,33.92,0,3412,20261005
1113,ACHC,Acadia Healthcare Company  Inc. - Common,Healthcare,,1.787,6.6,52.4,42.7,0.59,3.4,1.7,-18.9,28.87,2.6,0,3412,20261005
1114,AMWL,American Well Corporation Class A Common,Healthcare,,1.786,116.5,52.4,1.3,0.73,-5.4,-4.0,-8.3,12.72,0.22,0,3412,20261005
1115,PLUS,ePlus inc. - Common Stock,Technology,,1.786,26.2,50.8,21.4,0.49,4.0,2.4,-3.9,93.02,2.38,0,3412,20261005
1116,GS,Goldman Sachs Group  Inc. (The) Common S,Financial Services,SP500,1.786,35.8,38.1,2050.9,0.31,-2.5,-13.9,-22.1,893.46,261.08,0,3412,20261005
1117,SSNC,SS&C Technologies Holdings  Inc. - Commo,Technology,,1.785,-1.9,50.8,120.1,0.35,1.4,-6.6,-10.8,79.08,18.45,0,3412,20261005
1118,NBR,Nabors Industries Ltd.,Energy,,1.785,126.8,46.0,18.0,0.37,4.7,-10.6,-24.8,83.16,1.26,0,3412,20261005
1119,BCH,Banco De Chile ADS,Financial Services,,1.785,52.7,49.2,13.3,0.42,-4.9,-8.2,-9.8,39.42,20.33,0,3412,20261005
1120,RBRK,Rubrik  Inc. Class A Common Stock,Technology,,1.785,9.8,46.0,339.1,0.47,8.5,33.1,0.0,122.68,23.59,0,3412,20261005
1121,GRDN,Guardian Pharmacy Services  Inc. Class A,Healthcare,,1.784,64.3,46.0,32.1,0.92,3.3,4.9,-12.3,42.1,2.59,0,3412,20261005
1122,MUSA,Murphy USA Inc. Common Stock,Consumer Cyclical,,1.783,33.1,44.4,131.4,0.36,-1.6,-2.0,-17.7,511.68,9.3,0,3412,20261005
1123,RIVN,Rivian Automotive  Inc. - Class A Common,Consumer Cyclical,,1.782,17.6,44.4,378.1,0.63,-1.3,-8.2,-35.0,14.6,22.4,0,3412,20261005
1124,VISN,Vistance Networks  Inc.  - Common Stock,Technology,,1.782,46.5,46.0,46.8,0.7,1.8,-2.7,-15.6,6.2,1.43,0,3412,20261005
1125,RELL,Richardson Electronics  Ltd. - Common St,Technology,,1.782,81.1,52.4,1.9,0.92,9.8,10.6,-13.9,18.78,0.25,0,3412,20261005
1126,CMCSA,Comcast Corporation - Class A Common Sto,Communication Services,SP500·NDX,1.782,-3.0,47.6,748.2,0.36,-1.0,-19.1,-31.9,21.57,77.22,0,3412,20261005
1127,BTU,Peabody Energy Corporation Common Stock,Energy,,1.781,-5.0,54.0,64.9,0.56,1.4,-7.7,-35.2,25.5,2.97,0,3412,20261005
1128,NPCE,Neuropace  Inc. - Common Stock,Healthcare,,1.781,41.4,57.1,1.9,0.58,-6.6,-10.4,-31.5,13.22,0.49,0,3412,20261005
1129,AZZ,AZZ Inc.,Industrials,,1.781,26.8,49.2,33.6,0.55,3.0,1.2,-13.0,139.15,4.07,0,3412,20261005
1130,NBIX,Neurocrine Biosciences  Inc. - Common St,Healthcare,,1.78,15.8,46.0,200.9,0.45,2.7,-8.9,-22.3,144.21,14.18,0,3412,20261005
1131,CUBI,Customers Bancorp  Inc Common Stock,Financial Services,,1.78,23.8,50.8,23.8,0.46,-1.0,-5.8,-10.3,75.03,2.5,0,3412,20261005
1132,URBN,Urban Outfitters  Inc. - Common Stock,Consumer Cyclical,,1.78,10.2,49.2,81.4,0.44,8.2,1.3,-1.6,81.6,6.45,0,3412,20261005
1133,CHE,Chemed Corp,Healthcare,,1.779,19.3,47.6,81.6,0.37,-0.6,-2.5,-7.4,511.3,6.6,0,3412,20261005
1134,CMI,Cummins Inc. Common Stock,Industrials,SP500,1.778,27.9,41.3,597.6,0.34,1.1,-4.1,-27.8,523.37,71.11,0,3412,20261005
1135,ESEA,Euroseas Ltd. - Common Stock,Industrials,,1.778,36.7,55.6,3.0,0.47,5.5,-5.0,-8.0,73.05,0.5,0,3412,20261005
1136,FBP,First BanCorp. New Common Stock,Financial Services,,1.776,34.2,47.6,41.2,0.49,1.3,-4.7,-8.1,27.1,4.07,0,3412,20261005
1137,CRCL,Circle Internet Group  Inc. Class A Comm,Financial Services,,1.776,-31.1,50.8,1212.9,0.45,-2.9,-19.3,-44.6,83.3,21.05,0,3412,20261005
1138,SMMT,Summit Therapeutics Inc.  - Common Stock,Healthcare,,1.776,-17.9,54.0,124.1,0.68,11.6,0.8,-34.5,17.27,12.45,0,3412,20261005
1139,BELFA,Bel Fuse Inc. - Class A Common Stock,Technology,,1.773,72.6,47.6,14.6,0.55,4.1,3.5,-28.3,208.71,2.86,0,3412,20261005
1140,ALKS,Alkermes plc - Ordinary Shares,Healthcare,,1.773,50.0,42.9,104.9,0.52,6.5,-8.8,-22.6,42.76,6.84,0,3412,20261005
1141,DD,DuPont de Nemours  Inc. Common Stock,Basic Materials,SP500,1.771,31.3,44.4,135.0,0.68,-0.2,-0.3,-14.4,130.69,17.45,0,3412,20261005
1142,SMBK,SmartFinancial  Inc. Common Stock,Financial Services,,1.771,50.7,50.8,6.7,0.57,1.7,-2.4,-5.0,50.59,0.86,0,3412,20261005
1143,PSTL,Postal Realty Trust  Inc. Class A Common,Real Estate,,1.771,62.5,49.2,9.4,0.65,-3.6,-6.2,-9.5,22.38,0.71,0,3412,20261005
1144,CURB,Curbline Properties Corp. Common Stock,Real Estate,,1.77,31.5,47.6,45.1,0.59,-1.7,-5.3,-12.3,27.86,3.22,0,3412,20261005
1145,EBF,Ennis  Inc. Common Stock,Industrials,,1.77,24.0,60.3,3.9,0.47,0.8,6.0,0.0,22.58,0.57,0,3412,20261005
1146,ST,Sensata Technologies Holding plc Ordinar,Technology,,1.769,38.4,46.0,57.0,0.43,3.4,2.7,-19.4,43.17,6.14,0,3412,20261005
1147,FDMT,4D Molecular Therapeutics  Inc. - Common,Healthcare,,1.768,69.6,47.6,14.9,0.59,-11.3,-12.1,-22.9,12.92,0.76,0,3412,20261005
1148,FOSL,Fossil Group  Inc. - Common Stock,Consumer Cyclical,,1.766,98.8,49.2,5.2,0.59,19.9,40.7,0.0,7.22,0.4,0,3412,20261005
1149,ALGM,Allegro MicroSystems  Inc. - Common Stoc,Technology,,1.766,25.2,46.0,95.9,0.42,4.1,8.2,-44.8,38.46,6.82,0,3412,20261005
1150,MANH,Manhattan Associates  Inc. - Common Stoc,Technology,,1.764,10.4,47.6,131.0,0.51,1.8,-7.6,-8.2,205.45,11.98,0,3412,20261005
1151,KMI,Kinder Morgan  Inc. Common Stock,Energy,SP500,1.763,15.4,44.4,411.1,0.46,2.5,-0.6,-8.5,31.41,69.94,0,3412,20261005
1152,COMP,Compass  Inc. Class A Common Stock,Real Estate,,1.763,46.5,41.3,164.2,0.43,2.1,-16.0,-31.6,9.29,6.82,0,3412,20261005
1153,TAYD,Taylor Devices  Inc. - Common Stock,Industrials,,1.762,34.1,55.6,3.1,0.66,-10.1,-3.3,-34.9,58.57,0.2,0,3412,20261005
1154,HUBS,HubSpot  Inc. Common Stock,Technology,,1.762,-42.7,52.4,404.8,0.82,8.8,-13.5,-55.4,220.61,10.7,0,3412,20261005
1155,TLN,Talen Energy Corporation - Common Stock,Utilities,,1.762,-29.6,52.4,274.6,0.45,9.3,8.6,-25.6,331.87,14.59,0,3412,20261005
1156,AIZ,Assurant  Inc. Common Stock,Financial Services,SP500,1.76,33.7,44.4,111.0,0.34,1.1,-7.4,-11.4,266.41,13.0,0,3412,20261005
1157,CI,The Cigna Group Common Stock,Healthcare,SP500,1.76,-2.0,47.6,459.7,0.41,-0.2,-5.2,-11.3,271.29,71.83,0,3412,20261005
1158,SPB,Spectrum Brands Holdings  Inc. Common St,Consumer Defensive,,1.76,68.8,46.0,26.0,0.34,-8.3,-14.0,-16.0,75.99,1.95,0,3412,20261005
1159,RSI,Rush Street Interactive  Inc. Class A Co,Consumer Cyclical,,1.758,38.7,44.4,88.0,0.66,7.4,-21.6,-39.2,20.99,2.3,0,3412,20261005
1160,POET,POET Technologies Inc. - Common Shares,Technology,,1.757,12.8,49.2,64.2,0.39,5.4,6.5,-62.0,7.81,1.34,0,3412,20261005
1161,RCI,Rogers Communication  Inc. Common Stock,Communication Services,,1.757,10.1,50.8,45.1,0.36,-3.3,-20.1,-24.5,30.38,17.43,0,3412,20261005
1162,CSTM,Constellium SE Ordinary Shares (France),Basic Materials,,1.756,71.5,44.4,41.3,0.37,2.7,-4.5,-30.0,25.29,3.34,0,3412,20261005
1163,PI,Impinj  Inc. - Common Stock,Technology,,1.756,-4.2,52.4,75.2,0.42,4.7,5.8,-23.4,185.19,5.39,0,3412,20261005
1164,AXSM,Axsome Therapeutics  Inc. - Common Stock,Healthcare,,1.755,73.7,38.1,147.4,0.38,-8.7,-15.0,-30.6,177.08,9.75,0,3412,20261005
1165,HNST,The Honest Company  Inc. - Common Stock,Consumer Defensive,,1.755,59.4,49.2,9.3,1.15,-2.8,-12.0,-13.4,5.15,0.55,0,3412,20261005
1166,APLD,Applied Digital Corporation - Common Sto,Technology,,1.755,-2.1,47.6,435.3,0.28,0.7,-4.7,-50.3,24.7,7.6,0,3412,20261005
1167,MTA,Metalla Royalty & Streaming Ltd. Common ,Basic Materials,,1.755,58.8,52.4,2.5,0.53,-3.4,-10.8,-17.9,9.32,0.94,0,3412,20261005
1168,MTZ,MasTec  Inc. Common Stock,Industrials,,1.754,7.8,46.0,328.9,0.44,7.5,-5.5,-49.9,219.4,17.47,0,3412,20261005
1169,BCS,Barclays PLC Common Stock,Financial Services,,1.754,32.0,44.4,115.2,0.48,-4.1,-12.3,-17.4,23.59,82.05,0,3412,20261005
1170,RDW,Redwire Corporation Common Stock,Industrials,,1.753,0.1,49.2,152.6,0.35,-6.9,0.6,-59.7,10.43,2.9,0,3412,20261005
1171,GFI,Gold Fields Limited American Depositary ,Basic Materials,,1.752,17.3,46.0,144.3,0.39,1.4,-25.9,-40.3,35.69,32.01,0,3412,20261005
1172,ADSK,Autodesk  Inc. - Common Stock,Technology,SP500·NDX,1.752,-26.0,50.8,487.3,0.35,6.9,-6.7,-31.5,221.56,43.3,0,3412,20261005
1173,CODI,D/B/A Compass Diversified Holdings Share,Industrials,,1.751,73.2,49.2,6.6,0.56,-1.2,-4.2,-13.0,11.06,0.82,0,3412,20261005
1174,PCOR,Procore Technologies  Inc. Common Stock,Technology,,1.751,-15.5,52.4,143.0,0.62,10.4,-10.6,-31.9,54.18,7.52,0,3412,20261005
1175,CINF,Cincinnati Financial Corporation - Commo,Financial Services,SP500,1.751,10.7,47.6,118.6,0.6,0.1,-7.2,-15.6,162.14,24.46,0,3412,20261005
1176,IMMX,Immix Biopharma  Inc. - Common Stock,Healthcare,,1.751,558.6,44.4,20.8,0.5,-11.7,-26.8,-30.0,10.13,0.8,0,3412,20261005
1177,CMRE,Costamare Inc. Common Stock $0.0001 par ,Industrials,,1.75,29.7,54.0,5.4,0.26,4.6,0.0,-13.5,15.39,1.78,0,3412,20261005
1178,ABVX,Abivax SA - American Depositary Shares,Healthcare,,1.75,37.6,42.9,143.7,0.41,-5.3,-19.6,-36.9,91.73,8.45,0,3412,20261005
1179,TMUS,T-Mobile US  Inc. - Common Stock,Communication Services,SP500·NDX,1.75,-16.6,49.2,868.7,0.37,-1.1,-12.4,-27.0,164.64,177.45,0,3412,20261005
1180,SPG,Simon Property Group  Inc. Common Stock,Real Estate,SP500,1.749,18.4,44.4,262.1,0.38,-1.5,-4.8,-14.9,201.4,66.27,0,3412,20261005
1181,TRMB,Trimble Inc. - Common Stock,Technology,SP500,1.749,-25.1,54.0,137.8,1.05,2.3,-2.1,-29.6,58.81,13.49,0,3412,20261005
1182,CCK,Crown Holdings  Inc.,Consumer Cyclical,,1.748,20.4,46.0,115.7,0.51,-0.8,-7.8,-12.7,106.58,11.46,0,3412,20261005
1183,RUSHB,Rush Enterprises  Inc. - Class B Common ,Consumer Cyclical,,1.748,32.3,50.8,12.7,1.49,2.2,11.5,-1.2,56.3,6.44,0,3412,20261005
1184,CSL,Carlisle Companies Incorporated Common S,Industrials,,1.748,5.3,47.6,176.1,0.79,1.4,-4.1,-20.2,330.98,12.92,0,3412,20261005
1185,GPOR,Gulfport Energy Corporation Common Share,Energy,,1.747,-2.9,54.0,47.4,0.33,3.8,-13.2,-29.1,157.84,2.76,0,3412,20261005
1186,MCO,Moody's Corporation Common Stock,Financial Services,SP500,1.747,5.5,46.0,392.8,0.33,-2.6,-11.1,-16.4,448.15,77.61,0,3412,20261005
1187,ALNY,Alnylam Pharmaceuticals  Inc. - Common S,Healthcare,NDX,1.746,-42.6,52.4,337.6,0.73,-13.9,-16.9,-55.2,219.89,34.0,0,3412,20261005
1188,CVLG,Covenant Logistics Group  Inc. Class A C,Industrials,,1.746,65.0,49.2,7.4,0.47,1.5,-3.3,-33.3,33.19,0.84,0,3412,20261005
1189,NIQ,NIQ Global Intelligence plc Ordinary Sha,,,1.746,21.4,50.8,22.7,0.84,-1.5,-8.0,-10.0,17.32,5.22,0,3412,20261005
1190,EPD,Enterprise Products Partners L.P. Common,Energy,,1.746,30.8,44.4,117.4,0.35,0.4,-6.1,-7.5,36.8,77.03,0,3412,20261005
1191,TM,Toyota Motor Corporation Common Stock,Consumer Cyclical,,1.746,4.9,50.8,58.3,0.33,-2.2,-7.9,-25.8,184.12,225.4,0,3412,20261005
1192,PRAA,PRA Group  Inc. - Common Stock,Financial Services,,1.745,26.3,52.4,10.1,0.44,-3.2,2.2,-12.7,19.41,0.76,0,3412,20261005
1193,IBTA,Ibotta  Inc. Class A Common Stock,Technology,,1.745,29.1,52.4,8.6,0.75,3.2,10.7,-2.5,41.35,0.84,0,3412,20261005
1194,NXE,Nexgen Energy Ltd. Common Shares,Energy,,1.743,21.0,49.2,38.3,0.44,0.9,-15.0,-34.8,9.07,6.46,0,3412,20261005
1195,COGT,Cogent Biosciences  Inc. - Common Stock,Healthcare,,1.743,136.9,39.7,68.9,0.44,-3.1,-11.7,-27.9,30.87,5.56,0,3412,20261005
1196,MIRM,Mirum Pharmaceuticals  Inc. - common sto,Healthcare,,1.743,40.3,44.4,75.4,0.59,-7.4,-19.1,-36.7,81.43,5.29,0,3412,20261005
1197,ANIK,Anika Therapeutics Inc. - Common Stock,Healthcare,,1.742,130.3,50.8,1.7,0.55,-4.6,-6.0,-10.4,19.73,0.27,0,3412,20261005
1198,RLI,RLI Corp. Common Stock (DE),Financial Services,,1.74,9.6,50.8,43.4,0.38,0.2,-12.4,-15.6,56.08,5.11,0,3412,20261005
1199,KKR,KKR & Co. Inc. Common Stock,Financial Services,SP500,1.74,-11.5,49.2,397.2,0.35,-3.5,-18.0,-36.8,89.96,80.75,0,3412,20261005
1200,DMRA,Damora Therapeutics  Inc. - Ordinary Sha,Healthcare,,1.739,608.9,44.4,19.4,0.86,-2.6,-27.8,-40.8,20.22,1.25,0,3412,20261005
1201,HYMC,Hycroft Mining Holding Corporation - Cla,Basic Materials,,1.739,275.2,41.3,44.4,0.4,-4.1,-19.3,-66.3,18.8,1.74,0,3412,20261005
1202,KELYA,Kelly Services  Inc. - Class A Common St,Industrials,,1.738,32.8,54.0,4.3,0.41,-4.5,-5.4,-8.6,15.8,0.58,0,3412,20261005
1203,SNY,Sanofi - American Depositary Shares,Healthcare,,1.737,-6.7,50.8,126.0,0.48,-4.1,-10.9,-20.3,39.51,99.82,0,3412,20261005
1204,ASM,Avino Silver & Gold Mines Ltd. Common Sh,Basic Materials,,1.737,47.9,47.6,20.4,0.36,-0.5,-27.4,-50.4,5.58,0.96,0,3412,20261005
1205,MLR,Miller Industries  Inc. Common Stock,Consumer Cyclical,,1.737,39.1,52.4,4.8,0.44,0.5,-1.6,-6.1,54.3,0.62,0,3412,20261005
1206,NTSK,Netskope  Inc. - Class A Common Stock,Technology,,1.736,-36.7,55.6,121.5,0.51,3.2,28.5,-24.1,18.42,7.59,0,3412,20261005
1207,IT,Gartner  Inc. Common Stock,Technology,SP500,1.736,-24.0,52.4,195.3,0.41,1.1,-3.9,-27.3,187.76,11.67,0,3412,20261005
1208,TYG,Tortoise Energy Infrastructure Corporati,Financial Services,,1.736,12.0,61.9,7.0,0.36,0.6,-10.0,-19.7,38.66,1.02,0,3412,20261005
1209,FRPT,Freshpet  Inc. - Common Stock,Consumer Defensive,,1.735,30.7,46.0,65.4,0.63,7.3,-12.0,-28.3,61.33,2.77,0,3412,20261005
1210,ARGX,argenx SE - American Depositary Shares,Healthcare,,1.735,33.1,41.3,260.4,0.34,-6.1,-13.3,-13.8,912.87,60.73,0,3412,20261005
1211,TISI,Team  Inc. Common Stock,Industrials,,1.734,65.6,54.0,1.1,1.3,-0.3,6.1,-2.3,28.38,0.13,0,3412,20261005
1212,NRC,NRC Health - Common Stock,Healthcare,,1.734,75.0,50.8,2.8,0.45,3.6,-2.2,-8.7,20.78,0.48,0,3412,20261005
1213,HMC,Honda Motor Company  Ltd. Common Stock,Consumer Cyclical,,1.734,8.2,52.4,29.9,0.36,-2.2,-3.8,-4.8,31.78,40.68,0,3412,20261005
1214,PPIH,Perma-Pipe International Holdings  Inc. ,Industrials,,1.734,22.9,61.9,2.9,0.49,0.4,16.1,-9.3,32.02,0.26,0,3412,20261005
1215,FCBC,First Community Bankshares  Inc. - Commo,Financial Services,,1.734,51.5,50.8,5.0,0.51,0.7,-2.2,-3.4,47.88,0.9,0,3412,20261005
1216,CCC,CCC Intelligent Solutions Holdings Inc. ,Technology,,1.734,-21.7,55.6,82.7,0.47,-0.6,-8.9,-30.7,6.58,3.92,0,3412,20261005
1217,BANR,Banner Corporation - Common Stock,Financial Services,,1.733,14.2,52.4,20.2,0.44,-1.1,-5.2,-8.9,67.4,2.47,0,3412,20261005
1218,MRSH,Marsh Common Stock,Financial Services,SP500,1.733,-4.6,47.6,497.4,0.45,0.8,-9.6,-16.8,170.43,81.31,0,3412,20261005
1219,WABC,Westamerica Bancorporation - Common Stoc,Financial Services,,1.733,25.1,50.8,16.2,0.71,-0.5,-0.0,-5.4,59.06,1.37,0,3412,20261005
1220,ACMR,ACM Research  Inc. - Class A Common Stoc,Technology,,1.732,60.2,41.3,91.9,0.47,0.3,9.7,-40.0,76.17,5.29,0,3412,20261005
1221,AGL,agilon health  inc. Common Stock,Healthcare,,1.731,220.3,44.4,20.0,0.58,6.0,-2.5,-35.1,84.28,1.34,0,3412,20261005
1222,AFG,American Financial Group  Inc. Common St,Financial Services,,1.73,2.7,50.8,62.1,0.47,0.8,-3.5,-5.0,139.33,11.46,0,3412,20261005
1223,DBI,Designer Brands Inc. Class A Common Stoc,Consumer Cyclical,,1.729,50.5,50.8,5.0,0.56,-5.1,15.9,-33.9,5.97,0.31,0,3412,20261005
1224,AXS,Axis Capital Holdings Limited Common Sto,Financial Services,,1.729,9.0,49.2,69.2,0.43,1.2,-5.7,-19.8,95.62,7.02,0,3412,20261005
1225,BR,Broadridge Financial Solutions  Inc. Com,Technology,SP500,1.729,-21.7,52.4,167.0,0.41,-2.4,-11.1,-31.3,159.08,18.19,0,3412,20261005
1226,SEZL,Sezzle Inc. - Common Stock,Financial Services,,1.728,47.6,44.4,56.8,0.86,2.4,-9.8,-41.2,110.85,3.75,0,3412,20261005
1227,CVSA,Covista Inc. Common Shares,Consumer Defensive,,1.728,-14.9,60.3,45.3,0.41,6.7,-1.8,-18.6,125.39,4.2,0,3412,20261005
1228,SLN,Silence Therapeutics Plc - American Depo,Healthcare,,1.726,184.4,46.0,11.1,1.9,-9.5,-31.4,-34.3,10.14,0.69,0,3412,20261005
1229,COLB,Columbia Banking System  Inc. - Common S,Financial Services,,1.726,23.5,46.0,84.9,0.32,-0.8,-5.3,-13.1,28.84,8.09,0,3412,20261005
1230,MDLZ,Mondelez International  Inc. - Class A C,Consumer Defensive,SP500·NDX,1.725,2.1,46.0,500.0,0.33,-2.8,-4.8,-10.0,58.49,74.65,0,3412,20261005
1231,ORLY,O'Reilly Automotive  Inc. - Common Stock,Consumer Cyclical,SP500·NDX,1.724,-16.8,49.2,542.5,0.47,-3.0,-4.0,-19.9,83.9,69.49,0,3412,20261005
1232,SNDR,Schneider National  Inc. Common Stock,Industrials,,1.724,63.2,46.0,23.5,0.4,2.3,-5.1,-16.4,32.32,5.48,0,3412,20261005
1233,CHT,Chunghwa Telecom Co.  Ltd.,Communication Services,,1.723,4.8,60.3,12.2,0.36,0.4,5.5,-0.1,46.15,35.28,0,3412,20261005
1234,WFRD,Weatherford International plc - Ordinary,Energy,,1.723,46.7,42.9,85.4,0.49,-0.6,-14.6,-26.1,82.32,5.94,0,3412,20261005
1235,MBWM,Mercantile Bank Corporation - Common Sto,Financial Services,,1.723,41.5,50.8,6.9,0.4,-0.5,-3.7,-4.9,59.09,1.02,0,3412,20261005
1236,AN,AutoNation  Inc. Common Stock,Consumer Cyclical,,1.722,-7.5,50.8,120.9,0.68,0.2,-22.0,-29.7,161.67,5.18,0,3412,20261005
1237,ASH,Ashland Inc. Common Stock,Basic Materials,,1.722,55.0,44.4,46.4,0.55,1.0,-6.0,-9.5,68.78,3.13,0,3412,20261005
1238,GFR,Greenfire Resources Ltd. Common Shares,Energy,,1.721,35.7,50.8,9.2,0.96,4.0,-3.4,-15.6,5.99,1.34,0,3412,20261005
1239,DC,Dakota Gold Corp. Common Stock,Basic Materials,,1.72,34.5,50.8,9.8,0.49,-4.0,-3.1,-15.3,5.93,0.8,0,3412,20261005
1240,NDAQ,Nasdaq  Inc. - Common Stock,Financial Services,SP500,1.72,14.1,44.4,310.9,0.37,-0.5,-6.6,-8.1,92.19,53.35,0,3412,20261005
1241,SBCF,Seacoast Banking Corporation of Florida ,Financial Services,,1.72,15.0,50.8,28.8,0.33,-0.2,-5.5,-10.1,32.49,3.2,0,3412,20261005
1242,CACC,Credit Acceptance Corporation - Common S,Financial Services,,1.72,25.3,46.0,73.5,0.36,-3.4,-11.7,-19.1,531.35,5.51,0,3412,20261005
1243,FMBH,First Mid Bancshares  Inc. - Common Stoc,Financial Services,,1.719,40.8,50.8,6.9,0.4,0.6,-2.8,-5.1,49.67,1.31,0,3412,20261005
1244,CBNK,Capital Bancorp  Inc. - Common Stock,Financial Services,,1.719,21.9,55.6,4.9,1.42,10.8,9.2,-1.1,40.02,0.64,0,3412,20261005
1245,STGW,Stagwell Inc. - Class A Common Stock,Communication Services,,1.719,68.6,47.6,11.3,0.48,3.8,-4.2,-8.8,8.53,2.03,0,3412,20261005
1246,KURA,Kura Oncology  Inc. - Common Stock,Healthcare,,1.719,43.9,47.6,21.0,0.49,0.1,-19.2,-21.9,10.62,0.94,0,3412,20261005
1247,ALLE,Allegion plc Ordinary Shares,Industrials,SP500,1.719,-11.8,50.8,161.0,0.8,-1.1,-1.2,-13.8,153.67,13.22,0,3412,20261005
1248,NREF,NexPoint Real Estate Finance  Inc. Commo,Real Estate,,1.718,38.8,57.1,1.3,0.57,0.1,-12.4,-14.9,15.47,0.3,0,3412,20261005
1249,DHI,D.R. Horton  Inc. Common Stock,Consumer Cyclical,SP500,1.717,-15.0,49.2,432.9,0.43,-4.4,-7.7,-23.2,133.23,38.34,0,3412,20261005
1250,PAY,Paymentus Holdings  Inc. Class A Common ,Technology,,1.716,18.4,49.2,37.5,0.65,5.7,-14.0,-29.1,31.62,3.9,0,3412,20261005
1251,CRC,California Resources Corporation Common ,Energy,,1.715,4.9,50.8,50.9,0.31,2.3,-0.0,-23.3,53.01,4.59,0,3412,20261005
1252,MORN,Morningstar  Inc. - Common Stock,Financial Services,,1.713,-3.7,52.4,58.9,0.47,-1.3,-12.3,-16.4,189.16,7.1,0,3412,20261005
1253,AVR,Anteris Technologies Global Corp. - Comm,Healthcare,,1.713,98.2,47.6,7.2,0.44,-2.5,-13.4,-28.6,7.55,0.74,0,3412,20261005
1254,ARQT,Arcutis Biotherapeutics  Inc. - Common s,Healthcare,,1.713,11.3,47.6,91.7,1.11,-8.0,6.3,-19.4,25.15,3.36,0,3412,20261005
1255,THFF,First Financial Corporation  - Common St,Financial Services,,1.713,48.0,49.2,9.6,0.41,-0.3,-5.1,-9.8,74.71,0.9,0,3412,20261005
1256,BKU,BankUnited  Inc. Common Stock,Financial Services,,1.712,24.1,47.6,46.0,0.76,0.4,-5.8,-13.9,43.23,3.03,0,3412,20261005
1257,FUTU,Futu Holdings Limited - American Deposit,Financial Services,,1.712,-25.4,54.0,109.9,0.58,-2.3,-10.1,-44.0,109.7,14.92,0,3412,20261005
1258,LOCO,El Pollo Loco Holdings  Inc. - Common St,Consumer Cyclical,,1.712,59.7,50.8,3.3,0.37,2.1,-4.0,-16.3,14.4,0.44,0,3412,20261005
1259,OBIO,Orchestra BioMed Holdings  Inc. - Ordina,Healthcare,,1.712,76.9,50.8,2.3,0.92,2.4,27.2,-5.0,6.03,0.36,0,3412,20261005
1260,TPL,Texas Pacific Land Corporation Common St,Energy,SP500,1.711,14.3,46.0,140.7,0.53,1.9,-6.0,-35.9,344.67,23.53,0,3412,20261005
1261,SBSW,D/B/A Sibanye-Stillwater Limited ADS,Basic Materials,,1.711,18.7,47.6,59.0,0.29,-1.2,-23.6,-51.2,10.02,7.67,0,3412,20261005
1262,NWG,NatWest Group plc American Depositary Sh,Financial Services,,1.71,40.7,44.4,64.5,0.4,-4.6,-7.7,-8.4,17.5,71.06,0,3412,20261005
1263,MRP,Millrose Properties  Inc. Class A Common,Real Estate,,1.71,6.3,49.2,72.4,0.97,-14.5,-29.0,-29.7,22.51,4.45,0,3412,20261005
1264,EVC,Entravision Communications Corporation C,Communication Services,,1.71,279.8,46.0,9.3,0.66,-2.2,-14.8,-46.9,7.12,0.68,0,3412,20261005
1265,TSLA,Tesla  Inc.  - Common Stock,Consumer Cyclical,SP500·NDX,1.709,-13.7,47.6,13526.0,0.38,6.0,0.6,-22.7,378.73,1469.67,0,3412,20261005
1266,CMTV,Community Bancorp.  - Common stock,Financial Services,,1.709,89.4,50.8,1.8,0.61,1.5,1.9,-0.6,42.06,0.23,0,3412,20261005
1267,STTK,Shattuck Labs  Inc. - Common Stock,Healthcare,,1.709,193.7,46.0,9.9,0.85,1.1,-6.6,-19.4,6.5,0.61,0,3412,20261005
1268,MSCI,MSCI Inc. Common Stock,Financial Services,SP500,1.708,3.9,46.0,322.0,0.44,1.8,-3.9,-13.9,552.35,40.4,0,3412,20261005
1269,IPAR,Interparfums  Inc. - Common Stock,Consumer Defensive,,1.708,24.4,49.2,26.0,0.45,-3.5,-0.2,-11.5,113.76,3.65,0,3412,20261005
1270,BDL,Flanigan's Enterprises  Inc. Common Stoc,Consumer Cyclical,,1.708,54.5,54.0,1.2,0.82,4.0,1.4,-10.2,46.5,0.09,0,3412,20261005
1271,ELVR,Elevra Lithium Limited - American Deposi,Basic Materials,,1.707,135.2,49.2,2.6,0.61,-6.8,-33.4,-63.1,37.79,0.71,0,3412,20261005
1272,ICLR,ICON plc - Ordinary Shares,Healthcare,,1.707,-15.2,50.8,181.6,0.48,-4.1,2.9,-17.0,168.33,12.5,0,3412,20261005
1273,NWE,NorthWestern Energy Group  Inc.  - Commo,Utilities,,1.707,29.2,47.6,34.8,0.35,1.0,-3.0,-5.5,68.76,4.23,0,3412,20261005
1274,BVS,Bioventus Inc. - Class A Common Stock,Healthcare,,1.706,114.0,47.6,6.2,0.51,-3.6,-5.8,-11.4,13.52,0.93,0,3412,20261005
1275,INTT,inTest Corporation Common Stock,Technology,,1.706,39.6,55.6,1.5,0.39,28.4,38.6,-20.4,15.04,0.16,0,3412,20261005
1276,BEN,Franklin Templeton  Inc. Common Stock,Financial Services,SP500,1.704,52.1,39.7,131.6,0.41,0.6,-2.0,-8.1,32.88,16.6,0,3412,20261005
1277,BSAC,Banco Santander - Chile ADS,Financial Services,,1.704,42.9,49.2,11.0,0.48,-3.5,-8.8,-9.5,32.7,15.72,0,3412,20261005
1278,PLD,Prologis  Inc. Common Stock,Real Estate,SP500,1.703,21.9,41.3,484.4,0.59,-3.3,-7.4,-14.6,128.08,127.17,0,3412,20261005
1279,IBKR,Interactive Brokers Group  Inc. - Class ,Financial Services,SP500,1.703,31.6,39.7,339.1,0.31,2.3,-4.2,-9.2,89.05,40.01,0,3412,20261005
1280,INDV,Indivior Pharmaceuticals  Inc.  - Common,Healthcare,,1.702,49.7,42.9,71.4,0.6,-2.4,3.3,-14.0,35.99,4.21,0,3412,20261005
1281,ZBH,Zimmer Biomet Holdings  Inc. Common Stoc,Healthcare,SP500,1.702,0.6,47.6,209.6,0.4,-0.1,-7.4,-11.2,91.57,17.48,0,3412,20261005
1282,PCAR,PACCAR Inc. - Common Stock,Industrials,SP500·NDX,1.702,28.4,39.7,423.6,0.47,-2.1,-12.2,-20.9,109.36,58.25,0,3412,20261005
1283,HRI,Herc Holdings Inc. Common Stock,Industrials,,1.701,14.5,46.0,129.1,1.11,1.2,-2.5,-24.1,135.51,4.63,0,3412,20261005
1284,MRVI,Maravai LifeSciences Holdings  Inc. - Cl,Healthcare,,1.701,148.1,44.4,18.3,0.77,11.7,15.6,-5.3,8.52,1.1,0,3412,20261005
1285,SDGR,Schrodinger  Inc. - Common Stock,Healthcare,,1.701,-3.4,50.8,83.5,0.9,10.5,57.4,0.0,32.6,2.16,0,3412,20261005
1286,APPF,AppFolio  Inc. - Class A Common Stock,Technology,,1.701,-11.6,54.0,60.7,0.39,3.2,-8.6,-22.1,204.25,6.94,0,3412,20261005
1287,DGX,Quest Diagnostics Incorporated Common St,Healthcare,SP500,1.701,34.6,39.7,272.8,0.56,-2.3,-3.0,-6.2,232.22,25.51,0,3412,20261005
1288,CVS,CVS Health Corporation Common Stock,Healthcare,SP500,1.701,28.7,38.1,739.6,0.45,-1.0,-10.5,-21.3,87.01,108.97,0,3412,20261005
1289,AGRO,Adecoagro S.A. Common Shares,Consumer Defensive,,1.7,50.8,49.2,7.8,0.41,6.8,-7.3,-29.2,10.75,1.45,0,3412,20261005
1290,ARTV,Artiva Biotherapeutics  Inc. - Common St,Healthcare,,1.7,277.1,47.6,4.3,0.66,1.1,-35.9,-46.8,7.13,0.34,0,3412,20261005
1291,TFSL,TFS Financial Corporation - Common Stock,Financial Services,,1.699,39.4,49.2,12.3,0.39,1.9,-4.2,-9.9,16.77,4.69,0,3412,20261005
1292,DB,Deutsche Bank AG Common Stock,Financial Services,,1.699,22.1,46.0,77.9,0.34,-3.1,-15.9,-15.9,34.97,66.01,0,3412,20261005
1293,NKTR,Nektar Therapeutics - Common Stock,Healthcare,,1.699,26.2,44.4,109.3,0.92,-30.1,-44.7,-57.9,42.22,1.97,0,3412,20261005
1294,MTUS,Metallus Inc. Common Shares,Basic Materials,,1.698,13.2,57.1,6.7,0.39,10.9,9.8,-4.5,21.04,0.78,0,3412,20261005
1295,CMPS,COMPASS Pathways Plc - American Deposito,Healthcare,,1.698,121.1,41.3,44.0,0.59,-12.3,-12.7,-23.6,11.6,1.72,0,3412,20261005
1296,DXYZ,Destiny Tech100 Inc. Common Stock,Financial Services,,1.698,7.6,52.4,25.4,0.41,9.0,0.9,-54.3,32.55,0.95,0,3412,20261005
1297,CTRN,Citi Trends  Inc. - Common Stock,Consumer Cyclical,,1.696,116.3,46.0,11.1,0.72,-5.8,-30.8,-37.2,47.86,0.41,0,3412,20261005
1298,ECL,Ecolab Inc. Common Stock,Basic Materials,SP500,1.696,2.7,46.0,329.9,0.36,-1.1,-0.7,-9.7,277.07,76.04,0,3412,20261005
1299,EPAM,EPAM Systems  Inc. Common Stock,Technology,,1.696,-21.5,52.4,132.2,0.45,2.2,-8.3,-50.3,109.95,5.9,0,3412,20261005
1300,ARMK,Aramark Common Stock,Industrials,,1.695,50.3,39.7,129.6,0.33,1.8,-3.6,-11.3,55.23,14.32,0,3412,20261005
1301,TILE,Interface  Inc. - Common Stock,Consumer Cyclical,,1.695,30.1,49.2,17.8,0.53,-0.9,-4.1,-11.3,34.86,2.03,0,3412,20261005
1302,MAAS,Maase Inc. - Class A Ordinary Shares,Financial Services,,1.695,388.3,46.0,8.0,1.54,-27.5,-21.8,-38.7,13.02,5.76,0,3412,20261005
1303,UI,Ubiquiti Inc. Common Stock,Technology,,1.694,-11.6,52.4,82.4,0.59,10.1,2.2,-43.7,609.29,33.94,0,3412,20261005
1304,MEDP,Medpace Holdings  Inc. - Common Stock,Healthcare,,1.694,10.7,46.0,158.5,0.58,0.7,4.6,-1.5,620.51,17.32,0,3412,20261005
1305,HURN,Huron Consulting Group Inc. - Common Sto,Industrials,,1.694,7.1,50.8,39.6,0.76,1.6,1.3,-13.7,160.1,2.58,0,3412,20261005
1306,HTGC,Hercules Capital  Inc. Common Stock,Financial Services,,1.692,3.2,54.0,22.2,0.33,-1.3,-5.8,-6.8,16.69,3.13,0,3412,20261005
1307,RACE,Ferrari N.V. Common Shares,Consumer Cyclical,,1.692,-16.1,50.8,171.9,0.42,-3.7,-8.3,-22.6,383.4,72.3,0,3412,20261005
1308,MAT,Mattel  Inc. - Common Stock,Consumer Cyclical,,1.692,-17.0,52.4,109.1,0.94,20.3,12.2,-27.6,16.05,4.59,0,3412,20261005
1309,RIOT,Riot Platforms  Inc. - Common Stock,Financial Services,,1.691,9.8,44.4,348.9,0.49,-10.6,-8.6,-32.7,19.32,8.63,0,3412,20261005
1310,ADEA,Adeia Inc.  - Common Stock,Technology,,1.691,48.5,46.0,27.2,0.46,4.6,2.4,-22.2,26.07,2.75,0,3412,20261005
1311,NEXA,Nexa Resources S.A. Common Shares,Basic Materials,,1.691,176.4,46.0,9.0,0.5,2.0,-10.0,-25.4,12.47,1.69,0,3412,20261005
1312,SOBO,South Bow Corporation Common Shares,Energy,,1.691,33.5,47.6,26.9,0.77,-0.2,-9.2,-12.2,33.94,7.09,0,3412,20261005
1313,FTH,Faeth Therapeutics  Inc.  - Common Stock,Healthcare,,1.69,314.9,44.4,14.8,0.8,-2.4,-30.5,-32.3,27.1,0.73,0,3412,20261005
1314,DIN,Dine Brands Global  Inc. Common Stock,Consumer Cyclical,,1.69,19.8,50.8,17.2,0.76,3.5,-7.2,-22.1,29.86,0.36,0,3412,20261005
1315,ULS,UL Solutions Inc. Class A Common Stock,Industrials,,1.688,5.0,49.2,70.5,0.66,5.3,-8.5,-34.7,68.25,13.34,0,3412,20261005
1316,NEE,NextEra Energy  Inc. Common Stock,Utilities,SP500,1.688,10.6,42.9,1009.6,0.29,1.0,-9.3,-20.9,76.28,160.66,0,3412,20261005
1317,TNDM,Tandem Diabetes Care  Inc. - Common Stoc,Healthcare,,1.688,55.8,44.4,38.8,0.4,0.6,-19.1,-41.5,16.52,1.09,0,3412,20261005
1318,LAUR,Laureate Education  Inc. - Common Stock,Consumer Defensive,,1.688,15.3,49.2,39.4,0.39,2.4,7.1,-4.8,38.51,5.3,0,3412,20261005
1319,TSBK,Timberland Bancorp  Inc. - Common Stock,Financial Services,,1.687,45.3,54.0,1.4,0.42,0.3,-2.0,-3.9,45.17,0.35,0,3412,20261005
1320,WIX,Wix.com Ltd. - Ordinary Shares,Technology,,1.687,-47.2,57.1,87.0,0.49,6.4,-8.8,-51.2,74.06,4.06,0,3412,20261005
1321,GIS,General Mills  Inc. Common Stock,Consumer Defensive,SP500,1.687,-17.1,49.2,382.1,0.33,-5.7,-19.3,-33.9,31.68,16.93,0,3412,20261005
1322,AER,AerCap Holdings N.V. Ordinary Shares,Industrials,,1.687,18.6,44.4,163.4,0.31,-2.2,-2.2,-7.7,143.29,23.03,0,3412,20261005
1323,BLK,BlackRock  Inc. Common Stock,Financial Services,SP500,1.687,-1.4,46.0,569.7,0.39,-0.4,-5.3,-9.9,1066.45,163.9,0,3412,20261005
1324,OMC,Omnicom Group Inc. Common Stock,Communication Services,SP500,1.686,13.7,44.4,250.0,0.78,0.2,-11.2,-15.4,75.25,20.71,0,3412,20261005
1325,OZK,Bank OZK - Common Stock,Financial Services,,1.684,1.5,50.8,55.2,0.31,-0.0,-7.1,-12.2,46.59,5.08,0,3412,20261005
1326,KIDS,OrthoPediatrics Corp. - Common Stock,Healthcare,,1.684,26.0,54.0,4.2,0.52,1.4,1.3,-13.6,22.89,0.6,0,3412,20261005
1327,HPK,HighPeak Energy  Inc. - Common Stock,Energy,,1.684,20.0,55.6,4.5,0.71,6.6,-2.4,-6.4,8.09,0.99,0,3412,20261005
1328,CBIO,Crescent Biopharma  Inc. - Common Stock,Healthcare,,1.684,69.6,47.6,8.7,1.22,-4.1,-31.7,-48.3,13.94,0.54,0,3412,20261005
1329,CSWC,Capital Southwest Corporation - Common S,Financial Services,,1.684,23.3,50.8,14.0,0.32,2.5,-4.0,-7.8,23.57,1.48,0,3412,20261005
1330,CCJ,Cameco Corporation Common Stock,Energy,,1.684,19.7,42.9,269.1,0.4,0.5,-13.1,-34.8,87.47,37.75,0,3412,20261005
1331,GIC,Global Industrial Company Common Stock,Industrials,,1.683,12.7,57.1,6.3,0.39,3.0,11.3,-0.1,43.58,1.65,0,3412,20261005
1332,ALV,Autoliv  Inc. Common Stock,Consumer Cyclical,,1.682,1.9,49.2,84.4,0.45,-1.7,-10.4,-14.3,112.07,8.28,0,3412,20261005
1333,XENE,Xenon Pharmaceuticals Inc. - Common Shar,Healthcare,,1.682,54.1,39.7,109.8,1.62,2.3,-37.8,-47.1,37.57,3.56,0,3412,20261005
1334,ETR,Entergy Corporation Common Stock,Utilities,SP500,1.682,17.4,42.9,322.0,0.44,2.8,-6.5,-14.1,100.82,47.97,0,3412,20261005
1335,KT,KT Corporation Common Stock,Communication Services,,1.681,-0.3,54.0,28.4,0.41,-0.8,-4.1,-22.5,19.01,9.0,0,3412,20261005
1336,KR,Kroger Company (The) Common Stock,Consumer Defensive,SP500,1.681,-9.8,47.6,502.9,0.31,-1.5,0.5,-21.3,58.78,34.71,0,3412,20261005
1337,LYG,Lloyds Banking Group Plc American Deposi,Financial Services,,1.68,38.0,42.9,91.8,0.33,-4.5,-10.5,-13.1,5.46,78.4,0,3412,20261005
1338,FISI,Financial Institutions  Inc. - Common St,Financial Services,,1.68,57.6,49.2,5.7,0.39,0.2,-3.8,-7.2,39.63,0.78,0,3412,20261005
1339,FTS,Fortis Inc. Common Shares,Utilities,,1.68,13.3,49.2,42.0,0.29,-1.0,-5.4,-9.9,52.57,26.94,0,3412,20261005
1340,E,ENI S.p.A. Common Stock,Energy,,1.679,62.4,46.0,17.9,0.46,-1.8,-0.9,-4.7,54.64,78.0,0,3412,20261005
1341,USFD,US Foods Holding Corp. Common Stock,Consumer Defensive,,1.679,38.3,38.1,259.2,0.36,1.0,-9.4,-14.7,94.63,20.19,0,3412,20261005
1342,NXG,NXG NextGen Infrastructure Income Fund C,Financial Services,,1.679,24.0,55.6,3.1,0.66,4.2,2.5,-11.8,56.01,0.41,0,3412,20261005
1343,PODD,Insulet Corporation - Common Stock,Healthcare,SP500,1.678,-51.8,52.4,239.3,0.65,1.9,-9.9,-60.8,135.62,9.42,0,3412,20261005
1344,RYZ,Ryerson Holding Corporation Common Stock,Industrials,,1.678,10.7,54.0,11.9,0.46,11.0,4.6,-12.5,26.97,1.24,0,3412,20261005
1345,TITN,Titan Machinery Inc. - Common Stock,Industrials,,1.676,41.5,50.8,4.9,0.66,7.9,11.0,-3.4,25.33,0.55,0,3412,20261005
1346,SAP,SAP  SE ADS,Technology,,1.676,-18.8,49.2,385.7,0.39,-0.8,-4.3,-24.6,207.74,243.17,0,3412,20261005
1347,ABM,ABM Industries Incorporated Common Stock,Industrials,,1.676,3.8,52.4,28.4,0.52,-1.1,2.7,-4.2,48.49,2.87,0,3412,20261005
1348,TMP,Tompkins Financial Corporation Common St,Financial Services,,1.675,54.7,47.6,11.7,0.54,0.2,-0.8,-3.6,97.93,1.43,0,3412,20261005
1349,CVLT,Commvault Systems  Inc. - Common Stock,Technology,,1.675,-25.4,54.0,87.3,0.49,3.8,12.1,-14.7,153.73,6.12,0,3412,20261005
1350,GATX,GATX Corporation Common Stock,Industrials,,1.675,2.3,50.8,48.9,0.41,-5.0,-2.8,-13.9,172.27,5.96,0,3412,20261005
1351,TBN,Tamboran Resources Corporation Common st,Energy,,1.674,39.2,50.8,5.5,0.42,1.6,-13.2,-32.2,33.9,0.99,0,3412,20261005
1352,PRE,Prenetics Global Limited - Class A Ordin,Consumer Defensive,,1.674,70.2,49.2,4.0,0.87,-7.9,-18.2,-20.2,20.96,0.38,0,3412,20261005
1353,QUAD,Quad Graphics  Inc Class A Common Stock,Industrials,,1.673,80.1,49.2,3.3,0.59,1.0,-8.3,-11.6,9.5,0.48,0,3412,20261005
1354,PCTY,Paylocity Holding Corporation - Common S,Technology,,1.673,-0.4,49.2,98.4,0.35,3.3,-4.6,-8.0,147.39,7.95,0,3412,20261005
1355,COCO,The Vita Coco Company  Inc. - Common Sto,Consumer Defensive,,1.672,29.0,44.4,81.3,0.49,-4.1,0.4,-34.2,55.32,3.31,0,3412,20261005
1356,BBIO,BridgeBio Pharma  Inc. - Common Stock,Healthcare,,1.671,41.5,38.1,207.7,0.91,-0.7,-12.3,-26.6,66.14,12.9,0,3412,20261005
1357,WEST,Westrock Coffee Company - Common Stock,Consumer Defensive,,1.671,57.1,50.8,2.6,0.44,-0.4,7.0,-15.5,8.22,0.81,0,3412,20261005
1358,EXE,Expand Energy Corporation - Common Stock,Energy,SP500,1.67,-6.7,47.6,314.5,0.41,1.3,-12.7,-28.9,86.43,20.56,0,3412,20261005
1359,KWR,Quaker Houghton Common Stock,Basic Materials,,1.669,22.3,49.2,23.5,0.33,0.4,0.4,-10.5,161.05,2.77,0,3412,20261005
1360,LAMR,Lamar Advertising Company - Class A Comm,Real Estate,,1.669,28.8,44.4,80.6,0.41,-0.8,-5.0,-12.4,143.93,14.62,0,3412,20261005
1361,BBT,Beacon Financial Corporation Common stoc,Financial Services,,1.668,38.0,46.0,34.0,0.44,1.2,-10.6,-13.7,28.13,2.33,0,3412,20261005
1362,CRH,CRH PLC Ordinary Shares,Basic Materials,SP500,1.668,-23.2,49.2,478.1,0.31,-1.3,-10.2,-36.4,82.65,54.35,0,3412,20261005
1363,CLYM,Climb Bio  Inc. - Common Stock,Healthcare,,1.668,615.2,42.9,20.4,0.56,-5.9,-24.3,-38.1,11.05,0.66,0,3412,20261005
1364,BMEZ,BlackRock Health Sciences Term Trust Com,Financial Services,,1.668,26.3,55.6,2.4,0.42,-1.7,-2.4,-4.1,16.54,1.04,0,3412,20261005
1365,HTB,HomeTrust Bancshares  Inc. Common Stock,Financial Services,,1.668,17.8,52.4,10.7,0.63,2.3,-1.1,-10.3,46.53,0.77,0,3412,20261005
1366,EPRX,Eupraxia Pharmaceuticals Inc. - Common S,Healthcare,,1.668,25.0,52.4,6.4,1.25,-5.7,3.3,-14.9,7.74,0.52,0,3412,20261005
1367,GSBC,Great Southern Bancorp  Inc. - Common St,Financial Services,,1.667,33.9,50.8,6.8,0.55,1.9,-0.5,-3.1,79.47,0.85,0,3412,20261005
1368,OPLN,OPENLANE  Inc. Common Stock,Consumer Cyclical,,1.667,21.9,47.6,40.1,0.59,1.8,1.2,-17.7,35.32,4.17,0,3412,20261005
1369,ANTX,AN2 Therapeutics  Inc. - Common Stock,Healthcare,,1.666,364.8,49.2,1.4,0.54,12.0,-5.7,-10.7,5.61,0.19,0,3412,20261005
1370,BILL,BILL Holdings  Inc. Common Stock,Technology,,1.666,-6.5,50.8,82.3,0.37,6.9,-12.5,-21.0,44.49,3.57,0,3412,20261005
1371,FSLR,First Solar  Inc. - Common Stock,Technology,SP500,1.666,-10.6,47.6,473.6,0.44,1.8,-15.1,-44.6,176.16,18.5,0,3412,20261005
1372,FRST,Primis Financial Corp. - Common Stock,Financial Services,,1.666,59.6,50.8,2.3,0.43,-0.2,-3.7,-7.0,15.51,0.38,0,3412,20261005
1373,CAVA,CAVA Group  Inc. Common Stock,Consumer Cyclical,,1.666,-2.5,47.6,210.1,0.45,4.9,-12.3,-44.5,54.1,6.32,0,3412,20261005
1374,NOC,Northrop Grumman Corporation Common Stoc,Industrials,SP500,1.665,-11.3,47.6,497.2,0.47,-5.9,-9.9,-37.5,476.11,73.08,0,3412,20261005
1375,TLX,Telix Pharmaceuticals Limited - American,Healthcare,,1.665,14.9,55.6,5.9,0.93,-6.4,-7.3,-15.2,10.88,3.89,0,3412,20261005
1376,PESI,Perma-Fix Environmental Services  Inc. -,Industrials,,1.665,89.5,47.6,5.7,0.91,-1.0,-15.7,-20.3,15.49,0.33,0,3412,20261005
1377,FMX,Fomento Economico Mexicano S.A.B. de C.V,Consumer Defensive,,1.664,27.7,46.0,50.6,0.41,-1.6,-3.4,-12.2,116.92,39.24,0,3412,20261005
1378,ORCL,Oracle Corporation Common Stock,Technology,SP500,1.663,-46.1,49.2,5158.7,0.41,7.5,-7.5,-54.0,142.48,437.11,0,3412,20261005
1379,WDAY,Workday  Inc. - Class A Common Stock,Technology,SP500·NDX,1.662,-10.8,47.6,464.6,0.62,0.2,-8.7,-23.1,188.96,45.45,0,3412,20261005
1380,BSVN,Bank7 Corp. - Common stock,Financial Services,,1.661,15.6,61.9,3.0,0.54,-0.4,6.3,-2.9,55.77,0.52,0,3412,20261005
1381,MGY,Magnolia Oil & Gas Corporation Class A C,Energy,,1.661,19.3,44.4,131.4,0.98,1.2,-11.8,-25.4,24.0,6.46,0,3412,20261005
1382,MSI,Motorola Solutions  Inc. Common Stock,Technology,SP500,1.66,6.3,44.4,395.5,0.35,0.7,-3.6,-7.3,455.37,76.2,0,3412,20261005
1383,OGE,OGE Energy Corp Common Stock,Utilities,,1.66,7.0,47.6,89.8,0.41,0.6,-4.1,-10.0,44.97,9.24,0,3412,20261005
1384,CLBK,Columbia Financial  Inc. - Common Stock,Financial Services,,1.659,-20.6,55.6,55.6,1.24,3.9,-3.2,-53.8,11.33,2.98,0,3412,20261005
1385,ARCC,Ares Capital Corporation - Closed End Fu,Financial Services,,1.659,5.8,47.6,96.4,0.26,-1.6,-5.9,-6.8,18.82,13.9,0,3412,20261005
1386,PAM,Pampa Energia S.A.,Industrials,,1.659,39.8,47.6,16.8,0.35,4.5,-5.6,-13.3,79.99,4.22,0,3412,20261005
1387,WLY,John Wiley & Sons  Inc. Common Stock,Communication Services,,1.659,31.2,47.6,25.0,0.5,1.2,-4.9,-13.5,48.54,2.41,0,3412,20261005
1388,EGY,VAALCO Energy  Inc.  Common Stock,Energy,,1.659,63.1,47.6,8.4,0.38,0.5,-4.1,-11.3,5.79,0.61,0,3412,20261005
1389,IART,Integra LifeSciences Holdings Corporatio,Healthcare,,1.658,17.7,50.8,16.4,0.54,-18.3,-19.2,-33.0,13.29,0.99,0,3412,20261005
1390,JOE,St. Joe Company (The) Common Stock,Real Estate,,1.658,36.7,47.6,19.6,0.57,0.3,0.2,-8.4,66.21,3.72,0,3412,20261005
1391,BFC,Bank First Corporation - Common Stock,Financial Services,,1.658,25.9,50.8,10.0,0.38,0.1,-2.3,-4.5,151.22,1.66,0,3412,20261005
1392,XEL,Xcel Energy Inc. - Common Stock,Utilities,SP500·NDX,1.657,-1.9,46.0,437.4,0.29,3.0,-6.4,-13.5,71.49,43.34,0,3412,20261005
1393,PDS,Precision Drilling Corporation Common St,Energy,,1.657,62.1,47.6,8.5,0.41,9.7,-4.4,-13.5,88.22,1.05,0,3412,20261005
1394,CRD-A,Crawford & Company Common Stock,Financial Services,,1.657,32.2,58.7,1.0,0.58,0.9,-5.4,-7.1,12.71,0.61,0,3412,20261005
1395,XYZ,Block  Inc. Class A Common Stock ,Technology,SP500,1.656,8.5,44.4,304.3,0.38,4.0,-8.6,-10.2,76.23,44.04,0,3412,20261005
1396,LSTR,Landstar System  Inc. - Common Stock,Industrials,,1.655,47.3,42.9,59.8,0.42,3.5,-1.8,-23.9,171.22,5.81,0,3412,20261005
1397,CL,Colgate-Palmolive Company Common Stock,Consumer Defensive,SP500,1.655,17.2,41.3,482.5,0.36,-0.4,-4.3,-12.5,86.19,68.01,0,3412,20261005
1398,WS,Worthington Steel  Inc. Common Shares,Basic Materials,,1.654,15.5,52.4,11.7,0.54,6.1,8.7,-19.0,39.12,1.88,0,3412,20261005
1399,NVEC,NVE Corporation - Common Stock,Technology,,1.654,54.2,47.6,10.4,0.69,3.9,15.8,-15.0,114.13,0.53,0,3412,20261005
1400,ASAN,Asana  Inc. Class A Common Stock,Technology,,1.653,-25.1,54.0,77.3,0.57,5.8,-9.4,-39.8,9.14,1.88,0,3412,20261005
1401,ZVRA,Zevra Therapeutics  Inc.  - Common Stock,Healthcare,,1.653,34.7,49.2,11.5,0.77,-5.3,-14.7,-27.5,10.7,0.67,0,3412,20261005
1402,SSD,Simpson Manufacturing Company  Inc. Comm,Basic Materials,,1.653,5.8,49.2,56.0,0.44,-1.2,-3.0,-17.6,172.77,7.24,0,3412,20261005
1403,ELPC,Companhia Paranaense de Energia (COPEL) ,Utilities,,1.652,41.8,49.2,7.9,0.57,15.5,12.3,0.0,13.92,9.18,0,3412,20261005
1404,TCBX,Third Coast Bancshares  Inc. Common Stoc,Financial Services,,1.652,21.9,54.0,4.5,0.45,-0.7,-4.4,-7.0,42.89,0.72,0,3412,20261005
1405,JD,JD.com  Inc. - American Depositary Share,Consumer Cyclical,,1.652,-20.2,50.8,162.8,0.55,-0.9,-5.0,-24.0,26.36,34.82,0,3412,20261005
1406,ZWS,Zurn Elkay Water Solutions Corporation C,Industrials,,1.651,2.4,50.8,42.7,0.45,2.7,0.8,-9.6,47.99,7.75,0,3412,20261005
1407,EGBN,Eagle Bancorp  Inc. - Common Stock,Financial Services,,1.651,38.2,49.2,9.6,0.43,-0.5,2.0,-2.8,28.32,0.86,0,3412,20261005
1408,YETI,YETI Holdings  Inc. Common Stock,Consumer Cyclical,,1.651,18.3,46.0,74.1,0.61,-6.5,-2.2,-23.1,40.52,3.16,0,3412,20261005
1409,TFX,Teleflex Incorporated Common Stock,Healthcare,,1.65,12.8,46.0,106.7,0.44,-1.7,-10.5,-11.8,125.24,5.17,0,3412,20261005
1410,IR,Ingersoll Rand Inc. Common Stock,Industrials,SP500,1.65,-10.4,47.6,377.4,0.41,2.8,4.2,-20.4,78.55,29.52,0,3412,20261005
1411,AIN,Albany International Corporation Common ,Consumer Cyclical,,1.649,19.1,50.8,14.5,0.58,-1.0,-5.0,-21.6,59.48,1.7,0,3412,20261005
1412,UHS,Universal Health Services  Inc. Common S,Healthcare,SP500,1.648,-17.3,50.8,141.4,0.45,-0.8,4.0,-27.6,176.05,10.54,0,3412,20261005
1413,AIG,American International Group  Inc. New C,Financial Services,SP500,1.647,-1.8,46.0,382.7,0.55,3.2,-2.3,-12.2,75.12,38.06,0,3412,20261005
1414,CTS,CTS Corporation Common Stock,Technology,,1.647,42.6,47.6,14.3,0.55,3.8,9.0,-9.8,61.61,1.71,0,3412,20261005
1415,ZYME,Zymeworks Inc. - Common Stock,Healthcare,,1.647,76.9,44.4,21.2,0.5,-3.4,-12.3,-15.6,26.21,1.95,0,3412,20261005
1416,ORA,Ormat Technologies  Inc. Common Stock,Utilities,,1.646,4.7,47.6,98.3,0.45,1.0,-12.4,-37.0,91.29,5.89,0,3412,20261005
1417,AXP,American Express Company Common Stock,Financial Services,SP500,1.646,0.9,44.4,1046.8,0.39,-0.8,-7.8,-20.4,304.02,206.24,0,3412,20261005
1418,FSS,Federal Signal Corporation Common Stock,Industrials,,1.646,-0.0,50.8,50.9,0.38,1.2,-0.6,-12.9,116.43,6.85,0,3412,20261005
1419,INVA,Innoviva  Inc. - Common Stock,Healthcare,,1.645,20.9,49.2,22.3,0.66,-2.8,-3.3,-14.9,20.64,1.48,0,3412,20261005
1420,SCHL,Scholastic Corporation - Common Stock,Communication Services,,1.645,35.9,47.6,18.5,0.52,11.4,-2.4,-20.5,37.41,0.6,0,3412,20261005
1421,DUK,Duke Energy Corporation (Holding Company,Utilities,SP500,1.645,3.4,44.4,486.8,0.37,0.4,-6.2,-13.2,113.84,88.68,0,3412,20261005
1422,NOW,ServiceNow  Inc. Common Stock,Technology,SP500,1.645,-20.0,47.6,1572.1,0.46,3.5,-6.5,-28.1,136.08,145.55,0,3412,20261005
1423,BCRX,BioCryst Pharmaceuticals  Inc. - Common ,Healthcare,,1.644,37.7,44.4,51.5,0.57,-4.4,-19.7,-27.1,8.1,2.11,0,3412,20261005
1424,CYTK,Cytokinetics  Incorporated - Common Stoc,Healthcare,,1.644,31.3,41.3,150.0,0.39,-5.2,-15.2,-28.1,62.7,9.12,0,3412,20261005
1425,TBI,TrueBlue  Inc. Common Stock,Industrials,,1.644,76.5,49.2,2.7,0.66,-7.6,-10.3,-18.0,8.9,0.29,0,3412,20261005
1426,UMBF,UMB Financial Corporation - Common Stock,Financial Services,,1.643,22.6,44.4,96.9,0.37,-2.7,-9.5,-14.6,129.8,10.32,0,3412,20261005
1427,CZNC,Citizens & Northern Corp - Common Stock,Financial Services,,1.643,37.7,54.0,1.5,0.3,-0.2,-1.3,-2.4,25.5,0.45,0,3412,20261005
1428,ESTA,Establishment Labs Holdings Inc. - Commo,Healthcare,,1.642,71.2,44.4,22.4,0.44,1.7,-8.1,-30.5,66.47,1.88,0,3412,20261005
1429,KVYO,Klaviyo  Inc. Series A Common Stock,Technology,,1.641,-23.7,52.4,103.6,0.44,8.4,-15.5,-49.8,16.7,5.0,0,3412,20261005
1430,EGP,EastGroup Properties  Inc. Common Stock,Real Estate,,1.64,19.5,44.4,114.3,0.51,-3.3,-1.3,-12.3,195.84,10.48,0,3412,20261005
1431,EOLS,Evolus  Inc. - Common Stock,Healthcare,,1.639,45.0,49.2,6.4,0.58,-6.2,-17.5,-19.7,7.47,0.51,0,3412,20261005
1432,CHD,Church & Dwight Company  Inc. Common Sto,Consumer Defensive,SP500,1.638,13.0,44.4,181.5,0.27,0.0,-3.0,-8.5,95.66,22.35,0,3412,20261005
1433,PDEX,Pro-Dex  Inc. - Common Stock,Healthcare,,1.638,83.8,47.6,5.0,0.58,-8.7,5.9,-10.9,65.41,0.23,0,3412,20261005
1434,FBNC,First Bancorp - Common Stock,Financial Services,,1.637,25.1,49.2,16.1,0.62,-2.0,-4.0,-6.9,61.79,2.55,0,3412,20261005
1435,INDB,Independent Bank Corp. - Common Stock,Financial Services,,1.636,23.2,47.6,32.3,0.52,0.2,-3.8,-8.6,79.71,3.79,0,3412,20261005
1436,BLCO,Bausch + Lomb Corporation Common Shares,Healthcare,,1.636,22.9,52.4,6.0,0.35,1.3,-5.3,-7.7,17.17,6.12,0,3412,20261005
1437,PGC,Peapack-Gladstone Financial Corporation ,Financial Services,,1.635,71.1,47.6,6.1,0.61,0.5,-3.5,-8.3,44.34,0.79,0,3412,20261005
1438,PLGO,Pelagos Insurance Capital Limited Common,Financial Services,,1.634,45.7,47.6,11.9,0.77,2.6,-4.0,-5.6,24.53,1.99,0,3412,20261005
1439,SHC,Sotera Health Company - Common Stock,Healthcare,,1.633,19.8,47.6,38.0,0.52,0.5,-2.5,-5.2,18.55,5.23,0,3412,20261005
1440,ELE,Elemental Royalty Corporation - Common S,Basic Materials,,1.632,23.4,50.8,10.0,0.75,-8.2,-16.5,-25.2,18.08,1.41,0,3412,20261005
1441,BHB,Bar Harbor Bankshares  Inc. Common Stock,Financial Services,,1.632,38.7,50.8,4.3,0.58,0.1,-2.4,-4.1,39.24,0.65,0,3412,20261005
1442,SUZ,Suzano S.A. American Depositary Shares (,Basic Materials,,1.631,-2.9,54.0,25.3,0.46,-1.6,-7.9,-26.4,8.43,10.7,0,3412,20261005
1443,INTU,Intuit Inc. - Common Stock,Technology,SP500·NDX,1.63,-48.9,49.2,1090.5,0.38,5.7,-17.3,-58.0,284.68,75.11,0,3412,20261005
1444,WEYS,Weyco Group  Inc. - Common Stock,Consumer Cyclical,,1.63,63.1,50.8,1.6,0.49,6.5,13.6,-1.4,50.19,0.45,0,3412,20261005
1445,RJF,Raymond James Financial  Inc. Common Sto,Financial Services,SP500,1.63,10.0,44.4,214.6,0.5,-0.2,-11.2,-11.2,160.8,30.75,0,3412,20261005
1446,LEN,Lennar Corporation Class A Common Stock,Consumer Cyclical,SP500,1.629,-32.9,49.2,489.8,0.67,-9.3,-11.9,-43.2,74.44,17.93,0,3412,20261005
1447,HLIO,Helios Technologies  Inc. Common Stock,Industrials,,1.629,38.6,46.0,27.2,0.41,2.9,-1.6,-23.5,70.93,2.37,0,3412,20261005
1448,BRC,Brady Corporation Common Stock,Industrials,,1.628,16.9,49.2,25.0,0.57,1.6,-5.5,-13.1,85.41,3.92,0,3412,20261005
1449,LONA,LeonaBio  Inc. - Common Stock,Healthcare,,1.625,85.1,49.2,2.1,4.41,94.4,-27.5,-52.2,5.58,0.05,0,3412,20261005
1450,SAIL,SailPoint  Inc. - Common Stock,Technology,,1.624,-17.0,50.8,117.6,0.47,-1.4,4.6,-14.1,20.29,11.78,0,3412,20261005
1451,AMZN,Amazon.com  Inc. - Common Stock,Consumer Cyclical,SP500·NDX,1.624,16.4,38.1,8910.7,0.43,2.1,-2.9,-11.5,251.4,2660.66,0,3412,20261005
1452,SXI,Standex International Corporation Common,Industrials,,1.624,29.1,46.0,38.8,0.34,3.9,4.7,-19.1,289.24,3.44,0,3412,20261005
1453,PFIS,Peoples Financial Services Corp.  - Comm,Financial Services,,1.623,55.5,49.2,4.0,0.49,-0.4,-2.6,-4.1,69.08,0.69,0,3412,20261005
1454,EMN,Eastman Chemical Company Common Stock,Basic Materials,,1.623,14.0,46.0,83.6,0.42,-2.3,-8.2,-18.3,64.94,7.32,0,3412,20261005
1455,CVCO,Cavco Industries  Inc. - Common Stock,Consumer Cyclical,,1.623,-4.8,50.8,61.4,0.39,3.4,2.7,-17.4,576.27,4.44,0,3412,20261005
1456,ACM,AECOM Common Stock,Industrials,,1.623,-47.9,54.0,98.4,0.65,0.6,-10.6,-55.0,59.76,7.65,0,3412,20261005
1457,CIVB,Civista Bancshares  Inc.  - Common Stock,Financial Services,,1.623,40.0,50.8,3.6,0.43,0.4,-2.7,-8.5,26.82,0.55,0,3412,20261005
1458,WMS,Advanced Drainage Systems  Inc. Common S,Industrials,,1.623,-4.9,49.2,102.6,0.38,-1.0,-4.0,-25.9,129.43,9.86,0,3412,20261005
1459,BWIN,The Baldwin Insurance Group  Inc. - Clas,Financial Services,,1.622,12.1,44.4,173.8,1.6,0.3,2.2,-1.8,31.9,3.08,0,3412,20261005
1460,STEP,StepStone Group Inc. - Class A Common St,Financial Services,,1.622,-18.4,54.0,55.4,0.54,6.9,-9.5,-37.7,46.08,3.65,0,3412,20261005
1461,PRGS,Progress Software Corporation - Common S,Technology,,1.622,-3.7,54.0,25.8,0.52,-5.6,-16.6,-20.6,37.22,1.65,0,3412,20261005
1462,CHMG,Chemung Financial Corp  - Common Stock,Financial Services,,1.622,64.3,47.6,6.4,0.36,0.2,-3.1,-3.9,81.91,0.39,0,3412,20261005
1463,FIRY,Firy Inc. Class A Common Stock,Communication Services,,1.622,24.5,55.6,2.0,5.36,0.5,27.4,-4.0,12.57,0.2,0,3412,20261005
1464,SGML,Sigma Lithium Corporation - common share,Basic Materials,,1.621,88.1,42.9,25.6,0.52,0.6,-25.1,-59.6,9.56,1.08,0,3412,20261005
1465,SWX,Southwest Gas Holdings  Inc. Common Stoc,Utilities,,1.621,16.7,46.0,69.6,0.75,1.1,-6.7,-10.7,82.79,5.97,0,3412,20261005
1466,SD,SandRidge Energy  Inc. Common Stock,Energy,,1.621,32.6,50.8,5.3,0.44,0.9,-4.1,-21.2,13.72,0.51,0,3412,20261005
1467,FBLA,FB Bancorp  Inc. - Common Stock,Financial Services,,1.621,31.8,54.0,1.8,0.67,3.8,7.9,0.0,17.07,0.24,0,3412,20261005
1468,RNGR,Ranger Energy Services  Inc. Class A Com,Energy,,1.617,25.9,54.0,2.4,0.58,4.8,-5.5,-12.9,15.99,0.36,0,3412,20261005
1469,SFST,Southern First Bancshares  Inc. - Common,Financial Services,,1.617,45.2,49.2,5.5,0.35,1.2,-3.5,-6.1,60.67,0.57,0,3412,20261005
1470,FTV,Fortive Corporation Common Stock,Technology,SP500,1.616,16.0,44.4,123.7,0.4,2.9,-0.2,-10.4,57.38,17.02,0,3412,20261005
1471,DLX,Deluxe Corporation Common Stock,Industrials,,1.615,32.2,49.2,10.1,0.39,-5.1,-7.1,-27.1,22.67,1.05,0,3412,20261005
1472,FIBK,First Interstate BancSystem  Inc. - Comm,Financial Services,,1.615,23.1,46.0,49.5,0.45,-2.0,-5.0,-11.4,35.62,3.41,0,3412,20261005
1473,MRCY,Mercury Systems Inc - Common Stock,Industrials,,1.615,2.6,49.2,56.1,0.48,3.5,-2.1,-34.3,82.94,5.05,0,3412,20261005
1474,ENPH,Enphase Energy  Inc. - Common Stock,Technology,,1.615,-3.8,47.6,167.1,0.33,8.2,-7.9,-53.8,33.45,4.34,0,3412,20261005
1475,HNI,HNI Corporation Common Stock,Consumer Cyclical,,1.614,5.9,50.8,27.5,0.39,0.5,-2.4,-8.1,47.08,3.38,0,3412,20261005
1476,AIP,Arteris  Inc.  - Common Stock,Technology,,1.613,83.7,44.4,15.9,0.34,3.7,15.9,-50.7,23.97,1.14,0,3412,20261005
1477,HIG,The Hartford Insurance Group  Inc. Commo,Financial Services,SP500,1.613,7.2,44.4,244.5,0.4,0.1,-9.9,-13.0,126.21,34.14,0,3412,20261005
1478,UFPT,UFP Technologies  Inc. - Common Stock,Healthcare,,1.612,46.6,44.4,32.1,0.55,2.7,7.3,-8.2,307.33,2.29,0,3412,20261005
1479,CMG,Chipotle Mexican Grill  Inc. Common Stoc,Consumer Cyclical,SP500,1.612,-6.7,46.0,496.1,0.41,-3.1,-17.9,-27.2,30.85,40.51,0,3412,20261005
1480,WERN,Werner Enterprises  Inc. - Common Stock,Industrials,,1.612,47.9,44.4,30.9,0.5,1.8,-11.3,-27.8,34.15,2.01,0,3412,20261005
1481,OHI,Omega Healthcare Investors  Inc. Common ,Real Estate,,1.612,18.3,44.4,104.1,0.37,-2.8,-3.6,-12.3,45.36,13.99,0,3412,20261005
1482,JBIO,Jade Biosciences  Inc. - Common Stock,Healthcare,,1.611,138.3,42.9,17.3,0.5,-2.0,-29.1,-47.6,14.07,0.9,0,3412,20261005
1483,KBR,KBR  Inc. Common Stock,Industrials,,1.611,-19.8,54.0,54.9,0.43,-0.9,-7.4,-26.3,34.52,4.32,0,3412,20261005
1484,AVNT,Avient Corporation Common Stock,Basic Materials,,1.61,34.9,46.0,28.5,0.4,1.0,-3.1,-10.2,41.6,3.74,0,3412,20261005
1485,SHAK,Shake Shack  Inc. Class A Common Stock,Consumer Cyclical,,1.61,-26.7,52.4,92.4,0.65,8.5,-10.0,-40.4,62.4,2.24,0,3412,20261005
1486,VLY,Valley National Bancorp - Common Stock,Financial Services,,1.61,35.0,41.3,101.5,0.35,-0.2,-8.2,-16.0,12.76,7.23,0,3412,20261005
1487,COFS,ChoiceOne Financial Services  Inc. - Com,Financial Services,,1.61,24.7,54.0,2.5,0.39,0.3,-2.9,-4.5,33.05,0.48,0,3412,20261005
1488,ADP,Automatic Data Processing  Inc. - Common,Technology,SP500·NDX,1.609,0.0,44.4,600.0,0.36,-0.6,-8.2,-9.5,260.26,103.74,0,3412,20261005
1489,CCSI,Consensus Cloud Solutions  Inc. - Common,Technology,,1.609,23.6,52.4,4.7,0.41,5.6,3.6,-8.7,36.38,0.64,0,3412,20261005
1490,MSGE,Madison Square Garden Entertainment Corp,Communication Services,,1.609,66.8,41.3,44.1,0.59,-2.2,2.8,-9.5,80.01,3.71,0,3412,20261005
1491,WASH,Washington Trust Bancorp  Inc. - Common ,Financial Services,,1.609,47.8,49.2,4.7,0.47,-1.0,-4.1,-5.3,38.12,0.73,0,3412,20261005
1492,AWI,Armstrong World Industries Inc Common St,Industrials,,1.609,-12.4,52.4,56.4,0.59,-0.8,-4.3,-19.3,163.47,6.89,0,3412,20261005
1493,RELX,RELX PLC PLC American Depositary Shares ,Industrials,,1.606,-19.8,52.4,74.0,0.37,2.3,-7.7,-26.3,33.82,58.26,0,3412,20261005
1494,RHLD,Resolute Holdings Management Common Stoc,Industrials,,1.606,86.5,44.4,14.8,0.33,-6.9,-16.5,-48.9,115.63,0.98,0,3412,20261005
1495,SATL,Satellogic Inc. - Class A Common Stock,Industrials,,1.606,31.9,46.0,31.5,0.42,-12.1,14.9,-50.5,5.32,0.95,0,3412,20261005
1496,BW,Babcock & Wilcox Enterprises  Inc. Commo,Industrials,,1.605,151.9,39.7,32.6,0.58,-1.9,-20.9,-74.2,5.64,0.87,0,3412,20261005
1497,BAX,Baxter International Inc. Common Stock,Healthcare,SP500,1.605,10.3,44.4,173.3,0.44,3.1,-5.3,-14.5,24.22,12.14,0,3412,20261005
1498,BATRK,Atlanta Braves Holdings  Inc. - Series C,Communication Services,,1.604,23.8,47.6,26.2,0.45,-3.9,2.7,-3.9,52.17,3.46,0,3412,20261005
1499,XPEL,XPEL  Inc. - Common Stock,Consumer Cyclical,,1.604,48.2,47.6,8.9,0.46,4.7,-11.6,-18.1,44.99,1.18,0,3412,20261005
1500,CNMD,CONMED Corporation Common Stock,Healthcare,,1.602,6.1,52.4,15.6,0.81,1.8,-4.2,-8.7,47.33,1.38,0,3412,20261005
1501,LUNR,Intuitive Machines  Inc. - Class A Commo,Industrials,,1.601,31.0,41.3,116.2,0.4,-6.0,-2.8,-68.7,14.29,2.31,0,3412,20261005
1502,NBTB,NBT Bancorp Inc. - Common Stock,Financial Services,,1.601,29.6,47.6,19.2,0.38,0.3,-1.3,-5.4,50.95,2.62,0,3412,20261005
1503,MAS,Masco Corporation Common Stock,Industrials,SP500,1.6,2.5,46.0,164.0,0.56,0.1,-4.1,-16.9,68.46,13.5,0,3412,20261005
1504,NML,Neuberger Energy Infrastructure and Inco,Financial Services,,1.6,33.1,54.0,1.4,0.47,-0.8,-5.5,-7.3,10.06,0.59,0,3412,20261005
1505,BLZE,Backblaze  Inc. - Common Stock,Technology,,1.6,38.1,46.0,23.6,0.76,2.5,4.3,-32.1,13.88,0.87,0,3412,20261005
1506,AEG,Aegon Ltd. New York Registry Shares,Financial Services,,1.599,23.3,46.0,44.9,0.37,-3.5,-7.7,-8.5,8.49,13.02,0,3412,20261005
1507,WAL-PA,Western Alliance Bancorporation Deposita,Financial Services,,1.599,14.9,63.5,1.9,2.22,-0.1,-0.4,-0.6,24.84,,0,3412,20261005
1508,AAL,American Airlines Group  Inc. - Common S,Industrials,,1.598,13.5,39.7,913.2,0.49,-5.1,-1.1,-29.3,12.83,8.95,0,3412,20261005
1509,SNPS,Synopsys  Inc. - Common Stock,Technology,SP500·NDX,1.598,-11.6,46.0,1006.2,0.52,17.0,17.3,-8.6,488.47,81.59,0,3412,20261005
1510,ROP,Roper Technologies  Inc. - Common Stock,Technology,SP500·NDX,1.598,-14.4,47.6,331.9,0.48,2.6,-14.0,-29.6,363.38,35.46,0,3412,20261005
1511,VCYT,Veracyte  Inc. - Common Stock,Healthcare,,1.598,25.4,44.4,65.4,0.58,5.4,6.7,-21.2,47.67,3.65,0,3412,20261005
1512,EHC,Encompass Health Corporation Common Stoc,Healthcare,,1.598,-0.2,47.6,111.3,0.33,-2.5,-1.3,-4.3,120.97,11.75,0,3412,20261005
1513,PRDO,Perdoceo Education Corporation - Common ,Consumer Defensive,,1.598,-8.9,55.6,23.3,0.44,5.1,-5.0,-16.1,31.54,1.98,0,3412,20261005
1514,ANAB,AnaptysBio  Inc. - Common Stock,Healthcare,,1.597,175.0,39.7,30.1,0.55,-3.1,-14.4,-29.5,49.2,1.51,0,3412,20261005
1515,OSPN,OneSpan Inc. - Common Stock,Technology,,1.597,12.0,52.4,10.3,0.58,3.0,9.9,0.0,18.42,0.65,0,3412,20261005
1516,GRNQ,Greenpro Capital Corp. - Common Stock,Industrials,,1.596,799.4,47.6,1.7,2.11,-10.1,-39.2,-53.8,8.69,0.01,0,3412,20261005
1517,INFU,InfuSystems Holdings  Inc. Common Stock,Healthcare,,1.596,19.2,57.1,1.9,0.67,4.8,10.8,0.0,13.49,0.26,0,3412,20261005
1518,ARES,Ares Management Corporation Class A Comm,Financial Services,SP500,1.596,-3.2,46.0,285.2,0.48,-1.0,-17.2,-32.3,117.13,27.06,0,3412,20261005
1519,SYM,Symbotic Inc. - Class A Common Stock,Industrials,,1.595,-34.6,54.0,71.0,0.42,2.1,3.1,-50.9,42.87,5.65,0,3412,20261005
1520,AMLX,Amylyx Pharmaceuticals  Inc. - Common St,Healthcare,,1.595,155.5,36.5,44.2,1.35,-6.9,-18.2,-30.0,27.78,3.74,0,3412,20261005
1521,LBRX,LB Pharmaceuticals Inc - Common Stock,Healthcare,,1.594,207.4,42.9,14.5,0.49,-8.6,-27.1,-30.0,34.62,1.12,0,3412,20261005
1522,FTDR,Frontdoor  Inc. - Common Stock,Consumer Cyclical,,1.594,21.1,46.0,49.0,0.36,6.4,-6.2,-14.5,77.62,5.2,0,3412,20261005
1523,FHN,First Horizon Corporation Common Stock,Financial Services,,1.593,13.4,44.4,127.5,0.45,0.7,-6.4,-10.9,23.36,10.92,0,3412,20261005
1524,GPN,Global Payments Inc. Common Stock,Industrials,SP500,1.593,7.3,44.4,209.5,0.37,-3.0,-10.5,-13.3,82.18,21.25,0,3412,20261005
1525,WATT,Energous Corporation - Common Stock,Technology,,1.592,36.0,52.4,1.9,0.57,0.5,20.3,-63.7,12.81,0.07,0,3412,20261005
1526,SVM,Silvercorp Metals Inc. Common Shares,Basic Materials,,1.592,97.9,42.9,20.0,0.34,-2.0,-19.5,-32.8,10.55,2.51,0,3412,20261005
1527,MAKO,Mako Mining Corp - Common Stock,Basic Materials,,1.592,76.0,49.2,1.9,0.6,-3.7,-12.3,-18.0,9.08,0.8,0,3412,20261005
1528,EIG,Employers Holdings Inc Common Stock,Financial Services,,1.592,21.2,50.8,8.8,0.39,2.2,-2.2,-6.0,48.79,0.87,0,3412,20261005
1529,PGNY,Progyny  Inc. - Common Stock,Healthcare,,1.59,29.5,46.0,32.1,0.42,1.3,-2.8,-20.1,25.86,1.99,0,3412,20261005
1530,INTA,Intapp  Inc. - Common Stock,,,1.59,8.5,50.8,20.8,0.41,5.6,-13.3,-21.6,37.38,2.79,0,3412,20261005
1531,VOYG,Voyager Technologies  Inc. Class A Commo,Industrials,,1.59,2.0,47.6,86.3,0.97,-9.0,-7.6,-41.7,30.2,2.02,0,3412,20261005
1532,ACIW,ACI Worldwide  Inc. - Common Stock,Technology,,1.59,-0.2,50.8,38.6,0.47,4.5,-3.2,-14.9,51.22,4.95,0,3412,20261005
1533,ALRS,Alerus Financial Corporation - Common St,Financial Services,,1.589,57.0,47.6,6.3,0.47,1.1,-2.9,-5.0,32.4,0.79,0,3412,20261005
1534,HAFC,Hanmi Financial Corporation - Common Sto,Financial Services,,1.589,33.6,49.2,7.7,0.39,-0.3,-1.1,-5.4,31.5,0.94,0,3412,20261005
1535,OVBC,Ohio Valley Banc Corp. - Common Stock,Financial Services,,1.588,31.0,54.0,1.4,0.66,0.1,-3.7,-10.8,44.72,0.21,0,3412,20261005
1536,AVBC,Avidia Bancorp  Inc. Common Stock,Financial Services,,1.588,50.4,49.2,3.5,0.58,1.0,-0.5,-2.9,21.93,0.4,0,3412,20261005
1537,HGTY,Hagerty  Inc. Class A Common Stock,Financial Services,,1.587,11.0,52.4,10.2,2.85,1.6,2.2,-1.9,13.75,1.52,0,3412,20261005
1538,BLX,Bladex  Inc. Class E Common Stock,Financial Services,,1.587,27.5,49.2,10.6,0.36,0.1,-1.5,-12.4,55.02,2.05,0,3412,20261005
1539,STRD,Strategy Inc - 10.00% Series A Perpetual,Technology,,1.587,1.2,58.7,7.2,0.58,1.5,-2.9,-3.4,73.65,0.87,0,3412,20261005
1540,OTTR,Otter Tail Corporation - Common Stock,Industrials,,1.586,15.0,49.2,23.3,0.61,-0.1,-1.0,-5.6,88.42,3.71,0,3412,20261005
1541,GRBK,Green Brick Partners  Inc. Common Stock,Consumer Cyclical,,1.585,-7.3,54.0,25.9,0.56,-4.1,-7.5,-18.8,65.47,2.86,0,3412,20261005
1542,KARO,Karooooo Ltd. - Ordinary shares,Technology,,1.585,14.2,54.0,4.9,0.59,0.3,-7.3,-11.2,61.0,1.85,0,3412,20261005
1543,AZN,AstraZeneca PLC Ordinary Shares,Healthcare,,1.583,-0.5,44.4,483.9,0.61,-5.8,-5.0,-25.0,156.53,254.67,0,3412,20261005
1544,MIR,Mirion Technologies  Inc. Class A Common,Industrials,,1.582,-26.8,54.0,56.7,0.42,4.0,-11.0,-49.8,14.92,3.63,0,3412,20261005
1545,KNSL,Kinsale Capital Group  Inc. Common Stock,Financial Services,,1.582,-13.2,50.8,76.1,0.37,2.3,-13.2,-30.4,332.42,7.57,0,3412,20261005
1546,USLM,United States Lime & Minerals  Inc. - Co,Basic Materials,,1.582,-11.1,58.7,17.1,0.54,-0.5,-4.4,-20.5,110.78,3.2,0,3412,20261005
1547,TSCO,Tractor Supply Company - Common Stock,Consumer Cyclical,SP500,1.581,-37.0,49.2,336.7,0.37,-2.0,-9.2,-42.9,31.42,16.81,0,3412,20261005
1548,TSAT,Telesat Corporation - Class A Common Sha,Technology,,1.581,58.7,47.6,5.5,0.83,-2.6,4.8,-24.8,46.17,0.73,0,3412,20261005
1549,NWFL,Norwood Financial Corp. - Common Stock,Financial Services,,1.58,42.5,52.4,1.2,0.43,-0.4,-2.6,-4.2,33.76,0.36,0,3412,20261005
1550,FR,First Industrial Realty Trust  Inc. Comm,Real Estate,,1.58,22.8,44.4,68.8,0.51,-3.3,-4.0,-14.0,59.22,7.8,0,3412,20261005
1551,SBET,Sharplink  Inc. - Common Stock,Financial Services,,1.58,-50.4,54.0,79.5,0.38,0.9,6.8,-50.2,9.59,2.09,0,3412,20261005
1552,BALL,Ball Corporation Common Stock,Consumer Cyclical,SP500,1.58,26.4,41.3,124.0,0.27,-0.0,-9.2,-14.9,57.11,15.0,0,3412,20261005
1553,MATV,Mativ Holdings  Inc. Common Stock,Basic Materials,,1.579,17.7,52.4,5.8,0.44,2.3,-3.3,-17.1,12.11,0.67,0,3412,20261005
1554,IPGP,IPG Photonics Corporation - Common Stock,Technology,,1.578,-5.9,52.4,33.4,0.4,8.2,9.3,-45.7,83.6,3.58,0,3412,20261005
1555,MKC,McCormick & Company  Incorporated Common,Consumer Defensive,SP500,1.578,-20.3,49.2,189.5,0.51,-6.0,-13.4,-35.3,45.54,12.25,0,3412,20261005
1556,CTRI,Centuri Holdings  Inc. Common Stock,Utilities,,1.577,-0.8,50.8,36.8,0.63,4.0,1.0,-50.4,20.72,2.07,0,3412,20261005
1557,OPTX,Syntec Optics Holdings  Inc. - Class A C,Technology,,1.577,394.3,46.0,3.4,0.64,38.2,26.3,-30.5,9.8,0.31,0,3412,20261005
1558,FE,FirstEnergy Corp. Common Stock,Utilities,SP500,1.576,6.6,44.4,194.2,0.32,1.4,-7.2,-15.1,43.64,25.1,0,3412,20261005
1559,TEX,Terex Corporation Common Stock,Industrials,,1.576,21.1,44.4,72.5,0.45,2.5,-9.3,-23.7,56.9,6.55,0,3412,20261005
1560,RBLX,Roblox Corporation Class A Common Stock,Communication Services,,1.576,-68.9,49.2,556.0,0.73,6.5,7.4,-67.8,44.58,34.88,0,3412,20261005
1561,SHW,Sherwin-Williams Company (The) Common St,Basic Materials,SP500,1.576,-2.5,44.4,563.1,0.31,-4.3,-4.2,-13.9,318.46,79.89,0,3412,20261005
1562,MVBF,MVB Financial Corp. - Common Stock,Financial Services,,1.574,22.1,55.6,1.6,0.52,0.8,-3.2,-5.4,29.92,0.39,0,3412,20261005
1563,EXPO,Exponent  Inc. - Common Stock,Industrials,,1.574,4.4,49.2,40.6,0.43,6.8,-1.4,-12.6,68.75,3.32,0,3412,20261005
1564,EZPW,EZCORP  Inc. - Class A Non-Voting Common,Financial Services,,1.574,83.8,42.9,20.6,0.59,-1.1,-8.4,-14.3,30.5,1.85,0,3412,20261005
1565,TRT,Trio-Tech International - Common Stock,Technology,,1.574,260.0,46.0,3.5,1.25,-4.4,-40.7,-69.4,6.14,0.06,0,3412,20261005
1566,DBD,Diebold Nixdorf Incorporated Common stoc,Technology,,1.573,19.2,49.2,15.9,0.39,7.8,-3.8,-27.7,65.63,2.14,0,3412,20261005
1567,CV,CapsoVision  Inc. - Common Stock,Healthcare,,1.573,24.4,54.0,2.0,1.29,-4.8,10.3,-54.3,6.59,0.34,0,3412,20261005
1568,TCBI,Texas Capital Bancshares  Inc. - Common ,Financial Services,,1.573,16.6,46.0,55.0,0.37,-1.1,-4.2,-12.9,93.69,4.17,0,3412,20261005
1569,BNED,Barnes & Noble Education  Inc Common Sto,Consumer Cyclical,,1.572,25.3,52.4,3.0,0.62,3.2,-5.4,-15.5,11.54,0.4,0,3412,20261005
1570,FTAI,FTAI Aviation Ltd. - Common Stock,Industrials,,1.572,16.5,41.3,240.1,0.47,-1.4,-17.4,-46.7,164.7,17.18,0,3412,20261005
1571,GSK,GSK plc American Depositary Shares (Each,Healthcare,,1.572,20.6,41.3,175.7,0.45,-6.3,-8.5,-21.9,46.55,94.23,0,3412,20261005
1572,LGIH,LGI Homes  Inc. - Common Stock,Consumer Cyclical,,1.571,4.2,52.4,15.0,0.42,-5.2,-14.7,-29.5,46.45,1.08,0,3412,20261005
1573,ALGN,Align Technology  Inc. - Common Stock,Healthcare,SP500,1.57,24.2,41.3,138.1,0.33,-3.0,-12.0,-28.8,140.65,10.23,0,3412,20261005
1574,MTLS,Materialise NV - American Depositary Sha,Technology,,1.57,20.2,55.6,1.8,0.86,-0.3,21.6,-2.3,8.55,0.46,0,3412,20261005
1575,SA,Seabridge Gold  Inc. Common Shares New,Basic Materials,,1.57,31.1,47.6,14.9,0.62,-4.7,-16.6,-31.0,27.16,3.27,0,3412,20261005
1576,GHC,Graham Holdings Company Common Stock,Industrials,,1.568,-2.6,50.8,39.8,0.47,1.3,2.9,-6.4,1155.36,4.88,0,3412,20261005
1577,FRHC,Freedom Holding Corp. - Common Stock,Financial Services,,1.568,-5.3,55.6,15.5,0.58,-0.5,6.1,-1.6,173.49,11.06,0,3412,20261005
1578,FNB,F.N.B. Corporation Common Stock,Financial Services,,1.568,18.2,44.4,81.2,0.54,-0.2,-5.8,-10.1,17.4,6.14,0,3412,20261005
1579,IBM,International Business Machines Corporat,Technology,SP500,1.567,-16.6,46.0,1398.2,1.13,0.4,-5.6,-32.7,221.58,209.76,0,3412,20261005
1580,CRVS,Corvus Pharmaceuticals  Inc. - Common St,Healthcare,,1.567,108.1,42.9,15.6,0.58,-9.5,-26.7,-57.9,10.74,0.92,0,3412,20261005
1581,MASS,908 Devices Inc. - Common Stock,Healthcare,,1.567,14.7,54.0,4.3,0.58,9.8,27.5,0.0,12.8,0.53,0,3412,20261005
1582,VC,Visteon Corporation - Common Stock,Consumer Cyclical,,1.567,-15.2,52.4,51.3,0.44,2.7,-12.7,-27.7,89.27,2.41,0,3412,20261005
1583,TRNO,Terreno Realty Corporation Common Stock,Real Estate,,1.566,16.9,46.0,52.3,0.39,-3.2,-2.1,-14.2,64.43,7.2,0,3412,20261005
1584,GLXY,Galaxy Digital Inc. - Class A common sto,Financial Services,,1.566,-27.4,50.8,118.1,0.35,-2.4,-14.5,-47.2,22.65,4.47,0,3412,20261005
1585,RRX,Regal Rexnord Corporation Common Stock,Industrials,,1.565,13.9,42.9,179.8,0.43,3.1,-0.8,-32.3,161.26,10.4,0,3412,20261005
1586,MCS,Marcus Corporation (The) Common Stock,Communication Services,,1.565,83.6,46.0,6.3,0.51,-7.1,-3.3,-14.1,26.66,0.82,0,3412,20261005
1587,MAC,Macerich Company (The) Common Stock,Real Estate,,1.564,31.9,41.3,87.6,0.81,1.3,-0.8,-13.7,22.87,6.49,0,3412,20261005
1588,ALX,Alexander's  Inc. Common Stock,Real Estate,,1.564,16.5,50.8,9.9,0.42,-1.5,-6.8,-14.3,245.23,1.26,0,3412,20261005
1589,DEC,Diversified Energy Company Common Stock,Energy,,1.564,22.7,49.2,12.3,0.5,0.3,-13.4,-22.7,13.61,0.93,0,3412,20261005
1590,MITK,Mitek Systems  Inc. - Common Stock,Technology,,1.563,92.5,44.4,10.7,0.43,2.8,-6.1,-12.1,17.7,0.8,0,3412,20261005
1591,SENS,Senseonics Holdings  Inc. - Common Stock,Healthcare,,1.563,13.5,52.4,7.1,0.53,4.8,4.1,-8.8,10.31,0.53,0,3412,20261005
1592,WGS,GeneDx Holdings Corp. - Class A Common S,Healthcare,,1.563,-25.5,52.4,70.3,0.54,-11.2,-12.7,-54.5,76.27,2.56,0,3412,20261005
1593,GVA,Granite Construction Incorporated Common,Industrials,,1.563,9.8,46.0,75.8,0.65,2.7,-0.5,-25.8,118.9,5.33,0,3412,20261005
1594,RMD,ResMed Inc. Common Stock,Healthcare,SP500,1.563,-16.3,47.6,272.9,0.41,0.3,-2.8,-20.5,222.86,32.02,0,3412,20261005
1595,HSY,The Hershey Company Common Stock,Consumer Defensive,SP500,1.562,-4.6,46.0,256.6,0.39,-2.1,-8.0,-30.8,161.01,32.19,0,3412,20261005
1596,MPB,Mid Penn Bancorp - Common Stock,Financial Services,,1.562,31.8,50.8,3.6,0.43,1.1,-1.9,-5.5,36.42,0.92,0,3412,20261005
1597,REPL,Replimune Group  Inc. - Common Stock,Healthcare,,1.562,228.8,38.1,29.3,1.25,4.7,-14.0,-17.7,13.15,1.19,0,3412,20261005
1598,SYK,Stryker Corporation Common Stock,Healthcare,SP500,1.562,-15.3,46.0,890.5,0.37,3.6,-7.4,-26.0,285.22,104.47,0,3412,20261005
1599,GPCR,Structure Therapeutics Inc. - American D,Healthcare,,1.561,77.8,36.5,55.9,0.67,-21.3,-41.7,-70.6,27.59,2.07,0,3412,20261005
1600,AMCR,Amcor plc Ordinary Shares,Consumer Cyclical,SP500,1.561,16.6,42.9,138.8,0.32,-2.3,-7.6,-13.7,41.8,19.61,0,3412,20261005
1601,RILYZ,BRC Group Holdings  Inc. - 5.25% Senior ,,,1.561,78.8,49.2,1.4,1.48,1.5,-5.7,-6.8,19.6,,0,3412,20261005
1602,HOMB,Home BancShares  Inc. Common Stock,Financial Services,,1.561,9.6,47.6,46.7,0.41,-1.0,-4.8,-9.2,28.57,5.74,0,3412,20261005
1603,AXTA,Axalta Coating Systems Ltd. Common Share,Basic Materials,,1.561,27.6,42.9,73.2,0.47,0.0,-9.1,-14.4,32.68,6.99,0,3412,20261005
1604,IBP,Installed Building Products  Inc. Common,Consumer Cyclical,,1.561,-1.5,47.6,97.8,0.45,-2.5,-19.6,-43.9,191.11,5.13,0,3412,20261005
1605,IBEX,IBEX Limited - Common Share,Technology,,1.56,-0.3,58.7,7.0,0.54,-2.3,9.9,-2.7,43.33,0.58,0,3412,20261005
1606,KFY,Korn Ferry Common Stock,Industrials,,1.559,26.6,44.4,51.1,0.62,0.6,-16.2,-16.9,71.71,4.01,0,3412,20261005
1607,CRUS,Cirrus Logic  Inc. - Common Stock,Technology,,1.559,-10.7,49.2,98.5,0.39,1.5,7.3,-32.2,121.35,6.02,0,3412,20261005
1608,TAK,Takeda Pharmaceutical Company Limited Am,Healthcare,,1.558,29.6,44.4,44.9,0.41,-5.8,-4.8,-6.5,17.81,60.23,0,3412,20261005
1609,MGRC,McGrath RentCorp - Common Stock,Industrials,,1.558,-4.0,54.0,18.0,0.35,1.5,6.1,-5.5,116.57,2.85,0,3412,20261005
1610,GLBE,Global-E Online Ltd. - ordinary shares,Consumer Cyclical,,1.558,4.7,47.6,61.3,0.51,1.2,3.8,-6.1,39.76,6.75,0,3412,20261005
1611,ADUS,Addus HomeCare Corporation - Common Stoc,Healthcare,,1.558,2.8,50.8,24.9,0.36,1.0,-4.8,-8.0,112.98,2.09,0,3412,20261005
1612,ESE,ESCO Technologies Inc. Common Stock,Technology,,1.557,29.9,42.9,67.0,0.54,2.2,-0.7,-23.4,271.92,6.99,0,3412,20261005
1613,POWI,Power Integrations  Inc. - Common Stock,Technology,,1.557,32.1,44.4,39.8,0.41,4.9,7.6,-37.5,54.36,2.84,0,3412,20261005
1614,SWBI,Smith & Wesson Brands  Inc. - Common Sto,Industrials,,1.556,28.8,49.2,7.8,0.47,4.8,19.8,-11.0,14.7,0.64,0,3412,20261005
1615,GRC,Gorman-Rupp Company (The) Common Stock,Industrials,,1.555,61.4,44.4,15.7,0.55,2.0,3.3,-15.3,77.55,1.98,0,3412,20261005
1616,VFC,V.F. Corporation Common Stock,Consumer Cyclical,,1.555,-13.3,49.2,113.8,0.49,-1.0,8.6,-33.4,14.27,5.56,0,3412,20261005
1617,OTIS,Otis Worldwide Corporation Common Stock,Industrials,SP500,1.555,-20.8,47.6,344.5,0.42,-0.7,-7.8,-28.8,65.88,25.38,0,3412,20261005
1618,OMCL,Omnicell  Inc. - Common Stock,Healthcare,,1.553,16.1,49.2,17.0,0.43,2.3,-0.5,-32.6,34.64,1.5,0,3412,20261005
1619,PD,PagerDuty  Inc. Common Stock,Technology,,1.553,-14.4,55.6,24.4,0.42,7.7,10.6,-4.6,15.59,1.18,0,3412,20261005
1620,CVBF,CVB Financial Corporation - Common Stock,Financial Services,,1.552,23.2,46.0,34.9,0.38,-0.3,-1.6,-5.1,22.12,3.87,0,3412,20261005
1621,LXU,LSB Industries  Inc. Common Stock,Basic Materials,,1.552,40.4,47.6,8.5,0.38,3.5,-9.3,-39.7,10.18,0.73,0,3412,20261005
1622,AMCX,AMC Global Media Inc. - Class A Common S,Communication Services,,1.552,63.3,46.0,7.9,0.72,-7.4,-12.9,-13.3,11.14,0.48,0,3412,20261005
1623,SPGI,S&P Global Inc. Common Stock,Financial Services,SP500,1.552,0.8,42.9,779.9,0.35,-1.3,-13.2,-23.8,390.92,118.89,0,3412,20261005
1624,GABC,German American Bancorp  Inc. - Common S,Financial Services,,1.551,31.1,49.2,6.8,0.37,-0.1,-1.0,-4.1,49.28,1.83,0,3412,20261005
1625,ASIC,Ategrity Specialty Insurance Company Hol,Financial Services,,1.55,58.5,49.2,2.1,0.48,-3.2,-6.0,-10.2,25.73,1.26,0,3412,20261005
1626,RBB,RBB Bancorp - Common Stock,Financial Services,,1.549,49.8,49.2,2.6,0.52,-0.4,-1.7,-6.1,26.22,0.45,0,3412,20261005
1627,HIW,Highwoods Properties  Inc. Common Stock,Real Estate,,1.549,3.8,49.2,36.7,0.38,0.3,-4.9,-12.9,29.49,3.27,0,3412,20261005
1628,CXT,Crane NXT  Co. Common Stock,Industrials,,1.549,-23.1,57.1,28.1,0.24,3.5,-1.7,-27.6,49.16,2.77,0,3412,20261005
1629,HLI,Houlihan Lokey  Inc. Class A Common Stoc,Financial Services,,1.548,-30.8,50.8,114.7,0.6,-2.0,-7.3,-36.2,126.9,8.83,0,3412,20261005
1630,PDLB,Ponce Financial Group  Inc. - Common Sto,Financial Services,,1.548,42.6,50.8,1.8,0.42,0.3,-1.1,-2.3,20.28,0.49,0,3412,20261005
1631,SW,Smurfit WestRock plc Ordinary Shares,Consumer Cyclical,SP500,1.547,11.3,42.9,193.8,0.33,-5.9,-6.3,-16.5,42.41,24.34,0,3412,20261005
1632,DUOL,Duolingo  Inc. - Class A Common Stock,Technology,,1.547,-49.3,50.8,158.7,0.44,9.5,-7.4,-57.6,147.1,6.83,0,3412,20261005
1633,SMTI,Sanara MedTech Inc. - Common Stock,Healthcare,,1.547,12.4,52.4,6.9,1.48,-0.3,0.8,-0.8,35.0,0.32,0,3412,20261005
1634,NBN,Northeast Bank - Common Stock,Financial Services,,1.547,40.5,46.0,15.4,0.3,-0.3,-4.5,-8.5,125.83,1.11,0,3412,20261005
1635,TRU,TransUnion Common Stock,Financial Services,,1.546,16.3,41.3,203.4,0.51,-3.6,-24.8,-27.1,63.82,13.25,0,3412,20261005
1636,COIN,Coinbase Global  Inc. - Class A Common S,Financial Services,SP500,1.546,-48.2,47.6,1784.2,0.49,-1.9,-2.3,-51.4,188.22,49.18,0,3412,20261005
1637,AGM,Federal Agricultural Mortgage Corporatio,Financial Services,,1.545,41.3,44.4,26.4,0.45,-0.6,-5.2,-11.3,214.46,2.34,0,3412,20261005
1638,NXT,Nextpower Inc. - Common Stock,Technology,,1.544,5.2,44.4,171.4,0.46,4.9,-0.6,-47.0,82.97,12.41,0,3412,20261005
1639,GRMN,Garmin Ltd. Common Stock (Switzerland),Technology,SP500,1.544,8.9,42.9,233.3,0.57,-2.9,3.0,-8.8,285.52,54.47,0,3412,20261005
1640,BABA,Alibaba Group Holding Limited American D,Consumer Cyclical,,1.544,-40.4,47.6,913.9,0.58,1.9,-0.9,-40.5,110.8,267.88,0,3412,20261005
1641,BKV,BKV Corporation Common Stock,Energy,,1.544,11.5,46.0,63.4,1.76,-0.5,-17.1,-32.2,21.79,2.37,0,3412,20261005
1642,NLY,Annaly Capital Management Inc. Common St,Real Estate,,1.543,21.6,38.1,264.7,0.53,-10.2,-20.0,-23.0,18.27,15.86,0,3412,20261005
1643,HSTM,HealthStream  Inc. - Common Stock,Healthcare,,1.542,8.7,54.0,5.7,0.31,8.2,6.1,0.0,31.54,0.94,0,3412,20261005
1644,TRN,Trinity Industries  Inc. Common Stock,Industrials,,1.542,4.4,50.8,20.3,0.44,-4.4,-6.1,-30.7,26.39,2.22,0,3412,20261005
1645,REX,REX American Resources Corporation,Basic Materials,,1.542,33.2,47.6,11.2,0.57,1.9,4.3,-15.1,43.41,1.44,0,3412,20261005
1646,BX,Blackstone Inc. Common Stock,Financial Services,SP500,1.541,-14.9,46.0,547.7,0.33,-2.5,-18.9,-31.7,111.65,84.14,0,3412,20261005
1647,SCZM,Santacruz Silver Mining Ltd. - Common Sh,Basic Materials,,1.541,40.1,49.2,4.0,0.39,-1.0,-14.3,-44.7,8.93,0.88,0,3412,20261005
1648,VRA,Vera Bradley  Inc. - Common Stock,Consumer Cyclical,,1.541,58.5,47.6,4.3,3.71,21.0,53.0,-1.8,5.02,0.09,0,3412,20261005
1649,NBBK,NB Bancorp  Inc. - Common Stock,Financial Services,,1.541,31.9,49.2,6.2,0.41,-0.7,-2.4,-3.9,22.41,0.98,0,3412,20261005
1650,ALG,Alamo Group  Inc. Common Stock,Industrials,,1.54,-10.0,52.4,34.1,0.52,3.0,-5.3,-25.5,162.39,1.93,0,3412,20261005
1651,AII,American Integrity Insurance Group  Inc.,Financial Services,,1.539,22.1,50.8,5.6,0.76,2.0,-2.6,-4.8,25.49,0.49,0,3412,20261005
1652,FNLC,First Bancorp  Inc (ME) - Common Stock,Financial Services,,1.539,45.0,50.8,1.5,0.54,-0.3,-2.3,-4.1,34.21,0.38,0,3412,20261005
1653,INR,Infinity Natural Resources  Inc. Class A,Energy,,1.537,16.5,52.4,4.7,0.42,5.4,-16.0,-31.3,13.21,0.24,0,3412,20261005
1654,BCAL,California BanCorp - Common Stock,Financial Services,,1.536,33.5,49.2,5.4,0.45,0.5,0.1,-1.8,21.7,0.69,0,3412,20261005
1655,SLGN,Silgan Holdings Inc. Common Stock,Consumer Cyclical,,1.536,-0.6,49.2,48.8,0.56,-2.7,-15.7,-27.3,34.99,3.8,0,3412,20261005
1656,REAX,Real REMAX Group Inc. - Common Stock,Real Estate,,1.536,352.1,41.3,14.1,0.96,2.6,-10.7,-42.2,16.44,0.34,0,3412,20261005
1657,GHRS,GH Research PLC - Ordinary Shares,Healthcare,,1.534,109.3,44.4,7.3,0.91,-5.3,-20.6,-27.6,22.17,1.57,0,3412,20261005
1658,ENB,Enbridge Inc Common Stock,Energy,,1.533,5.8,42.9,272.3,0.47,-2.0,-8.9,-19.6,46.04,103.13,0,3412,20261005
1659,CLF,Cleveland-Cliffs Inc. Common Stock,Basic Materials,,1.533,-3.3,46.0,180.9,0.62,8.7,-0.7,-24.6,12.2,6.28,0,3412,20261005
1660,ONB,Old National Bancorp - Common Stock,Financial Services,,1.532,22.0,41.3,121.1,0.34,-1.4,-3.8,-8.4,24.86,9.46,0,3412,20261005
1661,BH-A,Biglari Holdings Inc. Class A Common Sto,Consumer Cyclical,,1.531,20.5,44.4,60.3,0.43,6.8,-6.3,-26.0,1821.48,1.08,0,3412,20261005
1662,VKTX,Viking Therapeutics  Inc. - Common Stock,Healthcare,,1.531,21.9,36.5,299.5,1.64,-11.4,-13.8,-30.5,29.28,4.43,0,3412,20261005
1663,UBER,Uber Technologies  Inc. Common Stock,Technology,SP500,1.531,-21.4,46.0,1358.1,0.39,1.9,-8.5,-30.6,69.48,142.2,0,3412,20261005
1664,SII,Sprott Inc. Common Shares,Financial Services,,1.531,58.6,44.4,14.9,0.52,-3.8,-11.6,-30.0,115.76,3.2,0,3412,20261005
1665,AGNC,AGNC Investment Corp. - Common Stock,Real Estate,,1.531,20.5,34.9,429.4,0.9,-7.4,-17.8,-21.6,8.65,11.21,0,3412,20261005
1666,DHC,Diversified Healthcare Trust  - Common S,Real Estate,,1.531,75.7,42.9,17.1,0.48,-5.3,-1.7,-21.8,7.54,1.87,0,3412,20261005
1667,ODC,Oil-Dri Corporation Of America Common St,Basic Materials,,1.53,48.6,46.0,10.5,0.41,-2.0,-1.4,-17.4,87.89,1.3,0,3412,20261005
1668,GLOB,Globant S.A. Common Shares,Technology,,1.529,-32.1,55.6,36.8,0.63,5.8,-11.4,-49.8,35.75,1.6,0,3412,20261005
1669,CHRN,ChronoScale Holdings Corporation - Commo,Technology,,1.529,277.4,46.0,2.4,0.73,-6.1,-7.4,-37.2,18.6,2.87,0,3412,20261005
1670,YUMC,Yum China Holdings  Inc. Common Stock,Consumer Cyclical,,1.529,4.0,47.6,55.5,0.32,-2.1,-7.9,-29.3,40.25,13.92,0,3412,20261005
1671,LAR,Lithium Argentina AG Common Shares,Basic Materials,,1.528,83.3,44.4,9.6,0.35,3.5,-17.9,-52.5,5.6,0.92,0,3412,20261005
1672,CRI,Carter's  Inc. Common Stock,Consumer Cyclical,,1.528,15.4,46.0,47.6,0.41,4.3,-2.5,-25.6,32.32,1.16,0,3412,20261005
1673,BA,Boeing Company (The) Common Stock,Industrials,SP500,1.526,-3.2,42.9,1673.4,0.51,4.5,-8.5,-23.6,192.72,148.34,0,3412,20261005
1674,TRI,Thomson Reuters Corp - Common Shares,Industrials,NDX,1.526,-23.1,49.2,148.2,0.59,-0.3,-13.1,-38.1,97.08,42.89,0,3412,20261005
1675,FPI,Farmland Partners Inc. Common Stock,Real Estate,,1.526,2.5,54.0,8.3,0.54,3.8,5.9,-13.0,11.15,0.5,0,3412,20261005
1676,FERG,Ferguson Enterprises Inc. Common Stock,Industrials,SP500,1.526,-2.1,44.4,318.4,2.46,-1.9,-0.1,-16.1,222.93,42.85,0,3412,20261005
1677,SONY,Sony Group Corporation American Deposita,Technology,,1.525,-11.1,49.2,82.8,0.37,0.9,-5.7,-22.2,23.54,137.66,0,3412,20261005
1678,CNXC,Concentrix Corporation - Common Stock,Technology,,1.524,-29.2,52.4,61.8,0.58,1.7,-21.2,-44.7,25.87,1.52,0,3412,20261005
1679,HQH,abrdn Healthcare Investors Shares of Ben,Financial Services,,1.524,39.0,49.2,3.6,0.69,-7.9,-13.6,-18.4,19.58,1.13,0,3412,20261005
1680,WBI,WaterBridge Infrastructure LLC Class A S,Energy,,1.523,28.2,46.0,23.3,0.72,1.0,-9.3,-19.1,29.23,1.61,0,3412,20261005
1681,AWK,American Water Works Company  Inc. Commo,Utilities,SP500,1.523,6.0,42.9,250.2,0.34,-0.8,-9.3,-10.3,127.84,25.8,0,3412,20261005
1682,YOU,Clear Secure  Inc. Class A Common Stock,Technology,,1.522,43.4,36.5,87.3,0.48,2.2,-7.5,-33.7,41.25,4.15,0,3412,20261005
1683,WYY,WidePoint Corporation Common Stock,Technology,,1.522,125.1,46.0,3.0,2.13,22.5,-36.5,-64.2,7.23,0.06,0,3412,20261005
1684,BSX,Boston Scientific Corporation Common Sto,Healthcare,SP500,1.52,-51.2,47.6,931.3,0.36,-3.9,-9.7,-59.6,42.4,63.26,0,3412,20261005
1685,AWR,American States Water Company Common Sto,Utilities,,1.52,30.8,46.0,20.4,0.34,0.5,-8.8,-10.3,81.76,3.25,0,3412,20261005
1686,ES,Eversource Energy (D/B/A) Common Stock,Utilities,SP500,1.52,2.9,44.4,176.2,0.42,2.2,-9.5,-14.2,64.69,24.22,0,3412,20261005
1687,AVTX,Avalo Therapeutics  Inc. - Common Stock,Healthcare,,1.52,46.2,44.4,19.3,0.5,-3.2,-23.2,-36.2,14.6,0.84,0,3412,20261005
1688,MUX,McEwen Inc. Common Stock,Basic Materials,,1.519,25.1,46.0,26.4,1.01,-1.2,-12.9,-38.4,17.9,1.15,0,3412,20261005
1689,TNET,TriNet Group  Inc. Common Stock,Industrials,,1.519,10.0,49.2,21.1,0.36,0.8,-8.0,-10.8,63.9,2.99,0,3412,20261005
1690,RBKB,Rhinebeck Bancorp  Inc. - Common Stock,Financial Services,,1.519,14.2,55.6,2.0,1.33,4.3,3.4,-25.0,13.23,0.2,0,3412,20261005
1691,VRDN,Viridian Therapeutics  Inc.  - Common St,Healthcare,,1.518,8.2,47.6,40.6,0.48,-7.6,-17.2,-43.8,19.0,2.33,0,3412,20261005
1692,QGEN,Qiagen N.V. Common Shares,Healthcare,,1.518,-4.3,47.6,93.7,0.69,1.7,4.4,-17.0,45.79,9.2,0,3412,20261005
1693,CARR,Carrier Global Corporation Common Stock,Industrials,SP500,1.518,1.5,42.9,404.5,0.5,-0.3,-5.7,-26.7,55.73,45.22,0,3412,20261005
1694,NMIH,NMI Holdings Inc - Common Stock,Financial Services,,1.518,21.8,46.0,31.6,0.61,-3.9,-13.2,-13.8,39.39,3.17,0,3412,20261005
1695,CHH,Choice Hotels International  Inc. Common,Consumer Cyclical,,1.517,-5.9,49.2,60.5,0.31,-3.3,0.2,-18.2,99.58,4.61,0,3412,20261005
1696,PCRX,Pacira BioSciences  Inc. - Common Stock,Healthcare,,1.517,8.2,50.8,13.7,0.39,-1.3,-5.8,-9.3,25.05,1.02,0,3412,20261005
1697,ASO,Academy Sports and Outdoors  Inc. - Comm,Consumer Cyclical,,1.517,-16.9,49.2,107.8,0.59,6.9,19.0,-14.6,51.98,2.95,0,3412,20261005
1698,FFBC,First Financial Bancorp. - Common Stock,Financial Services,,1.516,33.4,44.4,30.7,0.56,-1.3,-4.0,-12.2,31.51,3.31,0,3412,20261005
1699,CRVL,CorVel Corp. - Common Stock,Financial Services,,1.515,-6.4,54.0,16.0,0.41,2.9,10.7,-2.0,76.0,3.77,0,3412,20261005
1700,DSGX,The Descartes Systems Group Inc. - Commo,Technology,,1.514,-12.5,50.8,54.2,0.52,2.3,-0.1,-17.7,80.67,6.95,0,3412,20261005
1701,UVSP,Univest Financial Corporation - Common S,Financial Services,,1.513,45.1,46.0,10.7,0.33,0.1,-1.0,-7.9,41.65,1.16,0,3412,20261005
1702,LAND,Gladstone Land Corporation - Common Stoc,Real Estate,,1.513,11.5,52.4,5.8,0.34,3.3,-0.8,-20.1,9.68,0.42,0,3412,20261005
1703,BH,Biglari Holdings Inc. Class B Common Sto,Consumer Cyclical,,1.513,15.7,46.0,43.0,0.67,6.5,-5.5,-23.6,364.4,1.08,0,3412,20261005
1704,PKE,Park Aerospace Corp. Common Stock,Industrials,,1.513,53.8,46.0,7.8,0.61,0.9,-2.4,-21.4,30.05,0.65,0,3412,20261005
1705,SG,Sweetgreen  Inc. Class A Common Stock,Consumer Cyclical,,1.512,-17.7,52.4,43.1,0.42,10.3,36.1,-11.0,9.09,0.98,0,3412,20261005
1706,JILL,J. Jill  Inc. Common Stock,Consumer Cyclical,,1.512,18.0,50.8,6.3,1.14,1.7,27.0,-0.9,24.62,0.37,0,3412,20261005
1707,QQQX,Nuveen NASDAQ 100 Dynamic Overwrite Fund,Financial Services,,1.512,19.2,52.4,3.1,0.62,0.5,-0.8,-2.2,30.49,1.49,0,3412,20261005
1708,EXC,Exelon Corporation - Common Stock,Utilities,SP500·NDX,1.512,1.7,42.9,356.6,0.4,1.2,-7.5,-17.3,40.82,41.69,0,3412,20261005
1709,SIBN,SI-BONE  Inc. - Common Stock,Healthcare,,1.512,30.3,47.6,10.8,0.39,5.6,6.3,-7.4,19.81,0.82,0,3412,20261005
1710,D,Dominion Energy  Inc. Common Stock,Utilities,SP500,1.511,12.9,39.7,314.2,0.35,1.2,-7.7,-14.0,61.02,53.44,0,3412,20261005
1711,VMD,Viemed Healthcare  Inc. - Common Shares,Healthcare,,1.511,31.3,50.8,2.5,0.47,1.4,2.6,-25.1,9.24,0.34,0,3412,20261005
1712,CWBC,Community West Bancshares - Common Stock,Financial Services,,1.511,30.5,49.2,5.3,0.41,0.9,0.7,-5.1,26.58,0.71,0,3412,20261005
1713,HTLD,Heartland Express  Inc. - Common Stock,Industrials,,1.511,49.0,46.0,9.2,0.37,2.0,-5.6,-28.0,11.67,0.92,0,3412,20261005
1714,LMND,Lemonade  Inc. Common Stock,Financial Services,,1.51,3.3,47.6,52.1,0.72,6.3,-15.3,-51.7,46.67,3.61,0,3412,20261005
1715,UEC,Uranium Energy Corp. Common Stock,Energy,,1.51,-15.9,49.2,96.7,0.33,1.5,-18.8,-53.6,9.35,4.66,0,3412,20261005
1716,SPSC,SPS Commerce  Inc. - Common Stock,Technology,,1.509,-19.4,52.4,45.1,0.48,-0.7,-4.5,-28.8,80.46,2.93,0,3412,20261005
1717,MLTX,MoonLake Immunotherapeutics - Class A Or,Healthcare,,1.509,103.6,39.7,23.1,0.48,-1.6,-25.1,-48.6,11.38,0.97,0,3412,20261005
1718,UTG,Reaves Utility Income Fund Common Shares,Financial Services,,1.508,0.5,52.4,14.5,0.41,4.1,-7.1,-17.5,35.29,3.21,0,3412,20261005
1719,COO,The Cooper Companies  Inc.  - Common Sto,Healthcare,SP500,1.507,2.2,42.9,325.7,0.9,0.4,-19.6,-32.7,56.77,10.75,0,3412,20261005
1720,BANC,Banc of California  Inc. Common Stock,Financial Services,,1.506,13.0,46.0,48.9,0.58,-0.6,-6.5,-19.6,17.55,2.74,0,3412,20261005
1721,JANX,Janux Therapeutics  Inc. - Common Stock,Healthcare,,1.505,-15.1,57.1,15.6,0.42,-0.2,-16.5,-52.4,16.54,1.04,0,3412,20261005
1722,TXRH,Texas Roadhouse  Inc. - Common Stock,Consumer Cyclical,,1.505,16.4,39.7,213.8,0.38,0.3,-15.9,-25.5,158.97,10.49,0,3412,20261005
1723,SEPN,Septerna  Inc. - Common Stock,Healthcare,,1.504,82.6,42.9,14.0,0.57,-4.7,2.9,-21.4,37.87,1.76,0,3412,20261005
1724,PKG,Packaging Corporation of America Common ,Consumer Cyclical,SP500,1.504,10.8,42.9,143.8,0.45,-2.2,-2.2,-10.9,229.31,21.22,0,3412,20261005
1725,SGMT,Sagimet Biosciences Inc. - Series A Comm,Healthcare,,1.504,52.5,44.4,14.5,0.66,-9.2,-17.3,-19.2,9.03,0.57,0,3412,20261005
1726,VIA,Via Transportation  Inc. Class A Common ,Technology,,1.503,-41.9,60.3,26.7,0.76,6.2,12.0,-42.7,30.89,2.39,0,3412,20261005
1727,FULT,Fulton Financial Corporation - Common St,Financial Services,,1.503,34.5,42.9,42.3,0.35,-1.2,-4.9,-9.9,22.69,4.31,0,3412,20261005
1728,DY,Dycom Industries  Inc. Common Stock,Industrials,,1.503,1.4,44.4,185.7,0.71,2.9,-7.2,-48.7,274.41,8.14,0,3412,20261005
1729,SRCE,1st Source Corporation - Common Stock,Financial Services,,1.503,46.4,46.0,9.4,0.35,0.9,-0.5,-5.0,86.26,2.07,0,3412,20261005
1730,LLYVK,Liberty Live Holdings  Inc. - Series C L,Communication Services,,1.502,10.4,47.6,32.2,0.34,-1.1,-2.4,-9.2,98.87,9.1,0,3412,20261005
1731,PHVS,Pharvaris N.V. - Ordinary Shares,Healthcare,,1.501,53.8,39.7,42.2,1.1,-4.5,-14.5,-21.5,30.49,2.32,0,3412,20261005
1732,UGI,UGI Corporation Common Stock,Utilities,,1.501,20.2,42.9,78.0,0.86,1.5,-2.7,-7.6,36.78,7.83,0,3412,20261005
1733,ONDS,Ondas Inc - Common Stock,Technology,,1.501,-17.2,46.0,443.7,0.54,-3.4,-2.8,-47.0,7.42,4.31,0,3412,20261005
1734,UUUU,Energy Fuels Inc Ordinary Shares (Canada,Energy,,1.5,-14.7,49.2,86.4,0.26,-1.9,-24.6,-61.0,10.82,3.01,0,3412,20261005
1735,STAG,Stag Industrial  Inc. Common Stock,Real Estate,,1.5,8.3,46.0,61.6,0.37,-2.6,-4.4,-14.2,36.05,7.09,0,3412,20261005
1736,SR,Spire Inc. Common Stock,Utilities,,1.499,4.8,47.6,44.7,0.38,0.7,-7.1,-17.8,77.41,4.56,0,3412,20261005
1737,CNS,Cohen & Steers Inc Common Stock,Financial Services,,1.499,24.9,46.0,23.9,0.39,-1.0,-7.6,-14.7,73.02,3.76,0,3412,20261005
1738,EFOR,Everforth  Inc. Common Stock,Technology,,1.499,-33.5,58.7,24.3,0.43,10.1,13.5,-32.2,36.14,1.48,0,3412,20261005
1739,SYY,Sysco Corporation Common Stock,Consumer Defensive,SP500,1.498,0.1,42.9,404.3,0.65,-2.8,-5.8,-15.0,76.38,37.63,0,3412,20261005
1740,FA,First Advantage Corporation - Common Sto,Industrials,,1.498,38.2,42.9,35.4,0.73,-1.3,-12.6,-23.8,18.37,3.15,0,3412,20261005
1741,BAH,Booz Allen Hamilton Holding Corporation ,Industrials,,1.498,-26.2,49.2,132.6,0.37,-2.3,-7.1,-32.1,68.61,8.39,0,3412,20261005
1742,OOMA,Ooma  Inc. Common Stock,Technology,,1.497,99.7,42.9,11.1,0.49,-0.8,-10.2,-10.2,21.0,0.61,0,3412,20261005
1743,KHC,The Kraft Heinz Company Common Stock,Consumer Defensive,SP500,1.497,2.5,41.3,519.0,0.86,-7.3,-12.7,-19.7,21.84,25.9,0,3412,20261005
1744,USPH,U.S. Physical Therapy  Inc. Common Stock,Healthcare,,1.496,-7.5,54.0,15.5,0.4,-2.5,6.8,-7.5,83.96,1.27,0,3412,20261005
1745,AUB,Atlantic Union Bankshares Corporation Co,Financial Services,,1.495,19.7,44.4,52.9,0.55,-0.5,-5.9,-11.6,38.36,5.43,0,3412,20261005
1746,VMC,Vulcan Materials Company (Holding Compan,Basic Materials,SP500,1.495,-13.7,46.0,312.5,0.41,-0.2,-5.6,-25.4,245.57,31.75,0,3412,20261005
1747,TFII,TFI International Inc. Common Shares,Industrials,,1.493,49.4,41.3,33.8,0.56,-6.2,-13.6,-29.5,114.8,9.95,0,3412,20261005
1748,NMR,Nomura Holdings Inc ADR American Deposit,Financial Services,,1.492,49.6,46.0,7.7,0.41,-2.7,-8.2,-10.2,9.75,28.76,0,3412,20261005
1749,AS,Amer Sports  Inc. Ordinary Shares,Consumer Cyclical,,1.491,-19.0,47.6,195.5,0.49,-0.5,-3.6,-34.5,27.47,15.85,0,3412,20261005
1750,WPP,WPP plc American Depositary Shares,Communication Services,,1.491,12.1,50.8,8.6,0.85,-3.9,-5.1,-10.8,24.58,5.52,0,3412,20261005
1751,RDN,Radian Group Inc. Common Stock,Financial Services,,1.491,8.3,46.0,58.6,0.76,1.5,-9.0,-15.0,33.5,4.44,0,3412,20261005
1752,MLM,Martin Marietta Materials  Inc. Common S,Basic Materials,SP500,1.49,-18.5,46.0,441.4,0.36,-1.1,-4.6,-31.1,485.5,34.48,0,3412,20261005
1753,UTHR,United Therapeutics Corporation - Common,Healthcare,,1.49,10.6,38.1,486.7,0.81,10.5,9.4,-10.1,536.4,20.39,0,3412,20261005
1754,TYL,Tyler Technologies  Inc. Common Stock,Technology,SP500,1.49,-23.9,47.6,240.3,0.77,1.3,-13.4,-36.7,328.32,13.33,0,3412,20261005
1755,CDLR,Cadeler A/S American Depositary Share (e,Industrials,,1.49,17.9,54.0,1.7,0.49,-4.4,-13.4,-25.9,21.9,2.11,0,3412,20261005
1756,SE,Sea Limited American Depositary Shares  ,Consumer Cyclical,,1.489,-38.6,47.6,377.1,0.47,-2.1,-14.4,-49.7,96.85,60.97,0,3412,20261005
1757,CERT,Certara  Inc. - Common Stock,Healthcare,,1.488,-40.2,60.3,23.9,0.53,10.3,23.9,-25.1,10.07,1.4,0,3412,20261005
1758,AFL,AFLAC Incorporated Common Stock,Financial Services,SP500,1.487,9.3,41.3,237.0,0.4,-1.0,-5.1,-12.8,112.38,56.93,0,3412,20261005
1759,ALMS,Alumis Inc. - Common Stock,Healthcare,,1.487,186.9,34.9,26.9,1.55,-4.5,-39.8,-77.4,6.84,0.94,0,3412,20261005
1760,DDI,DoubleDown Interactive Co.  Ltd. - Ameri,Communication Services,,1.487,39.2,49.2,2.6,0.75,1.1,2.1,-0.5,13.24,0.65,0,3412,20261005
1761,VSTM,Verastem  Inc. - Common Stock,Healthcare,,1.486,-11.2,54.0,18.6,0.44,3.0,0.3,-24.8,8.0,0.7,0,3412,20261005
1762,PRPO,Precipio  Inc. - Common Stock,Healthcare,,1.486,25.3,50.8,2.9,0.8,-0.5,-8.1,-25.9,24.0,0.04,0,3412,20261005
1763,BY,Byline Bancorp  Inc. Common Stock,Financial Services,,1.486,43.1,46.0,9.6,0.49,1.2,-2.8,-5.4,37.63,1.66,0,3412,20261005
1764,AZO,AutoZone  Inc. Common Stock,Consumer Cyclical,SP500,1.485,-30.2,46.0,1146.1,0.56,-3.6,-5.4,-33.4,2807.73,46.51,0,3412,20261005
1765,KZIA,Kazia Therapeutics Limited - American De,Healthcare,,1.485,92.7,46.0,3.0,0.73,-2.6,-23.1,-44.7,9.35,0.11,0,3412,20261005
1766,OR,OR Royalties Inc. Common Shares,Basic Materials,,1.484,-4.7,50.8,29.6,0.4,0.5,-8.5,-27.5,34.46,6.76,0,3412,20261005
1767,OPRT,Oportun Financial Corporation - common s,Financial Services,,1.483,25.4,49.2,5.9,0.66,1.2,13.1,-2.0,8.38,0.39,0,3412,20261005
1768,AAT,American Assets Trust  Inc. Common Stock,Real Estate,,1.483,16.6,49.2,10.8,0.34,-1.3,-3.7,-16.1,21.35,1.33,0,3412,20261005
1769,CDW,CDW Corporation - Common Stock,Technology,SP500,1.483,-1.5,44.4,215.4,0.43,2.8,-13.0,-14.3,133.92,16.02,0,3412,20261005
1770,BSRR,Sierra Bancorp - Common Stock,Financial Services,,1.483,45.6,49.2,1.9,0.48,-1.0,-3.2,-8.1,39.39,0.51,0,3412,20261005
1771,STRA,Strategic Education  Inc. - Common Stock,Consumer Defensive,,1.482,-2.7,50.8,25.0,0.52,4.4,-2.5,-8.9,79.28,1.71,0,3412,20261005
1772,TJX,TJX Companies  Inc. (The) Common Stock,Consumer Cyclical,SP500,1.482,-6.4,42.9,1206.3,0.47,3.2,1.7,-20.2,134.41,143.06,0,3412,20261005
1773,SEDG,SolarEdge Technologies  Inc. - Common St,Technology,,1.48,-11.0,47.6,113.3,0.77,9.0,1.7,-56.2,34.38,2.01,0,3412,20261005
1774,TNL,Travel   Leisure Co. Common  Stock,Consumer Cyclical,,1.479,10.6,46.0,47.9,0.4,-3.4,-7.0,-21.3,61.72,3.9,0,3412,20261005
1775,POR,Portland General Electric Co Common Stoc,Utilities,,1.478,18.5,42.9,75.1,0.59,0.2,-10.0,-17.5,44.25,5.48,0,3412,20261005
1776,NFJ,Virtus Dividend  Interest & Premium Stra,Financial Services,,1.477,29.3,49.2,4.5,0.53,-0.2,-3.6,-3.9,15.11,1.42,0,3412,20261005
1777,AGYS,Agilysys  Inc. - Common Stock,Technology,,1.477,13.7,47.6,23.5,0.34,2.5,-12.8,-29.5,99.5,2.74,0,3412,20261005
1778,CAPR,Capricor Therapeutics  Inc. - Common Sto,Healthcare,,1.477,16.4,46.0,33.5,1.47,-10.7,-16.2,-78.0,7.78,0.55,0,3412,20261005
1779,NVA,Nova Minerals Corp Common Stock,Basic Materials,,1.476,32.3,49.2,3.7,0.89,13.5,3.8,-57.8,6.06,0.21,0,3412,20261005
1780,PSO,Pearson  Plc Common Stock,Communication Services,,1.476,16.3,49.2,10.7,0.54,1.9,0.7,-7.3,16.24,9.63,0,3412,20261005
1781,INNV,InnovAge Holding Corp. - Common Stock,Healthcare,,1.476,116.3,42.9,8.3,1.92,1.2,-16.4,-25.7,9.0,1.22,0,3412,20261005
1782,HCSG,Healthcare Services Group  Inc. - Common,Healthcare,,1.475,31.3,46.0,15.3,0.38,2.0,-2.4,-16.3,21.19,1.43,0,3412,20261005
1783,CTNM,Contineum Therapeutics  Inc. - Common st,Healthcare,,1.475,63.4,44.4,9.3,0.8,-0.1,-27.6,-27.6,12.72,0.49,0,3412,20261005
1784,NSP,Insperity  Inc. Common Stock,Industrials,,1.475,14.0,47.6,23.1,0.54,1.4,-8.2,-10.9,47.56,1.87,0,3412,20261005
1785,DCTH,Delcath Systems  Inc. - Common Stock,Healthcare,,1.475,54.7,46.0,5.9,0.82,0.4,-3.7,-8.6,15.87,0.53,0,3412,20261005
1786,KRNT,Kornit Digital Ltd. - Ordinary Shares,Industrials,,1.475,16.3,50.8,5.5,0.58,13.9,13.6,0.0,18.23,0.78,0,3412,20261005
1787,BMA,Banco Macro S.A.  ADR (representing Ten ,Financial Services,,1.475,94.9,39.7,20.2,0.46,4.1,-13.1,-32.5,68.78,4.28,0,3412,20261005
1788,SLDB,Solid Biosciences Inc. - Common Stock,Healthcare,,1.474,81.5,42.9,11.6,0.45,-3.0,-32.2,-36.7,7.06,0.78,0,3412,20261005
1789,PRK,Park National Corporation Common Stock,Financial Services,,1.474,25.5,46.0,19.8,0.51,-0.3,-7.5,-14.4,181.02,3.26,0,3412,20261005
1790,KRSA,Korsana Biosciences  Inc. - Common Stock,,,1.473,100.0,46.0,2.5,2.03,-0.4,-11.5,-31.2,30.72,1.4,0,3412,20261005
1791,SVCO,Silvaco Group  Inc. - Common Stock,Technology,,1.472,14.5,52.4,3.4,0.42,9.1,39.3,-35.5,8.89,0.28,0,3412,20261005
1792,PVH,PVH Corp. Common Stock,Consumer Cyclical,,1.471,-12.2,49.2,68.3,0.33,-1.1,3.4,-24.1,74.9,3.5,0,3412,20261005
1793,EPAC,Enerpac Tool Group Corp. Common Stock,Industrials,,1.471,-10.3,54.0,15.9,0.67,2.2,-2.5,-16.3,36.02,1.79,0,3412,20261005
1794,AAON,AAON  Inc. - Common Stock,Industrials,,1.471,-20.5,49.2,95.0,0.34,-1.2,8.3,-43.0,84.35,7.04,0,3412,20261005
1795,ASBA,Associated Banc-Corp 6.625% Fixed-Rate R,,,1.471,6.4,61.9,1.5,2.24,0.3,0.9,-0.4,25.02,,0,3412,20261005
1796,COSO,CoastalSouth Bancshares  Inc. Common Sto,Financial Services,,1.469,30.6,49.2,4.0,0.62,1.5,-2.7,-3.9,26.95,0.31,0,3412,20261005
1797,PCB,PCB Bancorp - Common Stock,Financial Services,,1.468,40.3,50.8,1.1,0.5,1.6,-0.1,-8.5,28.03,0.39,0,3412,20261005
1798,BWB,Bridgewater Bancshares  Inc. - Common St,Financial Services,,1.468,27.9,50.8,2.1,0.44,-1.0,-5.2,-9.2,20.43,0.56,0,3412,20261005
1799,USCB,USCB Financial Holdings  Inc.  - Class A,Financial Services,,1.468,40.2,49.2,2.2,0.96,-0.9,-3.1,-4.4,22.44,0.42,0,3412,20261005
1800,EXLS,ExlService Holdings  Inc. - Common Stock,Technology,,1.468,-14.1,49.2,71.9,0.44,3.8,-3.8,-17.2,35.9,5.53,0,3412,20261005
1801,JLL,Jones Lang LaSalle Incorporated Common S,Real Estate,,1.468,23.5,38.1,134.1,0.39,-3.7,-16.5,-23.0,302.41,14.12,0,3412,20261005
1802,KMDA,Kamada Ltd. - Ordinary Shares,Healthcare,,1.467,27.9,52.4,1.1,0.83,-7.2,-3.3,-9.8,8.0,0.46,0,3412,20261005
1803,AIRT,Air T  Inc. - Common Stock,Industrials,,1.467,44.5,49.2,1.8,1.3,6.1,-8.3,-11.8,30.21,0.08,0,3412,20261005
1804,YORW,The York Water Company - Common Stock,Utilities,,1.466,16.3,50.8,5.2,0.61,0.5,-10.4,-11.0,30.78,0.5,0,3412,20261005
1805,EXR,Extra Space Storage Inc Common Stock,Real Estate,SP500,1.466,3.1,42.9,211.4,0.52,0.9,-5.7,-13.0,132.91,28.12,0,3412,20261005
1806,PII,Polaris Inc. Common Stock,Consumer Cyclical,,1.465,1.7,47.6,46.9,0.33,0.7,-13.8,-28.8,52.66,2.98,0,3412,20261005
1807,NBTX,Nanobiotix S.A. - ADSs,Healthcare,,1.465,101.2,44.4,4.9,0.52,-23.0,-37.2,-54.4,25.1,1.79,0,3412,20261005
1808,STRF,Strategy Inc - 10.00% Series A Perpetual,Technology,,1.465,-1.9,55.6,6.1,0.58,-0.1,-1.0,-4.4,103.4,,0,3412,20261005
1809,DNLI,Denali Therapeutics Inc. - Common Stock,Healthcare,,1.464,50.0,39.7,37.9,0.48,-5.1,-12.7,-26.8,19.91,3.28,0,3412,20261005
1810,TKNO,Alpha Teknova  Inc. - Common Stock,Healthcare,,1.464,17.7,52.4,2.4,0.67,-2.2,24.3,-3.5,9.0,0.5,0,3412,20261005
1811,LPTH,LightPath Technologies  Inc. - Class A C,Technology,,1.464,18.0,46.0,29.0,0.45,10.0,12.1,-40.4,10.81,0.76,0,3412,20261005
1812,STOK,Stoke Therapeutics  Inc. - Common Stock,Healthcare,,1.462,20.8,46.0,24.4,0.53,-0.7,-15.6,-34.0,25.32,1.6,0,3412,20261005
1813,GAIN,Gladstone Investment Corporation - Busin,Financial Services,,1.462,24.5,50.8,2.6,0.44,-1.1,-5.1,-7.4,15.54,0.63,0,3412,20261005
1814,PEGA,Pegasystems Inc. - Common Stock,Technology,,1.462,-34.1,50.8,75.2,0.76,3.9,-8.5,-47.9,34.53,5.63,0,3412,20261005
1815,EG,Everest Group  Ltd. Common Stock,Financial Services,SP500,1.462,11.4,41.3,163.1,0.65,-0.8,-5.0,-8.0,366.81,14.14,0,3412,20261005
1816,MCBS,MetroCity Bankshares  Inc. - Common Stoc,Financial Services,,1.462,33.7,49.2,3.0,0.32,0.5,-1.4,-5.4,35.07,1.01,0,3412,20261005
1817,PEP,PepsiCo  Inc. - Common Stock,Consumer Defensive,SP500·NDX,1.46,1.3,39.7,1227.7,0.36,-2.2,-9.3,-24.1,125.65,174.91,0,3412,20261005
1818,LWLG,Lightwave Logic  Inc. - Common Stock,Basic Materials,,1.46,18.2,47.6,15.5,0.28,11.0,8.4,-69.5,5.55,0.86,0,3412,20261005
1819,EYE,National Vision Holdings  Inc. - Common ,Consumer Cyclical,,1.46,-42.3,54.0,39.1,0.43,2.5,-2.1,-43.9,16.52,1.3,0,3412,20261005
1820,CNOB,ConnectOne Bancorp  Inc. - Common Stock,Financial Services,,1.46,33.8,46.0,12.4,0.39,-0.3,-4.8,-10.0,30.52,1.51,0,3412,20261005
1821,GGAL,Grupo Financiero Galicia S.A. - American,Financial Services,,1.46,65.9,38.1,33.3,0.43,3.4,-14.3,-34.8,38.25,6.11,0,3412,20261005
1822,IMPP,Imperial Petroleum Inc. - Common Shares,Energy,,1.459,7.8,54.0,3.3,0.62,5.6,0.0,-17.0,5.27,0.24,0,3412,20261005
1823,WTRG,Essential Utilities  Inc. Common Stock,Utilities,,1.459,11.5,42.9,105.1,0.38,-0.7,-7.6,-7.9,38.67,11.05,0,3412,20261005
1824,WCN,Waste Connections  Inc. Common Shares,Industrials,,1.459,-3.2,44.4,212.6,0.33,-1.2,-7.5,-13.2,154.3,39.29,0,3412,20261005
1825,ETV,Eaton Vance Corporation Eaton Vance Tax-,Financial Services,,1.458,15.3,52.4,2.8,0.47,-0.4,-2.9,-4.1,14.86,1.75,0,3412,20261005
1826,DOC,Healthpeak Properties  Inc. Common Stock,Real Estate,SP500,1.458,16.6,41.3,109.1,0.3,-6.3,-10.4,-17.0,18.84,13.4,0,3412,20261005
1827,BME,Blackrock Health Sciences Trust,Financial Services,,1.458,31.5,50.8,1.6,0.35,-4.0,-6.9,-7.4,42.85,0.57,0,3412,20261005
1828,RBCAA,Republic Bancorp  Inc. - Class A Common ,Financial Services,,1.458,37.4,46.0,10.4,0.38,0.1,-2.0,-7.0,93.59,1.85,0,3412,20261005
1829,PBH,Prestige Consumer Healthcare Inc. Common,Healthcare,,1.457,-16.4,52.4,29.8,0.48,-2.8,-13.2,-35.1,45.6,2.16,0,3412,20261005
1830,ICUI,ICU Medical  Inc. - Common Stock,Healthcare,,1.457,37.5,41.3,41.1,0.42,-1.6,-2.9,-13.8,161.4,3.99,0,3412,20261005
1831,UNIT,Uniti Group Inc. - Common Stock,Real Estate,,1.456,75.6,39.7,22.9,0.47,-8.1,-21.8,-37.6,7.95,2.16,0,3412,20261005
1832,ASTS,AST SpaceMobile  Inc. - Class A Common S,Technology,,1.456,-6.1,42.9,612.6,0.57,-4.2,-5.9,-56.1,58.44,17.81,0,3412,20261005
1833,RMBI,Richmond Mutual Bancorporation  Inc. - C,Financial Services,,1.456,16.8,52.4,2.4,1.49,1.4,-3.4,-5.2,15.32,0.24,0,3412,20261005
1834,BCO,Brinks Company (The) Common Stock,Industrials,,1.456,-7.9,49.2,49.2,0.42,-1.9,-3.4,-24.0,102.76,4.25,0,3412,20261005
1835,CCI,Crown Castle Inc. Common Stock,Real Estate,SP500,1.456,-16.1,46.0,259.7,0.46,0.7,-12.5,-29.2,67.58,28.36,0,3412,20261005
1836,LION,Lionsgate Studios Corp Common Shares,,,1.455,70.5,36.5,35.0,0.54,1.8,0.6,-31.9,11.17,3.32,0,3412,20261005
1837,NGNE,Neurogene Inc. - Common Stock,Healthcare,,1.454,79.3,42.9,10.6,0.87,-7.1,-29.6,-38.2,26.47,0.62,0,3412,20261005
1838,STRK,Strategy Inc - 8.00% Series A Perpetual ,Technology,,1.453,-14.2,61.9,8.3,0.52,2.3,-0.3,-16.1,76.85,,0,3412,20261005
1839,CFBK,CF Bankshares Inc. - Common Stock,Financial Services,,1.453,49.7,49.2,1.3,0.71,0.9,-1.8,-4.8,34.55,0.22,0,3412,20261005
1840,BOH,Bank of Hawaii Corporation Common Stock,Financial Services,,1.452,23.2,44.4,34.6,0.45,-3.4,-11.2,-20.0,68.03,2.72,0,3412,20261005
1841,OCC,Optical Cable Corporation - Common Stock,Technology,,1.452,41.1,47.6,4.1,0.82,13.6,29.6,-36.9,16.99,0.13,0,3412,20261005
1842,VTOL,Bristow Group  Inc. Common Stock,Energy,,1.451,21.1,47.6,12.4,0.74,-4.1,-7.5,-18.7,40.43,1.25,0,3412,20261005
1843,HIPO,Hippo Holdings Inc. Common Stock,Financial Services,,1.451,-4.5,57.1,5.6,0.49,4.4,-5.8,-14.9,32.2,0.85,0,3412,20261005
1844,AUDC,AudioCodes Ltd. - Ordinary Shares,Technology,,1.451,7.9,61.9,1.2,0.37,2.4,8.1,-2.6,10.8,0.26,0,3412,20261005
1845,MHO,M/I Homes  Inc. Common Stock,Consumer Cyclical,,1.451,0.4,49.2,28.9,0.35,-3.9,-10.5,-19.0,132.0,3.34,0,3412,20261005
1846,ALK,Alaska Air Group  Inc. Common Stock,Industrials,,1.449,-15.5,47.6,118.4,0.34,-1.3,-5.3,-34.9,39.19,4.45,0,3412,20261005
1847,INSP,Inspire Medical Systems  Inc. Common Sto,Healthcare,,1.449,-16.1,49.2,70.6,0.55,1.1,13.9,-50.9,70.75,2.02,0,3412,20261005
1848,BLKB,Blackbaud  Inc. - Common Stock,Technology,,1.449,-23.2,55.6,19.3,0.54,2.2,-10.6,-36.3,43.31,1.89,0,3412,20261005
1849,ATEN,A10 Networks  Inc. Common Stock,Technology,,1.449,35.1,42.9,31.0,0.41,10.5,14.1,-25.9,28.19,1.87,0,3412,20261005
1850,SPXX,Nuveen S&P 500 Dynamic Overwrite Fund,Financial Services,,1.449,16.1,50.8,4.7,0.47,1.5,-2.8,-3.1,18.67,0.34,0,3412,20261005
1851,BHRB,Burke & Herbert Financial Services Corp.,Financial Services,,1.448,25.6,47.6,9.1,0.43,0.3,-4.4,-6.5,69.28,1.38,0,3412,20261005
1852,GDYN,Grid Dynamics Holdings  Inc. - Class A C,Technology,,1.448,-1.6,54.0,7.2,0.57,3.3,-4.4,-22.1,7.84,0.68,0,3412,20261005
1853,SFBS,ServisFirst Bancshares  Inc. Common Stoc,Financial Services,,1.446,6.6,47.6,30.0,0.45,-3.7,-7.0,-13.7,39.51,4.52,0,3412,20261005
1854,ETD,Ethan Allen Interiors Inc. Common Stock,Consumer Cyclical,,1.446,-6.3,54.0,10.6,0.44,-0.6,-3.6,-10.1,21.08,0.53,0,3412,20261005
1855,GSHD,Goosehead Insurance  Inc. - Class A Comm,Financial Services,,1.445,-7.0,50.8,26.9,0.58,4.1,-31.1,-41.1,46.19,1.12,0,3412,20261005
1856,PSA,Public Storage Common Stock,Real Estate,SP500,1.445,9.0,39.7,260.2,0.38,-1.1,-7.9,-14.8,281.66,53.17,0,3412,20261005
1857,EMA,Emera Incorporated Common Shares,Utilities,,1.445,5.9,49.2,17.3,0.47,0.3,-4.8,-13.1,47.88,14.64,0,3412,20261005
1858,GNRC,Generac Holdlings Inc. Common Stock,Industrials,SP500,1.445,7.7,39.7,297.6,0.89,4.9,17.6,-27.2,215.2,12.28,0,3412,20261005
1859,RSG,Republic Services  Inc. Common Stock,Industrials,SP500,1.444,2.0,41.3,335.7,0.33,-0.0,-5.5,-7.8,212.83,64.95,0,3412,20261005
1860,IDA,IDACORP  Inc. Common Stock,Utilities,,1.444,5.2,44.4,90.8,0.44,2.3,-3.2,-14.8,131.73,7.68,0,3412,20261005
1861,IX,ORIX Corporation American Depositary Sha,Financial Services,,1.444,61.3,42.9,13.4,0.62,-4.3,-9.3,-9.6,37.34,38.6,0,3412,20261005
1862,FVCB,FVCBankcorp  Inc. - Common Stock,Financial Services,,1.444,47.9,49.2,1.3,0.45,-0.3,-4.0,-7.0,17.7,0.32,0,3412,20261005
1863,NFG,National Fuel Gas Company Common Stock,Energy,,1.443,-7.1,47.6,72.7,0.56,-1.8,-8.6,-19.9,76.34,7.47,0,3412,20261005
1864,L,Loews Corporation Common Stock,Financial Services,SP500,1.443,8.5,42.9,118.1,0.43,0.7,-4.0,-11.4,105.67,21.6,0,3412,20261005
1865,DJT,Trump Media & Technology Group Corp. - C,Communication Services,,1.441,-44.7,55.6,28.0,0.32,-5.4,-9.3,-51.0,8.63,2.44,0,3412,20261005
1866,QTWO,Q2 Holdings  Inc. Common Stock,Technology,,1.441,-4.0,49.2,37.1,0.49,5.6,-9.2,-22.9,58.21,3.52,0,3412,20261005
1867,DCH,Dauch Corporation Common Stock,Consumer Cyclical,,1.44,9.7,47.6,24.0,0.65,10.6,-15.3,-37.2,5.65,1.29,0,3412,20261005
1868,HMY,Harmony Gold Mining Company Limited,Basic Materials,,1.439,15.4,42.9,74.7,0.45,-2.5,-16.7,-32.3,17.3,10.88,0,3412,20261005
1869,STBA,S&T Bancorp  Inc. - Common Stock,Financial Services,,1.439,39.3,44.4,15.3,0.56,0.2,-1.8,-7.1,49.23,1.76,0,3412,20261005
1870,AM,Antero Midstream Corporation Common Stoc,Energy,,1.438,20.9,42.9,55.7,0.45,-0.7,-8.5,-12.0,20.56,9.61,0,3412,20261005
1871,AVAV,AeroVironment  Inc. - Common Stock,Industrials,,1.438,-59.1,47.6,337.5,0.73,-5.4,-5.4,-66.0,139.3,7.28,0,3412,20261005
1872,SRZN,Surrozen  Inc. - Common Stock,Healthcare,,1.438,63.7,38.1,30.6,3.09,-1.7,29.2,-14.6,29.13,0.35,0,3412,20261005
1873,FAF,First American Corporation (New) Common ,Financial Services,,1.437,23.0,41.3,68.7,0.51,-4.2,-19.0,-21.7,61.97,6.28,0,3412,20261005
1874,SMA,SmartStop Self Storage REIT  Inc. Common,Real Estate,,1.437,-7.2,50.8,25.9,0.48,4.5,-1.5,-10.1,32.47,1.76,0,3412,20261005
1875,SMBC,Southern Missouri Bancorp  Inc. - Common,Financial Services,,1.436,44.5,46.0,6.4,0.3,0.6,-2.1,-9.0,71.9,0.8,0,3412,20261005
1876,TROW,T. Rowe Price Group  Inc. - Common Stock,Financial Services,SP500,1.436,13.3,39.7,169.5,0.4,0.1,-6.3,-14.6,103.93,22.51,0,3412,20261005
1877,IFS,Intercorp Financial Services Inc. Common,Financial Services,,1.436,44.4,44.4,12.4,0.63,-2.0,-3.4,-10.3,54.4,5.9,0,3412,20261005
1878,PL,Planet Labs PBC Class A Common Stock,Industrials,,1.435,23.6,30.2,188.9,0.69,3.5,-5.4,-66.2,17.36,6.41,0,3412,20261005
1879,MSTR,Strategy Inc - Class A Common Stock,Technology,NDX,1.435,-58.9,46.0,3345.1,0.49,4.6,13.5,-54.3,164.43,64.44,0,3412,20261005
1880,SO,Southern Company (The) Common Stock,Utilities,SP500,1.432,-2.3,41.3,555.5,0.36,1.7,-5.6,-14.1,83.79,95.34,0,3412,20261005
1881,BHC,Bausch Health Companies Inc. Common Stoc,Healthcare,,1.432,3.2,50.8,11.5,1.07,2.1,-12.9,-25.4,5.89,2.17,0,3412,20261005
1882,GPC,Genuine Parts Company Common Stock,Consumer Cyclical,SP500,1.432,0.8,44.4,121.6,0.49,-1.5,-7.6,-13.0,126.24,17.25,0,3412,20261005
1883,QUIK,QuickLogic Corporation - Common Stock,Technology,,1.432,76.0,46.0,2.5,0.43,6.8,9.8,-50.9,11.65,0.2,0,3412,20261005
1884,FLYW,Flywire Corporation - Voting Common Stoc,Technology,,1.431,37.6,42.9,25.4,0.42,5.0,-2.8,-7.0,18.17,2.14,0,3412,20261005
1885,PKBK,Parke Bancorp  Inc. - Common Stock,Financial Services,,1.431,65.8,47.6,1.4,0.49,-2.6,-3.8,-6.7,32.76,0.4,0,3412,20261005
1886,NTES,NetEase  Inc. - American Depositary Shar,Communication Services,,1.43,-21.8,49.2,78.1,0.4,-1.4,2.0,-20.6,119.38,74.92,0,3412,20261005
1887,NJR,NewJersey Resources Corporation Common S,Utilities,,1.429,17.4,44.4,41.9,0.48,1.0,-5.3,-15.3,50.89,5.3,0,3412,20261005
1888,CTRE,CareTrust REIT  Inc. Common Stock,Real Estate,,1.429,16.3,41.3,92.8,0.44,-3.3,-8.6,-16.6,36.2,8.49,0,3412,20261005
1889,HTO,H2O America  - Common Stock,Utilities,,1.429,41.7,41.3,30.5,0.52,-4.8,-9.5,-10.7,58.44,2.52,0,3412,20261005
1890,TRMK,Trustmark Corporation - Common Stock,Financial Services,,1.429,20.7,46.0,20.3,0.46,-0.2,-1.1,-5.6,45.54,2.67,0,3412,20261005
1891,SNAP,Snap Inc. Class A Common Stock,Communication Services,,1.428,-30.7,47.6,181.7,0.4,7.5,-1.6,-38.3,5.61,9.17,0,3412,20261005
1892,GGG,Graco Inc. Common Stock,Industrials,,1.428,-7.3,46.0,119.0,1.41,0.7,1.2,-16.6,78.83,12.59,0,3412,20261005
1893,ELF,e.l.f. Beauty  Inc. Common Stock,Consumer Defensive,,1.428,-21.0,47.6,136.3,0.47,1.9,-3.4,-28.5,103.75,6.14,0,3412,20261005
1894,PAHC,Phibro Animal Health Corporation - Class,Healthcare,,1.427,0.1,52.4,8.7,0.46,4.2,-3.6,-37.1,37.19,1.38,0,3412,20261005
1895,ADT,ADT Inc. Common Stock,Industrials,,1.427,-12.1,49.2,54.5,0.36,0.3,-17.3,-28.1,6.21,4.52,0,3412,20261005
1896,QNST,QuinStreet  Inc. - Common Stock,Communication Services,,1.427,22.1,46.0,18.0,0.7,5.5,-20.1,-31.9,14.99,0.82,0,3412,20261005
1897,DX,Dynex Capital  Inc. Common Stock,Real Estate,,1.426,16.6,41.3,89.4,0.37,-4.4,-15.6,-19.5,10.83,2.75,0,3412,20261005
1898,FELE,Franklin Electric Co.  Inc. - Common Sto,Industrials,,1.426,3.9,47.6,32.5,0.59,1.5,-0.2,-10.0,99.04,4.27,0,3412,20261005
1899,CPK,Chesapeake Utilities Corporation Common ,Utilities,,1.426,0.1,49.2,25.5,0.45,-0.8,-4.5,-8.4,126.27,3.14,0,3412,20261005
1900,WSBC,WesBanco  Inc. - Common Stock,Financial Services,,1.426,32.5,41.3,42.3,0.51,-1.3,-8.6,-11.6,37.75,3.67,0,3412,20261005
1901,SIGI,Selective Insurance Group  Inc. - Common,Financial Services,,1.425,15.7,44.4,45.5,0.49,0.2,-8.5,-14.5,85.25,5.13,0,3412,20261005
1902,CSR,D/B/A Centerspace Common Stock,Real Estate,,1.425,-7.4,50.8,24.4,1.26,-0.9,5.3,-18.8,55.18,0.91,0,3412,20261005
1903,HIMS,Hims & Hers Health  Inc. Class A Common ,Healthcare,,1.425,-51.9,47.6,276.6,0.46,3.1,6.6,-52.7,29.67,6.77,0,3412,20261005
1904,SFM,Sprouts Farmers Market  Inc. - Common St,Consumer Defensive,,1.423,-24.9,47.6,150.4,0.34,2.3,-18.0,-43.1,64.92,5.83,0,3412,20261005
1905,AEE,Ameren Corporation Common Stock,Utilities,SP500,1.422,5.6,41.3,198.7,0.39,0.3,-6.3,-15.7,99.7,27.52,0,3412,20261005
1906,BXSL,Blackstone Secured Lending Fund Common S,Financial Services,,1.422,1.9,47.6,36.7,0.3,-3.6,-4.7,-9.0,23.52,5.59,0,3412,20261005
1907,VTVT,vTv Therapeutics Inc. - Class A Common S,Healthcare,,1.422,44.7,49.2,1.2,0.69,-0.6,-9.4,-29.0,30.33,0.12,0,3412,20261005
1908,CNP,CenterPoint Energy  Inc (Holding Co) Com,Utilities,SP500,1.421,6.8,39.7,261.6,0.24,3.1,-5.6,-15.7,37.75,24.24,0,3412,20261005
1909,ENR,Energizer Holdings  Inc. Common Stock,Industrials,,1.42,-12.1,52.4,19.9,0.3,-4.9,2.7,-10.4,21.2,1.45,0,3412,20261005
1910,TRVI,Trevi Therapeutics  Inc. - Common Stock,Healthcare,,1.42,78.5,36.5,26.7,0.56,-4.7,-19.6,-29.6,13.72,2.05,0,3412,20261005
1911,BCPC,Balchem Corporation - Common Stock,Basic Materials,,1.42,18.1,44.4,38.4,0.42,-1.6,-3.3,-9.4,166.04,5.33,0,3412,20261005
1912,KODK,Eastman Kodak Company Common New,Industrials,,1.42,37.8,46.0,7.6,0.55,4.6,9.6,-30.9,10.03,0.98,0,3412,20261005
1913,HNVR,Hanover Bancorp  Inc. - Common Stock,Financial Services,,1.419,24.4,52.4,1.0,0.7,-0.2,-4.3,-7.4,25.68,0.18,0,3412,20261005
1914,WFG,West Fraser Timber Co. Ltd Common stock,Basic Materials,,1.419,-0.9,50.8,15.2,0.43,-7.8,-1.7,-13.2,65.9,5.6,0,3412,20261005
1915,INOD,Innodata Inc. - Common Stock,Technology,,1.418,-37.0,49.2,107.8,0.7,0.3,21.7,-44.9,66.97,2.41,0,3412,20261005
1916,NGS,Natural Gas Services Group  Inc. Common ,Energy,,1.417,35.3,47.6,4.3,0.33,2.5,-5.9,-23.6,33.58,0.43,0,3412,20261005
1917,TGS,Transportadora de Gas del Sur SA TGS Com,Energy,,1.417,38.9,46.0,7.1,0.4,2.8,-7.9,-24.7,26.58,4.01,0,3412,20261005
1918,COLD,Americold Realty Trust  Inc. Common Stoc,Real Estate,,1.417,19.8,42.9,53.5,0.45,-3.5,-0.4,-13.5,14.05,3.99,0,3412,20261005
1919,PFBC,Preferred Bank - Common Stock,Financial Services,,1.417,20.2,46.0,19.5,0.62,-3.5,0.9,-3.9,105.23,1.29,0,3412,20261005
1920,FCAP,First Capital  Inc. - Common Stock,Financial Services,,1.417,40.4,49.2,1.4,0.57,5.1,-1.0,-7.5,63.74,0.21,0,3412,20261005
1921,CALY,Callaway Golf Company Common Stock,Consumer Cyclical,,1.417,62.2,36.5,33.0,0.53,-0.2,-9.2,-27.4,14.28,2.52,0,3412,20261005
1922,EE,Excelerate Energy  Inc. Class A Common S,Energy,,1.417,59.9,41.3,16.7,0.46,3.9,-14.0,-19.9,34.13,1.01,0,3412,20261005
1923,IBN,ICICI Bank Limited Common Stock,Financial Services,,1.417,-0.4,44.4,124.2,0.56,1.6,-9.1,-15.8,27.75,98.49,0,3412,20261005
1924,KD,Kyndryl Holdings  Inc. Common Stock,Technology,,1.416,-56.3,52.4,51.9,0.41,3.4,-13.0,-62.1,11.61,2.52,0,3412,20261005
1925,HOOD,Robinhood Markets  Inc. - Class A Common,Financial Services,SP500,1.416,-14.4,42.9,2550.5,0.4,-2.0,-8.5,-25.2,114.11,101.36,0,3412,20261005
1926,IBCP,Independent Bank Corporation - Common St,Financial Services,,1.415,25.2,47.6,7.2,0.36,0.9,-3.0,-7.1,35.91,0.81,0,3412,20261005
1927,ASTH,Astrana Health Inc. - Common Stock,Healthcare,,1.415,36.2,44.4,15.1,0.47,4.8,-2.7,-26.1,36.81,1.76,0,3412,20261005
1928,GTES,Gates Industrial Corporation Ltd. Common,Industrials,,1.415,-2.2,47.6,47.6,0.36,4.3,10.4,-6.8,27.81,7.0,0,3412,20261005
1929,LMAT,LeMaitre Vascular  Inc. - Common Stock,Healthcare,,1.415,-6.4,50.8,21.9,0.77,-1.6,0.6,-30.6,80.99,1.85,0,3412,20261005
1930,SNA,Snap-On Incorporated Common Stock,Industrials,SP500,1.415,13.0,41.3,109.2,0.44,-0.5,-4.4,-11.8,367.4,19.1,0,3412,20261005
1931,RCKY,Rocky Brands  Inc. - Common Stock,Consumer Cyclical,,1.414,45.0,47.6,2.5,0.61,2.5,6.0,-8.8,46.14,0.33,0,3412,20261005
1932,HLN,Haleon plc American Depositary Shares (E,Healthcare,,1.413,13.2,38.1,197.8,0.66,-3.8,-10.5,-20.2,8.82,38.7,0,3412,20261005
1933,SCL,Stepan Company Common Stock,Basic Materials,,1.413,31.8,46.0,10.2,0.53,-1.8,0.6,-4.6,62.74,1.47,0,3412,20261005
1934,GAM,General American Investors  Inc. Common ,Financial Services,,1.412,19.9,52.4,1.4,0.64,-0.0,-4.8,-5.9,63.95,1.51,0,3412,20261005
1935,BTI,British American Tobacco  Industries  p.,Consumer Defensive,,1.411,13.1,34.9,293.8,0.41,-5.7,-5.5,-19.6,52.88,117.06,0,3412,20261005
1936,MOH,Molina Healthcare Inc Common Stock,Healthcare,,1.411,4.5,42.9,127.2,0.61,2.3,-4.4,-20.1,194.05,10.13,0,3412,20261005
1937,MTH,Meritage Homes Corporation Common Stock,Consumer Cyclical,,1.411,-6.6,47.6,60.2,0.45,-4.2,-7.7,-26.9,62.28,4.16,0,3412,20261005
1938,CHDN,Churchill Downs  Incorporated - Common S,Consumer Cyclical,,1.408,-5.6,46.0,96.1,0.47,2.4,-14.1,-34.0,77.57,5.27,0,3412,20261005
1939,XERS,Xeris Biopharma Holdings  Inc. - Common ,Healthcare,,1.408,3.4,47.6,30.2,1.11,3.1,17.9,0.0,10.13,1.79,0,3412,20261005
1940,ATEC,Alphatec Holdings  Inc. - Common Stock,Healthcare,,1.408,-32.2,54.0,25.3,0.48,6.7,14.9,-52.7,10.72,1.59,0,3412,20261005
1941,IMTX,Immatics N.V. - Ordinary Shares,Healthcare,,1.408,8.4,50.8,6.5,0.73,-9.1,-18.3,-34.9,7.73,1.16,0,3412,20261005
1942,CODA,Coda Octopus Group  Inc. - Common stock,Industrials,,1.408,19.6,52.4,1.3,0.66,0.1,8.6,-35.1,10.88,0.12,0,3412,20261005
1943,XYL,Xylem Inc. Common Stock New,Industrials,SP500,1.407,-26.6,46.0,299.9,0.43,1.5,-5.1,-32.1,102.42,23.56,0,3412,20261005
1944,PHIN,PHINIA Inc. Common Stock,Consumer Cyclical,,1.407,22.8,44.4,28.0,0.54,-0.9,-11.7,-29.0,60.18,2.2,0,3412,20261005
1945,HLNE,Hamilton Lane Incorporated - Class A Com,Financial Services,,1.406,-16.9,49.2,59.6,0.3,2.8,-15.5,-42.5,87.33,4.8,0,3412,20261005
1946,BOKF,BOK Financial Corporation - Common Stock,Financial Services,,1.406,25.5,42.9,36.4,0.39,-1.8,-6.6,-11.8,128.23,7.68,0,3412,20261005
1947,FRAF,Franklin Financial Services Corporation ,Financial Services,,1.406,43.2,47.6,2.5,0.42,0.3,-0.4,-2.0,62.96,0.28,0,3412,20261005
1948,AFRM,Affirm Holdings  Inc. - Class A Common S,Financial Services,,1.405,-4.0,42.9,285.8,0.85,11.2,0.6,-12.9,74.75,22.68,0,3412,20261005
1949,OSW,OneSpaWorld Holdings Limited - Common Sh,Consumer Cyclical,,1.405,8.7,47.6,21.3,0.37,0.6,2.9,-19.9,22.92,2.29,0,3412,20261005
1950,CXM,Sprinklr  Inc. Class A Common Stock,Technology,,1.405,-19.4,54.0,16.9,0.47,5.0,-16.2,-36.3,5.23,1.21,0,3412,20261005
1951,AOUT,American Outdoor Brands  Inc. - Common S,Consumer Cyclical,,1.405,18.5,50.8,2.6,3.32,-2.8,65.8,-5.4,16.6,0.21,0,3412,20261005
1952,CRESY,Cresud S.A.C.I.F. y A. - American Deposi,Industrials,,1.404,35.6,47.6,3.8,0.44,-0.4,0.3,-15.8,11.88,0.81,0,3412,20261005
1953,MWA,MUELLER WATER PRODUCTS Common Stock,Industrials,,1.404,-7.0,49.2,35.6,0.6,0.6,-9.0,-28.2,21.76,3.39,0,3412,20261005
1954,LUXE,LuxExperience B.V. American Depositary S,Consumer Cyclical,,1.404,-3.6,57.1,3.5,1.54,3.5,28.3,-7.2,9.75,1.36,0,3412,20261005
1955,WTFC,Wintrust Financial Corporation - Common ,Financial Services,,1.404,18.6,41.3,71.2,0.42,0.8,-5.4,-13.0,145.2,9.72,0,3412,20261005
1956,GNE,Genie Energy Ltd. Class B Common Stock S,Utilities,,1.403,4.2,58.7,1.3,0.43,0.7,5.2,-1.9,16.11,0.43,0,3412,20261005
1957,GASS,StealthGas  Inc. - common stock,Industrials,,1.403,44.7,49.2,1.1,0.49,3.0,-2.0,-12.0,9.14,0.34,0,3412,20261005
1958,PNW,Pinnacle West Capital Corporation Common,Utilities,SP500,1.403,14.8,39.7,122.8,0.44,5.1,-2.1,-12.3,95.96,11.04,0,3412,20261005
1959,KGEI,Kolibri Global Energy Inc. - Common stoc,Energy,,1.403,14.6,54.0,1.2,0.43,-0.2,2.2,-6.7,6.42,0.23,0,3412,20261005
1960,RGR,Sturm  Ruger & Company  Inc. Common Stoc,Industrials,,1.401,-14.8,55.6,10.0,0.66,5.6,19.3,-4.7,44.41,0.67,0,3412,20261005
1961,LEGH,Legacy Housing Corporation - Common Stoc,Consumer Cyclical,,1.401,2.5,55.6,2.3,0.56,0.3,4.7,-0.5,29.2,0.69,0,3412,20261005
1962,CBRE,CBRE Group Inc Common Stock Class A,Real Estate,SP500,1.401,-4.4,42.9,285.4,0.4,-0.7,-13.0,-24.6,129.4,37.2,0,3412,20261005
1963,ERIC,Ericsson - American Depositary Shares ea,Technology,,1.4,23.1,39.7,73.4,0.68,-2.1,-9.0,-32.9,9.22,30.08,0,3412,20261005
1964,KYTX,Kyverna Therapeutics  Inc. - Common Stoc,Healthcare,,1.4,37.3,46.0,6.8,0.52,-7.3,-24.3,-43.8,6.32,0.39,0,3412,20261005
1965,HVT,Haverty Furniture Companies  Inc. Common,Consumer Cyclical,,1.399,36.7,47.6,3.4,0.57,0.2,1.0,-3.0,27.89,0.43,0,3412,20261005
1966,HTHT,H World Group Limited - American Deposit,Consumer Cyclical,,1.399,21.8,41.3,59.8,0.39,-3.5,-9.9,-23.5,41.77,13.18,0,3412,20261005
1967,NBXG,Neuberger Next Generation Connectivity F,Financial Services,,1.399,9.0,54.0,1.8,0.65,5.4,5.0,-5.1,16.16,1.23,0,3412,20261005
1968,MH,McGraw Hill  Inc. Common Stock,Consumer Defensive,,1.399,13.1,49.2,8.0,0.52,0.7,-4.8,-30.0,12.59,2.41,0,3412,20261005
1969,CNL,Collective Mining Ltd. - Common Stock,Basic Materials,,1.398,27.6,49.2,2.6,0.65,-1.3,-28.4,-41.8,12.11,1.14,0,3412,20261005
1970,BSY,Bentley Systems  Incorporated - Class B ,Technology,,1.398,-36.0,49.2,91.9,0.44,11.1,-2.4,-38.5,34.75,9.65,0,3412,20261005
1971,CC,Chemours Company (The) Common Stock,Basic Materials,,1.397,-3.2,49.2,27.6,0.59,-1.7,-10.3,-49.8,13.89,2.04,0,3412,20261005
1972,PRI,Primerica  Inc. Common Stock,Financial Services,,1.396,8.8,44.4,57.8,0.29,0.9,-6.7,-14.5,277.97,8.45,0,3412,20261005
1973,WSBF,Waterstone Financial  Inc. - Common Stoc,Financial Services,,1.396,45.7,47.6,2.1,0.46,-1.5,-6.8,-7.5,19.9,0.36,0,3412,20261005
1974,ATMU,Atmus Filtration Technologies Inc. Commo,Consumer Cyclical,,1.395,8.6,46.0,35.1,0.6,4.9,-3.5,-29.4,46.18,3.59,0,3412,20261005
1975,CHKP,Check Point Software Technologies Ltd. -,Technology,,1.395,-33.0,47.6,157.3,0.4,0.2,-5.7,-36.6,129.58,13.1,0,3412,20261005
1976,MEC,Mayville Engineering Company  Inc. Commo,Industrials,,1.395,43.0,44.4,10.1,0.49,-2.7,-15.6,-56.3,16.39,0.42,0,3412,20261005
1977,JMSB,John Marshall Bancorp  Inc. - Common Sto,Financial Services,,1.395,20.4,50.8,2.2,0.88,-0.4,-1.4,-3.4,23.0,0.32,0,3412,20261005
1978,CORZ,Core Scientific  Inc. - Common Stock,Technology,,1.394,-1.1,42.9,198.0,0.43,0.5,-7.3,-43.1,16.6,5.14,0,3412,20261005
1979,FBIZ,First Business Financial Services  Inc. ,Financial Services,,1.394,47.6,46.0,4.3,0.54,1.8,-1.9,-3.0,70.64,0.58,0,3412,20261005
1980,SNDX,Syndax Pharmaceuticals  Inc. - Common St,Healthcare,,1.393,33.9,41.3,33.7,0.49,-0.2,-13.8,-29.1,17.83,1.61,0,3412,20261005
1981,BZ,KANZHUN LIMITED - American Depository Sh,Communication Services,,1.392,-27.5,47.6,132.5,0.99,6.5,-10.3,-38.1,15.1,6.48,0,3412,20261005
1982,SAH,Sonic Automotive  Inc. Common Stock,Consumer Cyclical,,1.392,5.7,47.6,23.8,0.53,0.3,-21.1,-44.4,62.63,2.05,0,3412,20261005
1983,MOV,Movado Group Inc. Common Stock,Consumer Cyclical,,1.392,81.2,42.9,6.6,0.37,-0.1,-0.5,-15.9,33.45,0.75,0,3412,20261005
1984,AX,Axos Financial  Inc. Common Stock,Financial Services,,1.392,15.2,44.4,39.6,0.75,0.9,-8.8,-15.8,88.51,4.9,0,3412,20261005
1985,MCY,Mercury General Corporation Common Stock,Financial Services,,1.392,27.4,42.9,31.0,0.41,3.1,-3.9,-8.3,101.91,5.64,0,3412,20261005
1986,BKNG,Booking Holdings Inc. - Common Stock,Consumer Cyclical,SP500·NDX,1.39,-9.5,41.3,1519.3,0.44,-3.4,-18.9,-27.6,158.33,125.79,0,3412,20261005
1987,NMAI,Nuveen Multi-Asset Income Fund Common Sh,Financial Services,,1.39,22.8,50.8,1.7,0.93,-3.9,-7.8,-9.1,13.46,0.47,0,3412,20261005
1988,EVT,Eaton Vance Tax Advantaged Dividend Inco,Financial Services,,1.389,26.7,49.2,2.5,0.36,-1.9,-5.6,-7.1,27.38,2.07,0,3412,20261005
1989,HOPE,Hope Bancorp  Inc. - Common Stock,Financial Services,,1.389,36.1,44.4,13.1,0.35,-0.5,-3.1,-6.4,13.57,1.75,0,3412,20261005
1990,NICE,NICE Ltd - American Depositary Shares ea,Technology,,1.389,-21.6,49.2,63.8,0.48,6.2,6.9,-16.2,115.83,6.9,0,3412,20261005
1991,CMDB,Costamare Bulkers Holdings Limited Commo,Industrials,,1.388,54.7,47.6,1.4,0.48,1.0,0.3,-9.1,22.27,0.53,0,3412,20261005
1992,AOSL,Alpha and Omega Semiconductor Limited - ,Technology,,1.388,-10.7,52.4,14.9,0.47,6.0,18.6,-45.6,29.0,0.84,0,3412,20261005
1993,TKO,TKO Group Holdings  Inc. Class A Common ,Communication Services,SP500,1.387,-3.2,42.9,233.1,0.53,-2.5,-6.5,-20.7,177.04,13.36,0,3412,20261005
1994,ALOY,REalloys Inc. - Common Stock,Basic Materials,,1.387,64.4,39.7,17.4,0.48,-3.7,-19.4,-68.7,8.11,0.56,0,3412,20261005
1995,CAI,Caris Life Sciences  Inc. - Common Stock,Healthcare,,1.385,-14.8,46.0,147.0,0.48,-4.3,20.0,-7.8,30.39,8.66,0,3412,20261005
1996,TSN,Tyson Foods  Inc. Common Stock,Consumer Defensive,SP500,1.384,-1.5,42.9,191.0,0.39,1.5,-0.1,-23.4,51.71,17.91,0,3412,20261005
1997,LAZ,Lazard  Inc. Common Stock,Financial Services,,1.384,-12.6,47.6,73.4,0.69,-1.4,-20.4,-37.5,35.28,3.44,0,3412,20261005
1998,ESNT,Essent Group Ltd. Common Shares,Financial Services,,1.384,15.1,42.9,57.9,0.49,-3.7,-12.3,-12.3,61.09,5.29,0,3412,20261005
1999,AAP,Advance Auto Parts Inc.,Consumer Cyclical,,1.383,-29.9,49.2,74.3,1.05,-0.3,-7.2,-36.8,39.65,2.4,0,3412,20261005
2000,KKR-PD,KKR & Co. Inc. 6.25% Series D Mandatory ,Financial Services,,1.382,1.7,54.0,3.2,1.47,-0.9,-14.7,-23.4,41.16,,0,3412,20261005
2001,FWDI,Forward Industries  Inc. - Common Stock,Consumer Cyclical,,1.382,-72.7,58.7,17.7,0.65,0.7,21.4,-68.1,8.11,0.6,0,3412,20261005
2002,O,Realty Income Corporation Common Stock,Real Estate,SP500,1.382,7.9,30.2,517.0,0.42,-2.4,-12.5,-17.9,53.77,52.62,0,3412,20261005
2003,STZ,Constellation Brands  Inc. Common Stock,Consumer Defensive,SP500,1.382,-6.2,42.9,277.3,0.48,0.3,-12.2,-31.6,113.31,19.41,0,3412,20261005
2004,BKD,Brookdale Senior Living Inc. Common Stoc,Healthcare,,1.382,41.8,34.9,51.2,0.45,-4.6,-11.8,-37.2,10.53,2.62,0,3412,20261005
2005,LTRX,Lantronix  Inc. - Common Stock,Technology,,1.381,-2.1,52.4,7.6,0.62,-1.2,36.6,-15.6,7.13,0.33,0,3412,20261005
2006,MGM,MGM Resorts International Common Stock,Consumer Cyclical,SP500,1.381,18.4,31.7,175.3,0.96,-5.3,-26.6,-40.5,30.17,7.72,0,3412,20261005
2007,CLB,Core Laboratories Inc. Common Stock,Energy,,1.379,4.8,50.8,6.9,0.39,4.8,-16.1,-46.5,10.51,0.45,0,3412,20261005
2008,GCO,Genesco Inc. Common Stock,Consumer Cyclical,,1.378,14.9,49.2,6.2,0.46,2.2,3.5,-16.5,35.66,0.38,0,3412,20261005
2009,BNC,BNB Standard Corporation - Common Stock,Industrials,,1.378,-56.7,54.0,29.6,4.55,7.8,84.5,-46.6,6.07,0.24,0,3412,20261005
2010,R,Ryder System  Inc. Common Stock,Industrials,,1.378,32.0,36.5,63.6,0.33,0.9,-4.5,-15.5,235.94,9.06,0,3412,20261005
2011,MGTX,MeiraGTx Holdings plc - Ordinary Shares,Healthcare,,1.377,66.3,41.3,11.9,0.44,-1.7,-21.8,-27.1,10.92,1.05,0,3412,20261005
2012,CNNE,Cannae Holdings  Inc. Common Stock,Consumer Cyclical,,1.377,-9.9,54.0,8.7,0.36,0.1,-1.6,-14.4,15.59,0.67,0,3412,20261005
2013,SNDA,Sonida Senior Living  Inc. Common Stock,Healthcare,,1.377,40.8,42.9,15.9,0.36,-2.4,-3.1,-14.7,36.72,1.81,0,3412,20261005
2014,AMBA,Ambarella  Inc. - Ordinary Shares,Technology,,1.377,-26.4,47.6,117.4,0.79,-0.6,7.7,-28.5,68.26,3.03,0,3412,20261005
2015,PB,Prosperity Bancshares  Inc. Common Stock,Financial Services,,1.377,13.3,41.3,84.3,0.5,-0.1,-7.2,-10.7,67.22,8.09,0,3412,20261005
2016,MDU,MDU Resources Group  Inc. Common Stock (,Utilities,,1.377,13.9,44.4,39.4,0.56,0.9,-5.3,-17.5,18.69,3.93,0,3412,20261005
2017,CUBE,CubeSmart Common Shares,Real Estate,,1.376,3.1,42.9,115.5,0.44,-0.5,-6.4,-12.5,37.19,8.46,0,3412,20261005
2018,SSB,SouthState Bank Corporation Common Stock,Financial Services,,1.376,11.4,42.9,68.1,0.39,-0.6,-5.6,-9.4,101.13,9.94,0,3412,20261005
2019,BAC-PL,Bank of America Corporation Non Cumulati,Financial Services,,1.376,6.8,49.2,11.1,0.89,-2.9,-7.7,-8.5,1195.0,,0,3412,20261005
2020,WM,Waste Management  Inc. Common Stock,Industrials,SP500,1.375,3.5,36.5,467.1,0.29,0.1,-6.8,-15.5,206.66,82.52,0,3412,20261005
2021,IRON,Disc Medicine  Inc. - Common Stock,Healthcare,,1.375,20.5,42.9,40.4,0.41,-2.4,-20.2,-32.7,63.33,2.48,0,3412,20261005
2022,LHX,L3Harris Technologies  Inc. Common Stock,Industrials,SP500,1.375,-10.4,42.9,404.3,0.39,-0.3,-9.2,-36.6,236.88,44.11,0,3412,20261005
2023,FBIN,Fortune Brands Innovations  Inc. Common ,Industrials,,1.374,-18.8,47.6,91.0,0.31,0.6,-8.4,-38.9,38.66,4.6,0,3412,20261005
2024,BN,Brookfield Corporation Class A Limited V,Financial Services,,1.373,-10.6,44.4,204.0,0.37,1.5,-8.9,-24.8,36.83,81.39,0,3412,20261005
2025,CX,Cemex  S.A.B. de C.V. Sponsored ADR,Basic Materials,,1.373,20.5,39.7,73.0,0.44,0.1,-12.2,-29.4,9.54,13.56,0,3412,20261005
2026,HUN,Huntsman Corporation Common Stock,Basic Materials,,1.372,3.3,47.6,24.8,0.44,2.4,-6.0,-44.4,8.84,1.5,0,3412,20261005
2027,WTM,White Mountains Insurance Group  Ltd. Co,Financial Services,,1.372,27.0,41.3,39.7,0.32,0.2,-4.4,-12.9,2019.44,4.81,0,3412,20261005
2028,IREN,IREN Limited - Ordinary Shares,Financial Services,,1.372,-11.4,41.3,1564.3,0.32,-3.0,-2.8,-47.0,40.48,16.46,0,3412,20261005
2029,FOUR,Shift4 Payments  Inc. Class A Common Sto,Technology,,1.371,-43.9,49.2,87.5,0.52,1.4,-15.0,-52.8,37.55,2.81,0,3412,20261005
2030,THW,abrdn World Healthcare Fund Shares of Be,Financial Services,,1.371,22.6,50.8,1.5,0.79,-7.1,-13.2,-14.3,12.26,0.53,0,3412,20261005
2031,HCA,HCA Healthcare  Inc. Common Stock,Healthcare,SP500,1.37,-3.6,39.7,636.6,0.54,0.5,6.3,-19.9,434.92,92.38,0,3412,20261005
2032,KEP,Korea Electric Power Corporation Common ,Utilities,,1.37,-5.9,52.4,9.9,0.38,0.9,-6.9,-52.0,11.17,14.51,0,3412,20261005
2033,APTV,Aptiv PLC Ordinary Shares,Consumer Cyclical,SP500,1.37,-46.7,47.6,169.6,0.95,0.6,-5.7,-50.5,43.89,9.01,0,3412,20261005
2034,XMAX,XMAX  Inc. - Common Stock,Consumer Cyclical,,1.369,57.6,44.4,5.2,0.54,-0.6,0.5,-6.7,8.71,0.57,0,3412,20261005
2035,CARL,Carlsmed  Inc. - Common Stock,Healthcare,,1.369,16.4,52.4,1.3,0.72,7.9,-1.4,-9.9,15.3,0.38,0,3412,20261005
2036,INFY,Infosys Limited American Depositary Shar,Technology,,1.368,-22.4,46.0,191.0,0.45,2.3,-11.0,-45.6,10.76,44.72,0,3412,20261005
2037,ASMB,Assembly Biosciences  Inc. - Common Stoc,Healthcare,,1.368,52.4,42.9,10.5,0.85,-3.7,-37.1,-40.9,22.74,0.48,0,3412,20261005
2038,ARR,ARMOUR Residential REIT  Inc.,Real Estate,,1.368,21.3,39.7,69.1,0.36,-3.2,-16.1,-22.0,13.53,1.98,0,3412,20261005
2039,VIV,Telefonica Brasil S.A. American Deposita,Communication Services,,1.368,0.8,49.2,16.8,0.6,11.8,6.1,-22.4,12.62,18.53,0,3412,20261005
2040,QCRH,QCR Holdings  Inc. - Common Stock,Financial Services,,1.367,37.2,44.4,10.9,0.43,0.1,-2.7,-6.2,100.03,1.64,0,3412,20261005
2041,UHAL,U-Haul Holding Company Common Stock,Industrials,,1.366,17.7,47.6,9.0,0.25,0.6,-9.6,-18.8,61.1,11.92,0,3412,20261005
2042,WMG,Warner Music Group Corp. - Class A Commo,Communication Services,,1.366,-11.3,47.6,62.1,0.4,1.8,-6.5,-19.5,27.63,14.2,0,3412,20261005
2043,OWL,Blue Owl Capital Inc. Class A Common Sto,Financial Services,,1.366,-21.9,46.0,182.5,0.41,-2.0,-24.2,-44.7,8.97,6.33,0,3412,20261005
2044,CW,Curtiss-Wright Corporation Common Stock,Industrials,,1.365,6.1,38.1,244.9,0.53,1.6,-4.9,-31.8,540.79,20.13,0,3412,20261005
2045,NG,Novagold Resources Inc.,Basic Materials,,1.365,-13.8,49.2,42.1,0.59,-0.6,-20.6,-53.5,6.61,3.19,0,3412,20261005
2046,NVO,Novo Nordisk A/S Common Stock,Healthcare,,1.365,-15.1,42.9,586.2,0.64,-3.0,-21.0,-38.4,37.54,168.59,0,3412,20261005
2047,EXG,Eaton Vance Tax-Managed Global Diversifi,Financial Services,,1.365,17.9,49.2,4.4,0.36,-1.2,-6.6,-7.0,9.34,2.86,0,3412,20261005
2048,MOS,Mosaic Company (The) Common Stock,Basic Materials,SP500,1.365,-24.6,46.0,201.6,0.33,-4.3,-16.5,-38.2,21.29,6.77,0,3412,20261005
2049,HTH,Hilltop Holdings Inc.,Financial Services,,1.364,20.1,46.0,14.4,0.78,0.1,-1.9,-4.6,38.15,2.2,0,3412,20261005
2050,FENC,Fennec Pharmaceuticals Inc. - Common Sto,Healthcare,,1.364,29.8,49.2,1.8,0.57,-3.0,-15.4,-16.9,10.62,0.36,0,3412,20261005
2051,ABCB,Ameris Bancorp Common Stock,Financial Services,,1.364,18.2,42.9,43.6,0.57,-1.3,-6.3,-13.7,80.4,5.47,0,3412,20261005
2052,ALGT,Allegiant Travel Company - Common Stock,Industrials,,1.364,26.6,41.3,38.9,0.24,-1.8,-0.9,-36.9,75.14,2.11,0,3412,20261005
2053,SBAC,SBA Communications Corporation - Class A,Real Estate,SP500,1.363,2.5,41.3,170.5,0.43,-1.0,-15.5,-26.7,161.82,17.63,0,3412,20261005
2054,PTRN,Pattern Group Inc. - Series A Common Sto,Technology,,1.363,43.1,38.1,33.4,0.41,3.8,-15.4,-40.8,17.41,3.18,0,3412,20261005
2055,KRG,Kite Realty Group Trust Common Stock,Real Estate,,1.362,25.0,39.7,55.5,0.47,-2.7,-7.5,-19.1,24.13,4.83,0,3412,20261005
2056,TXT,Textron Inc. Common Stock,Industrials,SP500,1.361,-8.0,44.4,153.0,0.5,-2.1,-4.6,-24.8,75.75,13.17,0,3412,20261005
2057,DTM,DT Midstream  Inc. Common Stock,Energy,,1.361,15.7,38.1,114.9,0.34,0.1,-5.0,-19.0,122.12,12.25,0,3412,20261005
2058,IMMR,Immersion Corporation - Common Stock,Technology,,1.361,6.4,52.4,2.8,0.78,0.3,-3.8,-6.7,7.27,0.25,0,3412,20261005
2059,ZTO,ZTO Express (Cayman) Inc. American Depos,Industrials,,1.36,11.1,42.9,63.3,0.75,0.2,-5.8,-23.9,19.7,14.78,0,3412,20261005
2060,PTON,Peloton Interactive  Inc. - Common Stock,Consumer Cyclical,,1.359,-38.0,50.8,48.1,0.51,4.4,-6.9,-41.6,5.01,2.1,0,3412,20261005
2061,FRT,Federal Realty Investment Trust Common S,Real Estate,SP500,1.357,22.1,33.3,112.5,0.49,-3.5,-9.6,-16.6,105.97,9.33,0,3412,20261005
2062,ZTS,Zoetis Inc. Class A Common Stock,Healthcare,SP500,1.357,-47.3,46.0,334.9,0.42,-0.0,-6.4,-51.0,71.41,29.52,0,3412,20261005
2063,WPC,W. P. Carey Inc. REIT,Real Estate,,1.356,7.0,41.3,113.9,0.48,-2.9,-9.0,-16.6,63.93,14.99,0,3412,20261005
2064,RITM,Rithm Capital Corp. Common Stock,Real Estate,,1.356,-2.9,46.0,61.3,0.4,-3.7,-13.0,-23.6,8.74,5.1,0,3412,20261005
2065,CAAP,Corporacion America Airports SA Common S,Industrials,,1.355,41.9,44.4,7.8,0.73,-2.0,5.5,-12.6,25.54,4.16,0,3412,20261005
2066,QTTB,Q32 Bio Inc. - Common Stock,Healthcare,,1.355,518.4,34.9,11.0,2.61,-9.3,-34.6,-60.9,8.37,0.27,0,3412,20261005
2067,CMPR,Cimpress plc - Ordinary Shares,Industrials,,1.354,39.6,42.9,14.8,0.52,-4.6,-13.6,-27.5,76.35,1.88,0,3412,20261005
2068,KIM,Kimco Realty Corporation (HC) Common Sto,Real Estate,SP500,1.354,16.0,36.5,128.2,0.41,-2.0,-6.8,-15.5,22.03,14.78,0,3412,20261005
2069,VBNK,VersaBank - Common Shares,Financial Services,,1.352,68.7,44.4,3.3,0.6,-0.8,8.6,-5.7,22.36,0.76,0,3412,20261005
2070,FCF,First Commonwealth Financial Corporation,Financial Services,,1.352,29.3,42.9,23.2,0.46,-0.9,-3.7,-7.2,20.38,2.05,0,3412,20261005
2071,CAG,ConAgra Brands  Inc. Common Stock,Consumer Defensive,,1.349,-13.1,44.4,205.3,0.46,-6.9,-15.6,-32.5,13.19,6.45,0,3412,20261005
2072,APAM,Artisan Partners Asset Management Inc. C,Financial Services,,1.348,5.4,46.0,33.1,0.37,-4.0,-16.4,-21.2,34.4,2.59,0,3412,20261005
2073,LLYVA,Liberty Live Holdings  Inc. - Series A L,Communication Services,,1.347,9.6,47.6,14.1,0.67,-0.9,-1.6,-8.4,96.17,8.85,0,3412,20261005
2074,INN,Summit Hotel Properties  Inc. Common Sto,Real Estate,,1.347,10.1,49.2,6.9,0.54,2.9,4.7,-14.1,5.99,0.65,0,3412,20261005
2075,FISV,Fiserv  Inc. - Common Stock,,SP500,1.347,-58.1,46.0,361.6,0.41,0.3,-12.5,-63.8,46.14,24.13,0,3412,20261005
2076,KMB,Kimberly-Clark Corporation - Common Stoc,Consumer Defensive,SP500,1.347,-8.6,41.3,473.3,0.44,-3.4,-10.6,-18.2,95.41,31.73,0,3412,20261005
2077,KAI,Kadant Inc Common Stock,Industrials,,1.345,0.1,46.0,48.0,0.5,-1.0,-10.2,-23.0,267.14,3.17,0,3412,20261005
2078,HEI,Heico Corporation Common Stock,Industrials,,1.345,2.6,41.3,148.2,0.38,-1.0,-7.4,-19.5,301.57,42.26,0,3412,20261005
2079,HAPN,Happen  Inc. - Common Stock,Financial Services,,1.343,17.4,44.4,26.2,0.46,3.8,-12.1,-28.4,15.46,1.77,0,3412,20261005
2080,IRT,Independence Realty Trust  Inc. Common S,Real Estate,,1.342,2.0,44.4,67.6,0.69,0.1,-8.7,-15.2,14.72,3.42,0,3412,20261005
2081,FICO,Fair Isaac Corporation Common Stock,Technology,SP500,1.342,-37.3,44.4,713.9,1.42,-18.0,-38.4,-63.3,689.61,14.29,0,3412,20261005
2082,CDP,COPT Defense Properties Common Shares of,Real Estate,,1.341,26.7,41.3,33.9,0.46,-1.2,-5.5,-13.0,33.36,3.79,0,3412,20261005
2083,SPRB,Spruce Biosciences  Inc. - Common Stock,Healthcare,,1.34,571.0,39.7,5.1,0.58,-4.4,-21.3,-75.1,45.42,0.14,0,3412,20261005
2084,GLUE,Monte Rosa Therapeutics  Inc. - Common S,Healthcare,,1.34,88.5,34.9,16.4,0.71,-12.3,-28.6,-59.4,10.27,0.96,0,3412,20261005
2085,AVBH,Avidbank Holdings  Inc. - Common Stock,Financial Services,,1.34,24.7,49.2,2.1,0.63,-0.2,-1.1,-6.5,31.34,0.34,0,3412,20261005
2086,BNTX,BioNTech SE - American Depositary Shares,Healthcare,,1.34,-1.6,44.4,85.7,0.99,-1.5,-5.1,-18.2,97.64,24.69,0,3412,20261005
2087,TWFG,TWFG  Inc. - Common Stock,Financial Services,,1.34,6.6,50.8,4.6,0.51,2.4,-15.5,-20.6,24.73,1.31,0,3412,20261005
2088,VRTS,Virtus Investment Partners  Inc. Common ,Financial Services,,1.34,-11.8,50.8,19.7,0.43,3.8,-15.0,-27.3,134.47,0.86,0,3412,20261005
2089,ORIC,Oric Pharmaceuticals  Inc. - Common Stoc,Healthcare,,1.339,12.5,46.0,20.1,0.5,-5.9,-2.0,-14.7,12.49,1.38,0,3412,20261005
2090,WH,Wyndham Hotels & Resorts  Inc. Common St,Consumer Cyclical,,1.339,-11.1,46.0,89.6,0.34,0.6,0.3,-20.4,71.22,5.26,0,3412,20261005
2091,ITIC,Investors Title Company - Common Stock,Financial Services,,1.338,14.6,46.0,17.1,0.62,1.4,-2.1,-4.0,293.39,0.55,0,3412,20261005
2092,SVV,Savers Value Village  Inc. Common Stock,Consumer Cyclical,,1.337,-21.8,54.0,12.5,0.91,-1.7,-10.5,-32.6,9.19,1.43,0,3412,20261005
2093,MCHPP,Microchip Technology Incorporated - Depo,Technology,,1.336,10.1,47.6,12.4,2.31,3.7,10.0,-18.0,69.26,,0,3412,20261005
2094,CET,Central Securities Corporation Common St,Financial Services,,1.336,12.5,52.4,1.4,0.5,1.8,2.9,-1.3,56.24,1.64,0,3412,20261005
2095,CRCT,Cricut  Inc. - Class A common stock,Technology,,1.336,-3.3,54.0,3.9,0.59,2.2,10.6,-0.8,6.47,1.36,0,3412,20261005
2096,MQ,Marqeta  Inc. - Class A Common Stock,Technology,,1.335,-16.8,52.4,15.1,0.42,0.8,0.3,-16.7,17.03,1.77,0,3412,20261005
2097,KMTS,Kestra Medical Technologies  Ltd. - Comm,Healthcare,,1.335,3.2,49.2,11.2,0.58,0.7,12.7,-0.4,28.34,1.69,0,3412,20261005
2098,LASR,nLIGHT  Inc. - Common Stock,Technology,,1.334,33.3,39.7,33.3,0.67,-0.1,-4.8,-53.5,39.5,2.28,0,3412,20261005
2099,ETY,Eaton Vance Tax-Managed Diversified Equi,Financial Services,,1.334,-1.2,52.4,5.0,0.45,0.8,-2.2,-4.4,14.18,2.24,0,3412,20261005
2100,CSQ,Calamos Strategic Total Return Fund - Cl,Financial Services,,1.333,16.3,49.2,3.9,0.32,-0.4,-3.3,-3.5,20.36,3.26,0,3412,20261005
2101,TDAY,USA TODAY Co.  Inc. Common Stock,Communication Services,,1.332,55.9,39.7,15.6,0.53,16.6,14.8,-17.7,7.43,0.94,0,3412,20261005
2102,SKYW,SkyWest  Inc. - Common Stock,Industrials,,1.331,-3.8,47.6,34.6,0.42,-4.6,-0.2,-17.1,96.06,4.06,0,3412,20261005
2103,FSBW,FS Bancorp  Inc. - Common Stock,Financial Services,,1.331,12.4,52.4,1.4,0.5,-0.1,2.3,-1.9,44.43,0.35,0,3412,20261005
2104,CRK,Comstock Resources  Inc. Common Stock,Energy,,1.331,-29.3,50.8,34.9,0.55,2.9,-12.6,-52.3,13.06,3.77,0,3412,20261005
2105,RBA,RB Global  Inc. Common Stock,Industrials,,1.331,-22.3,46.0,144.8,0.62,1.9,-1.2,-30.4,82.3,15.27,0,3412,20261005
2106,NFLX,Netflix  Inc. - Common Stock,Communication Services,SP500·NDX,1.331,-28.9,42.9,2576.1,0.54,-2.5,-18.4,-45.6,67.5,297.14,0,3412,20261005
2107,GEHC,GE HealthCare Technologies Inc. - Common,Healthcare,SP500·NDX,1.33,-9.1,42.9,244.1,0.58,-1.6,-5.7,-25.4,65.74,28.9,0,3412,20261005
2108,BCE,BCE  Inc. Common Stock,Communication Services,,1.33,6.5,41.3,99.2,0.38,-4.0,-17.1,-23.5,19.74,18.78,0,3412,20261005
2109,LNN,Lindsay Corporation Common Stock,Industrials,,1.33,-12.3,50.8,19.4,0.4,0.4,-6.9,-17.9,114.39,1.16,0,3412,20261005
2110,CCBG,Capital City Bank Group - Common Stock,Financial Services,,1.33,25.4,47.6,3.9,0.38,0.1,-4.2,-6.7,49.31,0.83,0,3412,20261005
2111,SBS,Companhia de saneamento Basico Do Estado,Utilities,,1.328,7.7,44.4,43.8,0.66,21.8,22.0,-11.6,6.26,18.22,0,3412,20261005
2112,SYBT,Stock Yards Bancorp  Inc. - Common Stock,Financial Services,,1.327,18.2,46.0,12.8,0.4,-0.5,-3.3,-11.8,77.61,2.44,0,3412,20261005
2113,WING,Wingstop Inc. - Common Stock,Consumer Cyclical,,1.326,-58.1,47.6,145.4,0.35,5.0,-3.1,-62.2,106.84,2.77,0,3412,20261005
2114,IHS,IHS Holding Limited Ordinary Shares,Real Estate,,1.326,24.7,46.0,8.2,0.74,0.8,-0.2,-3.2,8.45,2.81,0,3412,20261005
2115,BOOT,Boot Barn Holdings  Inc. Common Stock,Consumer Cyclical,,1.325,-13.3,46.0,94.3,0.45,-2.6,-16.6,-40.9,122.88,3.65,0,3412,20261005
2116,PFSI,PennyMac Financial Services  Inc. Common,Financial Services,,1.325,-39.8,50.8,41.0,0.55,-1.1,-14.0,-60.1,62.95,3.39,0,3412,20261005
2117,LYFT,Lyft  Inc. - Class A Common Stock,Technology,,1.325,-23.6,46.0,148.5,0.33,5.7,-9.0,-36.0,15.73,5.95,0,3412,20261005
2118,YUM,Yum! Brands  Inc.,Consumer Cyclical,SP500,1.325,2.2,36.5,335.8,0.36,-0.9,-10.2,-18.2,136.97,37.74,0,3412,20261005
2119,PPTA,Perpetua Resources Corp. - Common Shares,Basic Materials,,1.325,19.2,44.4,21.2,0.32,-6.8,-18.8,-45.4,20.33,2.93,0,3412,20261005
2120,VERA,Vera Therapeutics  Inc. - Class A Common,Healthcare,,1.324,19.9,36.5,84.3,0.69,-8.2,-14.7,-46.4,29.83,2.34,0,3412,20261005
2121,PTCT,PTC Therapeutics  Inc. - Common Stock,Healthcare,,1.324,13.3,39.7,84.5,0.56,-3.5,-10.9,-28.9,63.65,5.2,0,3412,20261005
2122,CLMB,Climb Global Solutions  Inc. - Common St,Technology,,1.324,-17.9,58.7,4.8,0.44,3.4,19.7,-5.8,33.73,0.6,0,3412,20261005
2123,OSS,One Stop Systems  Inc. - Common Stock,Technology,,1.324,79.7,41.3,6.6,0.4,-6.5,-14.7,-58.2,8.33,0.23,0,3412,20261005
2124,SNEX,StoneX Group Inc. - Common Stock,Financial Services,,1.324,1.6,44.4,63.0,0.34,2.3,-3.0,-51.5,67.43,8.08,0,3412,20261005
2125,UL,Unilever PLC American Depositary Shares ,Consumer Defensive,,1.323,-0.7,41.3,179.4,0.54,-4.1,-6.6,-18.2,59.98,134.67,0,3412,20261005
2126,EFSI,Eagle Financial Services Inc - Common St,Financial Services,,1.322,14.4,50.8,2.0,0.53,-0.8,9.7,-2.2,45.55,0.25,0,3412,20261005
2127,UTMD,Utah Medical Products  Inc. - Common Sto,Healthcare,,1.321,12.4,50.8,2.4,0.54,-1.6,3.7,-4.4,73.31,0.24,0,3412,20261005
2128,HD,Home Depot  Inc. (The) Common Stock,Consumer Cyclical,SP500,1.32,-17.2,41.3,1551.1,0.31,-3.0,-11.6,-26.8,281.15,282.2,0,3412,20261005
2129,NN,NextNav Inc. - Common stock,Technology,,1.32,9.9,44.4,35.8,0.63,-6.5,-15.3,-43.5,13.32,1.96,0,3412,20261005
2130,ORI,Old Republic International Corporation C,Financial Services,,1.318,7.5,42.9,63.9,0.36,-0.6,-10.6,-14.6,37.79,9.24,0,3412,20261005
2131,SRPT,Sarepta Therapeutics  Inc. - Common Stoc,Healthcare,,1.317,2.9,44.4,55.6,0.41,-7.0,-23.9,-28.5,17.49,1.97,0,3412,20261005
2132,FSUN,FirstSun Capital Bancorp - Common Stock,Financial Services,,1.317,4.6,47.6,16.2,0.78,0.5,-2.9,-4.7,39.45,1.71,0,3412,20261005
2133,VNT,Vontier Corporation Common Stock,Technology,,1.317,-20.8,49.2,42.9,0.38,3.0,-3.4,-26.0,31.89,4.26,0,3412,20261005
2134,PBI-PB,Pitney Bowes Inc 6.70% Notes Due 2043,,,1.315,20.0,50.8,1.2,1.25,1.3,-3.3,-3.8,21.03,,0,3412,20261005
2135,SEB,Seaboard Corporation Common Stock,Industrials,,1.314,19.0,41.3,44.5,0.67,-3.2,-7.4,-33.2,3978.74,3.8,0,3412,20261005
2136,ECAT,BlackRock ESG Capital Allocation Term Tr,Financial Services,,1.314,12.4,47.6,9.5,0.43,-0.9,-9.2,-10.8,13.89,1.36,0,3412,20261005
2137,PDD,PDD Holdings Inc. - American Depositary ,Consumer Cyclical,NDX,1.314,-39.6,44.4,497.7,0.34,-0.8,-4.6,-43.6,77.9,111.31,0,3412,20261005
2138,RCL,Royal Caribbean Cruises Ltd. Common Stoc,Consumer Cyclical,SP500,1.313,-15.9,41.3,852.4,0.62,13.4,3.6,-20.1,275.03,63.92,0,3412,20261005
2139,WAY,Waystar Holding Corp. - Common Stock,Healthcare,,1.313,-31.7,49.2,55.3,0.47,2.9,1.5,-33.2,26.48,4.94,0,3412,20261005
2140,DXC,DXC Technology Company Common Stock,Technology,,1.313,-14.1,49.2,32.7,0.52,12.7,-0.1,-24.4,11.66,1.86,0,3412,20261005
2141,TCMD,Tactile Systems Technology  Inc. - Commo,Healthcare,,1.313,57.6,42.9,6.3,0.65,-1.5,2.1,-32.0,22.47,0.51,0,3412,20261005
2142,HBNC,Horizon Bancorp  Inc. - Common Stock,Financial Services,,1.313,28.0,44.4,11.8,0.4,1.1,-2.2,-7.5,19.24,1.0,0,3412,20261005
2143,GCMG,GCM Grosvenor Inc. - Class A Common Stoc,Financial Services,,1.312,17.5,47.6,6.3,0.55,2.0,-1.3,-5.4,13.18,0.8,0,3412,20261005
2144,GRND,Grindr Inc. Common Stock,Technology,,1.312,6.1,46.0,25.7,0.44,-13.3,-13.5,-24.5,13.54,2.46,0,3412,20261005
2145,MCFT,MasterCraft Boat Holdings  Inc. - Common,Consumer Cyclical,,1.311,8.9,49.2,6.1,0.6,-0.8,-15.5,-28.0,19.71,0.48,0,3412,20261005
2146,CUZ,Cousins Properties Incorporated Common S,Real Estate,,1.31,6.4,44.4,42.4,0.36,-2.6,-6.6,-15.4,27.33,4.55,0,3412,20261005
2147,NRP,Natural Resource Partners LP Limited Par,Energy,,1.31,9.0,50.8,2.9,0.67,0.1,-3.2,-11.2,109.8,1.43,0,3412,20261005
2148,PLOW,Douglas Dynamics  Inc. Common Stock,Consumer Cyclical,,1.309,35.8,44.4,7.7,0.65,2.9,-1.5,-24.9,40.69,0.92,0,3412,20261005
2149,FSV,FirstService Corporation - Common Shares,Real Estate,,1.309,-23.4,50.8,27.1,0.51,-0.6,-10.2,-31.6,128.28,5.61,0,3412,20261005
2150,GBX,Greenbrier Companies  Inc. (The) Common ,Industrials,,1.308,-4.4,49.2,17.6,0.48,-3.7,-5.3,-30.7,40.53,1.24,0,3412,20261005
2151,GOOD,Gladstone Commercial Corporation - Real ,Real Estate,,1.307,17.1,47.6,6.2,0.41,2.6,-1.8,-3.0,12.79,0.62,0,3412,20261005
2152,GO,Grocery Outlet Holding Corp. - Common St,Consumer Defensive,,1.304,-24.0,50.8,26.9,0.37,2.9,-7.2,-30.7,11.42,1.17,0,3412,20261005
2153,DRD,DRDGOLD Limited American Depositary Shar,Basic Materials,,1.303,7.5,49.2,6.4,0.34,-0.7,-18.4,-37.7,24.17,2.11,0,3412,20261005
2154,IGD,Voya Global Equity Dividend and Premium ,Financial Services,,1.303,21.9,49.2,2.0,0.34,-3.8,-7.7,-9.3,6.03,0.48,0,3412,20261005
2155,SVRN,SVRN  Inc. - Common Stock,Industrials,,1.303,-58.8,61.9,9.2,1.52,-7.8,355.3,-28.7,47.99,0.09,0,3412,20261005
2156,FLG,Flagstar Bank  N.A. Common Stock,Financial Services,,1.302,15.9,39.7,65.4,0.37,-3.9,-14.1,-24.6,11.57,4.85,0,3412,20261005
2157,GLPI,Gaming and Leisure Properties  Inc. - Co,Real Estate,,1.302,-4.2,42.9,138.5,0.79,-1.9,-10.5,-21.3,37.91,10.94,0,3412,20261005
2158,KMPR,Kemper Corporation,Financial Services,,1.301,-40.7,52.4,23.5,0.26,1.9,-10.0,-46.9,25.81,1.52,0,3412,20261005
2159,CMS,CMS Energy Corporation Common Stock,Utilities,SP500,1.3,-2.3,39.7,257.6,0.35,2.3,-6.6,-19.3,64.03,19.78,0,3412,20261005
2160,VLGEA,Village Super Market  Inc. - Class A Com,Consumer Defensive,,1.3,20.7,49.2,2.1,0.55,-1.4,4.2,-3.1,45.46,0.67,0,3412,20261005
2161,ECVT,Ecovyst Inc. Common Stock,Basic Materials,,1.3,15.5,46.0,13.3,0.42,3.3,1.6,-30.7,10.37,1.09,0,3412,20261005
2162,KRO,Kronos Worldwide Inc Common Stock,Basic Materials,,1.3,53.1,44.4,3.4,0.72,-2.3,-6.0,-10.4,7.94,0.91,0,3412,20261005
2163,SKWD,Skyward Specialty Insurance Group  Inc. ,Financial Services,,1.3,26.8,42.9,19.0,0.42,3.0,-5.0,-15.9,55.19,2.43,0,3412,20261005
2164,MP,MP Materials Corp. Common Stock,Basic Materials,,1.299,-24.2,44.4,255.9,0.36,0.8,-12.9,-52.5,46.84,8.34,0,3412,20261005
2165,DTE,DTE Energy Company Common Stock,Utilities,SP500,1.299,0.9,38.1,255.9,0.44,3.5,-8.8,-19.0,125.04,25.65,0,3412,20261005
2166,MKL,Markel Group Inc. Common Stock,Financial Services,,1.299,-4.0,42.9,132.4,0.39,-0.8,-6.3,-21.2,1726.58,21.39,0,3412,20261005
2167,HFWA,Heritage Financial Corporation - Common ,Financial Services,,1.298,25.1,44.4,12.7,0.41,-1.0,-4.6,-10.8,27.88,1.15,0,3412,20261005
2168,CAL,Caleres  Inc. Common Stock,Consumer Cyclical,,1.298,-9.0,52.4,7.3,0.41,-2.2,1.2,-16.8,12.25,0.42,0,3412,20261005
2169,CELH,Celsius Holdings  Inc. - Common Stock,Consumer Defensive,,1.298,-46.3,46.0,205.2,0.66,-1.7,-12.9,-57.6,27.52,6.92,0,3412,20261005
2170,PPL,PPL Corporation Common Stock,Utilities,SP500,1.298,-1.2,39.7,233.9,0.35,2.6,-6.2,-16.6,32.95,24.06,0,3412,20261005
2171,AAUC,Allied Gold Corporation Common Shares,Basic Materials,,1.295,30.7,44.4,9.5,0.92,-5.9,-17.7,-38.2,19.78,2.93,0,3412,20261005
2172,BEAM,Beam Therapeutics Inc. - Common Stock,Healthcare,,1.295,15.1,41.3,51.6,0.45,5.9,-12.9,-32.3,25.67,2.53,0,3412,20261005
2173,ETJ,Eaton Vance Risk-Managed Diversified Equ,Financial Services,,1.295,3.4,54.0,1.3,0.43,-0.5,-3.4,-4.3,8.14,0.55,0,3412,20261005
2174,HESM,Hess Midstream LP Class A Representing L,Energy,,1.295,23.8,38.1,52.0,0.37,-0.2,-3.6,-6.2,38.41,4.85,0,3412,20261005
2175,CBSH,Commerce Bancshares  Inc. - Common Stock,Financial Services,,1.293,5.7,42.9,61.4,0.36,-1.3,-5.1,-8.2,55.14,7.85,0,3412,20261005
2176,DFIN,Donnelley Financial Solutions  Inc. Comm,Technology,,1.293,-6.8,50.8,10.8,0.48,1.3,-1.6,-13.1,48.28,1.17,0,3412,20261005
2177,BXP,BXP  Inc. Common Stock,Real Estate,SP500,1.293,-6.6,44.4,91.2,0.53,-4.9,-13.0,-18.7,59.37,9.76,0,3412,20261005
2178,SLGL,Sol-Gel Technologies Ltd. - Ordinary Sha,Healthcare,,1.292,137.6,41.3,3.1,0.49,13.7,12.6,-19.4,78.95,0.22,0,3412,20261005
2179,VOXR,Vox Royalty Corp. - common stock,Basic Materials,,1.292,42.3,46.0,2.4,0.33,-1.6,-13.4,-21.3,5.03,0.38,0,3412,20261005
2180,NI,NiSource Inc Common Stock,Utilities,SP500,1.292,-1.4,39.7,227.0,0.4,1.2,-5.1,-19.4,39.55,18.82,0,3412,20261005
2181,VRSK,Verisk Analytics  Inc. - Common Stock,Industrials,SP500,1.292,-22.4,44.4,224.8,0.42,-2.7,-14.3,-34.0,163.28,21.84,0,3412,20261005
2182,BBWI,Bath & Body Works  Inc.,Consumer Cyclical,,1.292,-22.9,46.0,115.3,0.35,7.8,-8.0,-32.7,17.46,3.22,0,3412,20261005
2183,PERI,Perion Network Ltd - Ordinary Shares,Communication Services,,1.291,-4.5,52.4,5.0,1.15,0.8,-7.8,-23.1,8.51,0.36,0,3412,20261005
2184,AMPH,Amphastar Pharmaceuticals  Inc. - Common,Healthcare,,1.29,-10.1,50.8,13.3,0.45,-7.4,6.4,-13.7,25.37,1.13,0,3412,20261005
2185,FHI,Federated Hermes  Inc. Common Stock,Financial Services,,1.288,23.5,39.7,40.3,0.56,-1.8,-9.1,-13.6,56.5,4.19,0,3412,20261005
2186,NGG,National Grid Transco  PLC National Grid,Utilities,,1.287,12.2,39.7,74.3,0.31,1.0,-2.8,-16.9,76.02,75.65,0,3412,20261005
2187,GIB,CGI Inc. Common Stock,Technology,,1.287,-16.6,49.2,31.3,0.49,4.9,-5.1,-24.6,71.06,14.7,0,3412,20261005
2188,ALB-PA,Albemarle Corporation Depositary Shares ,Basic Materials,,1.287,39.2,41.3,14.7,1.77,-1.6,-16.7,-45.5,45.01,,0,3412,20261005
2189,GFL,GFL Environmental Inc. Subordinate votin,Industrials,,1.286,-7.0,42.9,148.8,0.56,2.1,-2.8,-9.3,42.28,17.63,0,3412,20261005
2190,LW,Lamb Weston Holdings  Inc. Common Stock,Consumer Defensive,,1.285,-16.9,46.0,89.3,0.67,3.2,-11.6,-31.5,44.57,6.13,0,3412,20261005
2191,TTI,Tetra Technologies  Inc. Common Stock,Industrials,,1.285,24.8,44.4,12.0,0.38,2.0,-13.1,-51.1,6.03,0.9,0,3412,20261005
2192,BXC,Bluelinx Holdings Inc. Common Stock,Industrials,,1.284,5.1,47.6,13.0,0.38,-0.4,-3.5,-18.4,74.6,0.56,0,3412,20261005
2193,FORR,Forrester Research  Inc. - Common Stock,Industrials,,1.283,34.8,47.6,1.5,0.43,-0.9,-10.0,-11.2,11.23,0.22,0,3412,20261005
2194,AMTM,Amentum Holdings  Inc. Common Stock,Industrials,,1.283,-20.0,49.2,35.0,0.5,-1.4,-9.3,-51.4,18.24,4.43,0,3412,20261005
2195,AXON,Axon Enterprise  Inc. - Common Stock,Industrials,SP500·NDX,1.283,-25.3,42.9,485.0,0.49,-3.0,-23.5,-45.8,411.81,34.09,0,3412,20261005
2196,AD,Array Digital Infrastructure  Inc. Commo,Communication Services,,1.282,17.5,46.0,10.2,0.48,3.1,-10.9,-21.7,34.5,2.89,0,3412,20261005
2197,CHTR,Charter Communications  Inc. - Class A C,Communication Services,SP500,1.282,-43.9,44.4,383.6,0.53,-3.3,-28.8,-61.9,107.77,12.69,0,3412,20261005
2198,KTOS,Kratos Defense & Security Solutions  Inc,Industrials,,1.282,-49.4,46.0,195.9,0.34,-4.7,-12.6,-67.9,42.02,7.89,0,3412,20261005
2199,TEM,Tempus AI  Inc. - Class A Common Stock,Healthcare,,1.282,-27.6,42.9,534.3,0.6,-1.8,29.2,-19.1,83.55,15.34,0,3412,20261005
2200,UCB,United Community Banks  Inc. Common Stoc,Financial Services,,1.282,16.3,42.9,31.3,0.32,-0.5,-4.5,-8.8,33.81,4.1,0,3412,20261005
2201,FWONK,Liberty Media Corporation - Series C Com,Communication Services,,1.282,-6.9,41.3,229.2,0.37,0.1,-2.0,-12.3,95.0,22.96,0,3412,20261005
2202,RYTM,Rhythm Pharmaceuticals  Inc. - Common St,Healthcare,,1.281,7.9,41.3,71.1,0.4,-6.2,-11.9,-21.4,92.45,6.79,0,3412,20261005
2203,ADX,Adams Diversified Equity Fund Inc.,Financial Services,,1.281,24.3,46.0,6.3,0.26,0.4,-1.6,-2.3,25.87,3.22,0,3412,20261005
2204,MCD,McDonald's Corporation Common Stock,Consumer Cyclical,SP500,1.281,-11.2,38.1,1499.7,0.39,-0.2,-10.2,-30.3,233.04,164.91,0,3412,20261005
2205,CCS,Century Communities  Inc. Common Stock,Real Estate,,1.281,2.4,47.6,15.7,0.46,-5.6,-9.0,-21.1,58.13,1.71,0,3412,20261005
2206,MAZE,Maze Therapeutics  Inc. - Common Stock,Healthcare,,1.281,-2.4,47.6,23.5,0.88,-1.6,2.2,-49.0,26.43,1.47,0,3412,20261005
2207,SHOE,Shoe Station Group  Inc. - Common Stock,Consumer Cyclical,,1.28,-34.5,52.4,18.9,0.75,-3.0,-6.1,-40.2,12.82,0.35,0,3412,20261005
2208,SBRA,Sabra Health Care REIT  Inc. - Common St,Real Estate,,1.28,21.8,38.1,53.0,0.47,-3.8,-8.9,-13.5,19.07,5.07,0,3412,20261005
2209,XRPN,Armada Acquisition Corp. II - Class A Or,Financial Services,,1.28,0.6,46.0,33.2,3.14,265.5,266.4,-2.0,38.65,0.33,0,3412,20261005
2210,YEXT,Yext  Inc. Common Stock,Technology,,1.279,-24.1,55.6,6.6,0.47,3.0,2.8,-25.4,6.62,0.64,0,3412,20261005
2211,MNPR,Monopar Therapeutics Inc. - Common Stock,Healthcare,,1.279,22.0,44.4,13.8,0.52,-6.5,-34.0,-36.8,78.29,0.53,0,3412,20261005
2212,EFX,Equifax  Inc. Common Stock,Industrials,SP500,1.278,-17.7,42.9,298.1,0.58,-2.2,-24.6,-39.8,142.6,16.42,0,3412,20261005
2213,PECO,Phillips Edison & Company  Inc. - Common,Real Estate,,1.277,20.1,39.7,45.5,0.39,-0.6,-4.6,-14.9,37.36,4.78,0,3412,20261005
2214,HII,Huntington Ingalls Industries  Inc. Comm,Industrials,SP500,1.276,4.7,38.1,145.4,0.49,3.7,-8.3,-40.7,266.48,10.58,0,3412,20261005
2215,TMDX,TransMedics Group  Inc. - Common Stock,Healthcare,,1.276,-25.1,47.6,65.2,0.49,0.3,-4.6,-44.8,82.99,2.96,0,3412,20261005
2216,MOVE,Corvex  Inc. - Common Stock,Technology,,1.276,209.7,41.3,2.4,3.46,1.0,-20.7,-53.6,11.35,0.36,0,3412,20261005
2217,BEPC,Brookfield Renewable Corporation Brookfi,Utilities,,1.275,-8.2,46.0,55.6,0.43,1.3,-10.1,-34.1,28.32,5.22,0,3412,20261005
2218,AJG,Arthur J. Gallagher & Co. Common Stock,Financial Services,SP500,1.274,-12.8,41.3,348.8,0.31,-1.0,-14.8,-26.1,227.24,58.38,0,3412,20261005
2219,FCCO,First Community Corporation - Common Sto,Financial Services,,1.274,26.4,47.6,2.3,1.21,0.0,-4.3,-6.9,32.58,0.31,0,3412,20261005
2220,LI,Li Auto Inc. - American Depositary Share,Consumer Cyclical,,1.274,-53.3,50.8,36.8,0.38,-7.3,-10.0,-56.4,10.85,10.6,0,3412,20261005
2221,LKQ,LKQ Corporation - Common Stock,Consumer Cyclical,,1.272,-15.8,46.0,77.1,0.39,-3.5,-11.3,-33.5,22.4,5.67,0,3412,20261005
2222,LULU,lululemon athletica inc. - Common Stock,Consumer Cyclical,SP500,1.271,-31.7,42.9,581.0,1.08,-7.4,-23.5,-56.9,93.14,10.31,0,3412,20261005
2223,NAMS,NewAmsterdam Pharma Company N.V. - Ordin,Healthcare,,1.271,-15.8,47.6,46.4,0.55,-3.3,-11.8,-45.0,22.8,2.65,0,3412,20261005
2224,ATO,Atmos Energy Corporation Common Stock,Utilities,SP500,1.27,2.5,38.1,169.1,0.26,0.6,-6.5,-16.8,158.05,26.63,0,3412,20261005
2225,THRM,Gentherm Inc - Common Stock,Consumer Cyclical,,1.27,13.4,42.9,34.7,1.61,-4.1,-19.5,-29.3,32.23,1.08,0,3412,20261005
2226,WAFD,WaFd  Inc. - Common Stock,Financial Services,,1.269,24.2,36.5,52.0,0.76,-2.2,-16.1,-22.7,30.17,2.28,0,3412,20261005
2227,DOX,Amdocs Limited - Ordinary Shares,Technology,,1.268,-20.9,47.6,55.8,0.33,1.8,-7.6,-29.8,58.46,6.09,0,3412,20261005
2228,BF-B,Brown Forman Inc Class B Common Stock,Consumer Defensive,SP500,1.268,2.8,42.9,64.8,0.47,0.9,-4.5,-12.7,26.27,12.06,0,3412,20261005
2229,BDC,Belden Inc Common Stock,Technology,,1.268,1.4,44.4,48.1,0.29,1.4,-6.4,-26.2,111.35,4.27,0,3412,20261005
2230,EXTR,Extreme Networks  Inc. - Common Stock,Technology,,1.266,7.1,44.4,32.6,0.35,11.1,6.6,-30.8,23.33,2.9,0,3412,20261005
2231,REG,Regency Centers Corporation - Common Sto,Real Estate,SP500,1.265,8.9,38.1,102.4,0.28,-2.7,-6.0,-13.7,71.33,13.35,0,3412,20261005
2232,AURA,Aura Biosciences  Inc. - Common Stock,Healthcare,,1.265,22.4,46.0,6.4,0.86,1.1,-15.6,-30.1,6.22,0.64,0,3412,20261005
2233,SITE,SiteOne Landscape Supply  Inc. Common St,Industrials,,1.264,-23.4,46.0,100.6,0.54,-3.6,-11.0,-46.3,87.66,3.99,0,3412,20261005
2234,RNST,Renasant Corporation Common Stock,Financial Services,,1.263,15.2,42.9,30.8,0.46,-0.6,-3.8,-10.5,39.64,3.69,0,3412,20261005
2235,EVER,EverQuote  Inc. - Class A Common Stock,Communication Services,,1.263,14.1,44.4,21.0,0.7,4.4,-23.3,-30.4,19.41,0.71,0,3412,20261005
2236,ITRN,Ituran Location and Control Ltd. - Ordin,Technology,,1.262,51.0,42.9,5.1,0.45,1.5,2.7,-20.3,52.5,1.04,0,3412,20261005
2237,IONQ,IonQ  Inc. Common Stock,Technology,,1.262,-43.9,42.9,1036.0,0.46,-3.6,10.1,-47.7,42.97,17.73,0,3412,20261005
2238,LNT,Alliant Energy Corporation - Common Stoc,Utilities,SP500,1.261,4.9,34.9,183.5,0.36,1.7,-5.5,-17.6,64.29,16.67,0,3412,20261005
2239,HWKN,Hawkins  Inc. - Common Stock,Basic Materials,,1.261,-28.5,50.8,23.5,0.36,3.3,2.1,-27.7,132.06,2.74,0,3412,20261005
2240,NPKI,NPK International Inc. Common Stock,Industrials,,1.261,16.2,46.0,9.8,0.42,2.0,-10.0,-27.8,11.81,0.99,0,3412,20261005
2241,GSBD,Goldman Sachs BDC  Inc. Common Stock,Financial Services,,1.261,9.5,47.6,8.0,0.48,-1.0,-5.4,-8.4,9.05,1.03,0,3412,20261005
2242,GXO,GXO Logistics  Inc. Common Stock,Industrials,,1.26,-12.3,46.0,64.6,0.49,2.7,-2.5,-29.9,45.99,5.34,0,3412,20261005
2243,ERIE,Erie Indemnity Company - Class A Common ,Financial Services,SP500,1.26,-16.1,47.6,44.5,0.96,-0.2,-14.3,-31.8,221.46,11.61,0,3412,20261005
2244,MAGN,Magnera Corporation Common Stock,Consumer Defensive,,1.26,8.7,49.2,4.4,0.57,-1.9,-5.8,-23.5,11.68,0.42,0,3412,20261005
2245,INVH,Invitation Homes Inc. Common Stock,Real Estate,SP500,1.259,2.5,38.1,155.6,0.48,-1.8,-8.4,-14.8,26.06,15.38,0,3412,20261005
2246,AHCO,AdaptHealth Corp.  - Common Stock,Healthcare,,1.258,-32.0,52.4,15.3,0.99,1.6,-10.6,-57.1,5.74,0.75,0,3412,20261005
2247,CFFN,Capitol Federal Financial  Inc. - Common,Financial Services,,1.257,47.3,41.3,9.0,0.4,1.1,-2.8,-7.0,8.55,1.02,0,3412,20261005
2248,COLM,Columbia Sportswear Company - Common Sto,Consumer Cyclical,,1.257,9.9,42.9,39.7,0.35,-3.0,-1.5,-15.6,56.93,2.94,0,3412,20261005
2249,BRX,Brixmor Property Group Inc. Common Stock,Real Estate,,1.257,12.6,34.9,104.0,0.48,-3.4,-7.6,-17.3,27.05,8.47,0,3412,20261005
2250,IPI,Intrepid Potash  Inc Common Stock,Basic Materials,,1.256,41.2,42.9,7.2,0.38,3.2,-18.4,-31.7,33.38,0.44,0,3412,20261005
2251,AVPT,AvePoint  Inc. - Class A Common Stock,Technology,,1.256,-8.7,47.6,30.3,0.39,7.2,8.0,-3.9,14.66,2.87,0,3412,20261005
2252,VICI,VICI Properties Inc. Common Stock,Real Estate,SP500,1.255,-17.8,42.9,253.7,0.38,-2.8,-12.2,-27.5,22.53,25.89,0,3412,20261005
2253,ALVO,Alvotech - Ordinary Shares,Healthcare,,1.255,-34.4,55.6,7.4,0.77,-0.7,13.6,-32.0,6.11,2.11,0,3412,20261005
2254,TME,Tencent Music Entertainment Group Americ,Communication Services,,1.254,-63.3,49.2,57.5,0.57,-6.0,-4.0,-65.9,7.87,13.67,0,3412,20261005
2255,TECX,Tectonic Therapeutic  Inc. - Common Stoc,Healthcare,,1.254,96.2,38.1,6.3,0.71,-1.7,-22.8,-39.1,23.11,0.46,0,3412,20261005
2256,CPF,Central Pacific Financial Corp New,Financial Services,,1.254,30.1,44.4,7.1,0.51,-0.1,-3.9,-8.4,36.34,0.93,0,3412,20261005
2257,FSTR,L.B. Foster Company - Common Stock,Industrials,,1.253,41.7,46.0,1.8,0.58,-1.7,-1.1,-18.2,36.95,0.38,0,3412,20261005
2258,PFGC,Performance Food Group Company Common St,Consumer Defensive,,1.253,-3.2,41.3,139.7,0.38,0.7,-6.6,-20.6,92.58,14.19,0,3412,20261005
2259,UHT,Universal Health Realty Income Trust Com,Real Estate,,1.252,12.8,47.6,5.9,0.56,-4.8,-10.3,-19.4,36.92,0.54,0,3412,20261005
2260,BKTI,BK Technologies Corporation Common Stock,Technology,,1.252,-9.3,54.0,3.3,0.44,1.5,4.2,-21.7,75.94,0.28,0,3412,20261005
2261,RDWR,Radware Ltd. - Ordinary Shares,Technology,,1.252,4.7,47.6,11.1,0.65,4.1,7.5,-4.5,30.68,1.25,0,3412,20261005
2262,PFS,Provident Financial Services  Inc Common,Financial Services,,1.251,26.4,41.3,21.1,0.32,-0.7,-5.0,-10.6,22.38,2.96,0,3412,20261005
2263,VXX,iPath Series B S&P 500 VIX Short-Term Fu,,,1.25,-47.3,46.0,150.3,0.3,-1.5,-2.4,-57.0,17.2,,0,3412,20261005
2264,HQL,abrdn Life Sciences Investors Shares of ,Financial Services,,1.249,50.4,44.4,2.5,0.39,-6.5,-14.6,-19.8,17.68,0.54,0,3412,20261005
2265,OLN,Olin Corporation Common Stock,Basic Materials,,1.248,-30.2,47.6,62.5,0.83,1.4,-4.1,-45.0,16.27,1.91,0,3412,20261005
2266,LVS,Las Vegas Sands Corp. Common Stock,Consumer Cyclical,SP500,1.248,-17.9,42.9,242.6,0.48,-5.6,-17.7,-46.7,36.61,23.71,0,3412,20261005
2267,MNRO,Monro  Inc.  - Common Stock,Consumer Cyclical,,1.248,-27.1,52.4,13.0,0.5,1.8,8.3,-39.6,13.64,0.43,0,3412,20261005
2268,TOWN,Towne Bank - Common Stock,Financial Services,,1.247,14.0,44.4,19.1,0.35,-0.7,-4.2,-7.5,35.84,3.36,0,3412,20261005
2269,ATNI,ATN International  Inc. - Common Stock,Communication Services,,1.247,114.1,41.3,2.5,0.39,-1.6,-9.6,-12.5,28.1,0.43,0,3412,20261005
2270,JCAP,Jefferson Capital  Inc. - Common Stock,Financial Services,,1.247,23.2,46.0,5.3,0.64,1.8,-8.0,-17.1,19.67,1.11,0,3412,20261005
2271,MMS,Maximus  Inc. Common Stock,Industrials,,1.246,-34.7,49.2,41.8,0.42,4.4,-6.9,-44.1,54.41,2.85,0,3412,20261005
2272,ICL,ICL Group Ltd. Ordinary Shares,Basic Materials,,1.246,-4.3,50.8,6.6,0.34,0.8,-13.2,-24.4,5.06,6.51,0,3412,20261005
2273,BTDR,Bitdeer Technologies Group - Ordinary Sh,Technology,,1.246,-32.4,46.0,113.7,0.47,-0.9,-8.2,-57.8,10.93,2.85,0,3412,20261005
2274,NNN,NNN REIT  Inc. Common Stock,Real Estate,,1.246,9.9,36.5,99.3,0.57,-2.5,-10.6,-18.6,40.38,7.86,0,3412,20261005
2275,PPLI,People Incorporated - Common Stock,Communication Services,,1.245,13.3,39.7,56.6,0.49,5.3,7.1,-12.4,41.73,2.68,0,3412,20261005
2276,CWCO,Consolidated Water Co. Ltd. - Ordinary S,Utilities,,1.245,-12.6,55.6,2.8,0.38,10.1,4.6,-20.4,30.32,0.46,0,3412,20261005
2277,BC,Brunswick Corporation Common Stock,Consumer Cyclical,,1.244,14.3,39.7,54.6,0.25,-2.0,-10.9,-26.2,64.83,4.21,0,3412,20261005
2278,OPNW,OpenWorld  Inc. - Common Stock,,,1.244,-36.3,54.0,10.4,4.51,-28.1,14.6,-50.2,5.93,,0,3412,20261005
2279,FLGT,Fulgent Genetics  Inc. - Common Stock,Healthcare,,1.244,-14.2,52.4,7.1,0.56,0.4,14.2,-27.2,22.45,0.59,0,3412,20261005
2280,FIGR,Figure Technology Solutions  Inc. - Clas,Financial Services,,1.243,-12.3,42.9,165.7,0.51,-4.7,-22.8,-62.2,27.94,6.4,0,3412,20261005
2281,ARCO,Arcos Dorados Holdings Inc. Class A Shar,Consumer Cyclical,,1.243,27.0,42.9,13.4,0.88,13.4,-1.8,-14.0,8.1,1.5,0,3412,20261005
2282,REXR,Rexford Industrial Realty  Inc. Common S,Real Estate,,1.243,-7.1,42.9,114.0,0.42,-1.3,-0.9,-14.0,36.69,8.47,0,3412,20261005
2283,LTM,LATAM Airlines Group S.A. American Depos,Industrials,,1.243,19.8,39.7,39.2,0.38,-1.4,-1.8,-25.6,50.79,14.87,0,3412,20261005
2284,KNF,Knife Riv Holding Co. Common Stock,Basic Materials,,1.242,-14.1,46.0,63.0,0.64,-2.6,-16.4,-44.7,51.97,2.95,0,3412,20261005
2285,AON,Aon plc Class A Ordinary Shares (Ireland,Financial Services,SP500,1.242,-9.1,36.5,653.1,0.61,-0.0,-16.8,-28.6,272.05,58.53,0,3412,20261005
2286,CPT,Camden Property Trust Common Stock,Real Estate,SP500,1.242,4.2,38.1,120.8,0.43,-1.0,-7.8,-17.2,97.37,11.18,0,3412,20261005
2287,CNM,Core & Main  Inc. Class A Common Stock,Industrials,,1.241,-17.3,44.4,124.0,0.46,-1.3,-4.9,-29.2,41.82,7.65,0,3412,20261005
2288,NVR,NVR  Inc. Common Stock,Consumer Cyclical,SP500,1.241,-21.0,42.9,262.7,0.44,-4.7,-6.3,-27.0,5970.21,16.63,0,3412,20261005
2289,USA,Liberty All-Star Equity Fund Common Stoc,Financial Services,,1.24,1.3,49.2,7.0,0.3,-0.3,-3.5,-4.4,5.81,1.81,0,3412,20261005
2290,NCNO,nCino  Inc. - Common Stock,Technology,,1.239,-8.7,46.0,47.0,0.36,3.7,-18.4,-28.9,19.28,2.03,0,3412,20261005
2291,IRS,IRSA Inversiones Y Representaciones S.A.,Real Estate,,1.238,29.3,46.0,3.2,0.72,-2.0,-7.5,-24.2,13.95,1.13,0,3412,20261005
2292,CASH,Pathward Financial  Inc. - Common Stock,Financial Services,,1.238,12.8,44.4,19.4,0.49,1.6,-11.3,-26.5,73.42,1.48,0,3412,20261005
2293,INTG,The Intergroup Corporation - Common Stoc,Consumer Cyclical,,1.237,84.0,42.9,2.0,0.89,-14.1,-21.9,-42.3,28.25,0.06,0,3412,20261005
2294,MCHB,Mechanics Bancorp - Class A Common Stock,Financial Services,,1.237,35.8,42.9,8.2,0.55,0.1,-5.7,-11.7,14.93,3.31,0,3412,20261005
2295,GLIBK,Liberty Capital Corporation - Series C G,Communication Services,,1.236,-29.0,54.0,8.0,0.44,0.9,-10.0,-41.2,23.55,0.94,0,3412,20261005
2296,ESQ,Esquire Financial Holdings  Inc. - Commo,Financial Services,,1.236,21.4,41.3,25.8,0.6,-1.4,-2.7,-11.1,118.02,1.02,0,3412,20261005
2297,AOD,abrdn Total Dynamic Dividend Fund Common,Financial Services,,1.236,26.0,46.0,4.0,0.39,-1.0,-6.2,-6.9,10.08,1.08,0,3412,20261005
2298,ODD,ODDITY Tech Ltd. - Class A Ordinary Shar,Consumer Defensive,,1.236,-76.7,50.8,33.2,1.34,11.3,38.6,-67.2,19.59,0.82,0,3412,20261005
2299,UHAL-B,U-Haul Holding Company Series N Non-Voti,Industrials,,1.235,15.2,44.4,16.2,0.33,0.9,-9.6,-18.6,53.76,10.45,0,3412,20261005
2300,TDG,Transdigm Group Incorporated Common Stoc,Industrials,SP500,1.235,-9.8,38.1,448.5,0.4,-1.5,-5.6,-24.6,1092.66,61.7,0,3412,20261005
2301,BCAX,Bicara Therapeutics Inc. - Common Stock,Healthcare,,1.235,39.7,39.7,14.6,0.43,-8.0,-25.9,-43.1,17.29,1.22,0,3412,20261005
2302,GIII,G-III Apparel Group  LTD. - Common Stock,Consumer Cyclical,,1.235,2.2,46.0,22.4,0.56,-0.5,-0.9,-26.7,26.99,1.18,0,3412,20261005
2303,ADAM,Adamas Trust  Inc. - Common Stock,Real Estate,,1.234,54.0,38.1,11.6,0.52,-3.6,-20.4,-24.5,7.72,0.72,0,3412,20261005
2304,OMDA,Omada Health  Inc. - Common Stock,Healthcare,,1.234,-1.5,46.0,29.9,0.7,8.0,-6.0,-21.8,20.95,1.27,0,3412,20261005
2305,CEPU,Central Puerto S.A. American Depositary ,Utilities,,1.233,75.8,41.3,3.6,0.43,3.0,-11.4,-30.8,12.43,1.82,0,3412,20261005
2306,PRMB,Primo Brands Corporation Class A Common ,Consumer Defensive,,1.232,1.7,41.3,81.3,0.59,2.0,-9.3,-21.3,19.88,7.0,0,3412,20261005
2307,FIG,Figma  Inc. Class A Common Stock,Technology,,1.232,-51.4,44.4,290.3,0.51,8.7,-12.7,-69.0,22.01,11.5,0,3412,20261005
2308,CRWV,CoreWeave  Inc. - Class A Common Stock,Technology,NDX,1.231,-38.7,41.3,2643.2,0.53,2.7,3.3,-38.9,87.39,48.85,0,3412,20261005
2309,CBU,Community Financial System  Inc. Common ,Financial Services,,1.231,12.3,44.4,19.4,0.54,-0.6,-5.3,-15.3,60.13,3.13,0,3412,20261005
2310,ULCC,Frontier Group Holdings  Inc. - Common S,Industrials,,1.231,32.0,41.3,14.6,0.39,0.5,6.4,-24.2,6.11,1.43,0,3412,20261005
2311,WTW,Willis Towers Watson Public Limited Comp,Financial Services,SP500,1.231,-0.1,38.1,172.3,0.42,-1.4,-15.8,-17.9,288.11,27.13,0,3412,20261005
2312,SMC,Summit Midstream Corporation Common Stoc,Energy,,1.231,63.8,42.9,2.7,0.62,4.6,-6.8,-8.3,32.07,0.42,0,3412,20261005
2313,HELE,Helen of Troy Limited - Common Stock,Consumer Defensive,,1.231,10.7,46.0,11.6,0.52,-12.1,-9.0,-15.2,25.64,0.62,0,3412,20261005
2314,HMN,Horace Mann Educators Corporation Common,Financial Services,,1.23,20.3,42.9,18.2,0.55,1.4,-12.2,-15.7,45.6,1.83,0,3412,20261005
2315,GPK,Graphic Packaging Holding Company,Consumer Cyclical,,1.23,-43.4,47.6,70.2,0.44,-6.9,-19.5,-54.3,8.61,2.65,0,3412,20261005
2316,EMO,ClearBridge Energy Midstream Opportunity,Financial Services,,1.229,35.0,46.0,2.2,0.35,-1.9,-8.9,-10.0,50.29,1.0,0,3412,20261005
2317,SBC,SBC Medical Group Holdings Incorporated ,Industrials,,1.229,1.2,54.0,1.1,0.63,6.2,24.8,0.0,5.34,0.5,0,3412,20261005
2318,CCL,Carnival Corporation Ltd. Common Shares,Consumer Cyclical,SP500,1.229,-17.7,39.7,627.4,0.48,15.4,8.9,-24.0,25.56,33.0,0,3412,20261005
2319,FLY,Firefly Aerospace Inc. - Common Stock,Industrials,,1.228,-21.4,46.0,75.8,0.4,-6.3,7.3,-61.6,22.59,3.83,0,3412,20261005
2320,AMRZ,Amrize Ltd Ordinary Shares,Basic Materials,,1.228,-7.6,41.3,160.2,0.39,-2.2,-15.5,-42.8,37.2,20.62,0,3412,20261005
2321,SRE,DBA Sempra Common Stock,Utilities,SP500,1.227,-3.2,36.5,282.4,0.45,1.7,-7.6,-21.1,78.16,50.96,0,3412,20261005
2322,ALC,Alcon Inc. Ordinary Shares,Healthcare,,1.227,-3.6,41.3,119.4,0.39,-1.4,-10.8,-25.8,64.33,31.63,0,3412,20261005
2323,PDM,Piedmont Realty Trust  Inc. Class A Comm,Real Estate,,1.227,11.0,44.4,20.0,1.28,-1.5,-7.5,-10.0,8.96,1.15,0,3412,20261005
2324,STE,STERIS plc (Ireland) Ordinary Shares,Healthcare,SP500,1.227,-5.9,41.3,142.9,0.32,0.0,-6.7,-20.8,211.07,20.37,0,3412,20261005
2325,NXST,Nexstar Media Group  Inc. - Common Stock,Communication Services,,1.226,-7.2,44.4,67.2,0.51,-3.2,-11.8,-37.0,156.66,5.1,0,3412,20261005
2326,SBH,Sally Beauty Holdings  Inc. (Name to be ,Consumer Cyclical,,1.225,1.6,46.0,22.2,0.38,-5.2,-2.6,-6.6,16.04,1.61,0,3412,20261005
2327,LOB,Live Oak Bancshares  Inc. Common Stock,Financial Services,,1.225,15.2,46.0,8.2,0.3,-0.6,-7.6,-16.4,36.54,1.69,0,3412,20261005
2328,DKNG,DraftKings Inc. - Class A Common Stock,Consumer Cyclical,,1.224,-30.7,42.9,326.1,0.48,-7.4,-19.0,-45.9,19.6,9.61,0,3412,20261005
2329,CHWY,Chewy  Inc. Class A Common Stock,Consumer Cyclical,,1.224,-39.0,44.4,219.6,0.41,-2.1,-24.0,-53.4,18.22,7.32,0,3412,20261005
2330,IIIN,Insteel Industries  Inc. Common Stock,Industrials,,1.224,-15.9,54.0,4.3,0.46,1.6,-4.1,-21.7,29.77,0.57,0,3412,20261005
2331,CEVA,CEVA  Inc. - Common Stock,Technology,,1.223,-5.5,47.6,20.9,0.41,5.7,38.7,-26.8,36.66,0.99,0,3412,20261005
2332,VIPS,Vipshop Holdings Limited American Deposi,Consumer Cyclical,,1.223,-33.3,49.2,35.3,0.62,1.9,-2.8,-35.3,12.71,5.89,0,3412,20261005
2333,WEC,WEC Energy Group  Inc. Common Stock,Utilities,SP500,1.222,-1.5,33.3,305.7,0.34,-0.1,-5.1,-14.0,101.3,33.06,0,3412,20261005
2334,DOCS,Doximity  Inc. Class A Common Stock,Healthcare,,1.222,-62.4,47.6,80.2,1.91,9.1,5.5,-61.1,28.58,5.08,0,3412,20261005
2335,PSIX,Power Solutions International  Inc. - Co,Industrials,,1.221,-62.2,52.4,18.1,0.52,-1.5,23.2,-54.6,44.87,1.07,0,3412,20261005
2336,HOV,Hovnanian Enterprises  Inc. Class A Comm,Consumer Cyclical,,1.221,-5.7,49.2,11.6,0.4,-1.6,-7.9,-24.3,111.69,0.69,0,3412,20261005
2337,DKS,Dick's Sporting Goods Inc Common Stock,Consumer Cyclical,,1.221,-38.3,42.9,416.0,1.65,2.2,-1.9,-42.7,137.13,13.09,0,3412,20261005
2338,AGPU,Axe Compute Inc. - Common Stock,Technology,,1.221,-29.9,57.1,4.2,1.38,6.9,31.5,-10.4,12.99,0.14,0,3412,20261005
2339,RDNT,RadNet  Inc. - Common Stock,Healthcare,,1.22,-4.7,44.4,57.2,0.42,-1.7,-5.4,-16.5,70.57,5.61,0,3412,20261005
2340,OPCH,Option Care Health  Inc. - Common Stock,Healthcare,,1.22,-12.1,46.0,52.1,0.47,2.1,-4.5,-36.1,23.37,3.5,0,3412,20261005
2341,TFIN,Triumph Financial  Inc. Common Stock,Financial Services,,1.219,42.1,38.1,15.1,0.59,1.6,-10.4,-24.0,61.6,1.47,0,3412,20261005
2342,ARE,Alexandria Real Estate Equities  Inc. Co,Real Estate,SP500,1.219,-34.3,46.0,100.9,0.41,-5.7,-12.9,-42.8,45.88,8.34,0,3412,20261005
2343,JEF,Jefferies Financial Group Inc. Common St,Financial Services,,1.218,-11.4,42.9,128.0,0.43,-2.7,-15.5,-29.2,45.84,10.6,0,3412,20261005
2344,CTO,CTO Realty Growth  Inc. Common Stock,Real Estate,,1.218,40.9,41.3,8.9,0.54,-0.9,-5.3,-9.9,20.29,0.76,0,3412,20261005
2345,PIPR,Piper Sandler Companies Common Stock,Financial Services,,1.218,-6.6,44.4,61.7,0.51,-8.5,-15.6,-28.9,65.63,5.02,0,3412,20261005
2346,SAM,Boston Beer Company  Inc. (The) Common S,Consumer Defensive,,1.217,-23.0,47.6,45.9,0.75,1.4,-2.4,-35.5,167.69,1.69,0,3412,20261005
2347,GBDC,Golub Capital BDC  Inc. - Closed End Fun,Financial Services,,1.217,2.3,46.0,20.0,0.41,-0.9,-4.5,-8.0,12.38,3.28,0,3412,20261005
2348,ASGI,abrdn Global Infrastructure Income Fund ,Financial Services,,1.217,17.1,46.0,6.5,0.8,1.6,-13.0,-22.3,19.35,0.82,0,3412,20261005
2349,IP,International Paper Company Common Stock,Consumer Cyclical,SP500,1.216,-18.0,42.9,191.7,0.33,-5.7,-12.0,-32.5,32.05,16.93,0,3412,20261005
2350,TRDA,Entrada Therapeutics  Inc. - Common Stoc,Healthcare,,1.216,21.1,47.6,2.3,0.4,-11.9,-23.6,-65.8,5.48,0.24,0,3412,20261005
2351,RGTI,Rigetti Computing  Inc.  - Common stock,Technology,,1.215,-57.1,44.4,268.4,0.32,-5.0,-0.2,-73.1,15.15,5.51,0,3412,20261005
2352,SPFI,South Plains Financial  Inc. - Common St,Financial Services,,1.215,19.7,46.0,5.5,0.43,1.0,-5.7,-7.0,42.73,0.81,0,3412,20261005
2353,LSPD,Lightspeed Commerce Inc. Subordinate Vot,Technology,,1.213,-10.4,50.8,8.1,0.59,5.4,-3.4,-24.0,10.21,1.32,0,3412,20261005
2354,CALM,Cal-Maine Foods  Inc. - Common Stock,Consumer Defensive,,1.213,-15.5,44.4,94.4,0.52,-3.5,-14.5,-30.5,64.99,3.18,0,3412,20261005
2355,FHB,First Hawaiian  Inc. - Common Stock,Financial Services,,1.213,10.6,39.7,55.6,0.6,0.3,-3.7,-16.7,25.04,3.03,0,3412,20261005
2356,NIE,Virtus Equity & Convertible Income Fund ,Financial Services,,1.213,12.5,49.2,2.1,0.52,-0.9,-5.1,-7.6,24.83,0.7,0,3412,20261005
2357,PAGS,PagSeguro Digital Ltd. Class A Common Sh,Technology,,1.211,6.5,42.9,38.7,0.73,23.0,9.9,-6.6,10.95,2.52,0,3412,20261005
2358,JAKK,JAKKS Pacific  Inc. - Common Stock,Consumer Cyclical,,1.211,35.8,46.0,1.8,0.67,10.0,15.5,0.0,27.78,0.31,0,3412,20261005
2359,LOPE,Grand Canyon Education  Inc. - Common St,Consumer Defensive,,1.211,-30.2,47.6,52.1,0.37,5.8,1.6,-29.8,154.93,4.04,0,3412,20261005
2360,HEI-A,Heico Corporation Common Stock,Industrials,,1.21,-4.4,42.9,80.1,0.54,-2.5,-6.0,-18.5,224.88,31.42,0,3412,20261005
2361,NLY-PJ,Annaly Capital Management Inc. 8.875% Se,Real Estate,,1.209,9.3,50.8,1.3,0.61,1.8,0.3,0.0,25.89,,0,3412,20261005
2362,HY,Hyster-Yale  Inc. Class A common stock,Industrials,,1.209,-2.8,50.8,4.4,0.55,0.2,-6.4,-20.2,31.94,0.56,0,3412,20261005
2363,FLUT,Flutter Entertainment plc Ordinary Share,Consumer Cyclical,,1.208,-59.0,44.4,262.9,0.75,-1.2,-26.0,-70.5,75.73,13.27,0,3412,20261005
2364,AUPH,Aurinia Pharmaceuticals Inc - Common Sha,Healthcare,,1.208,43.2,38.1,13.7,0.39,-4.8,-2.5,-15.6,15.72,2.18,0,3412,20261005
2365,AMH,American Homes 4 Rent Common Shares of B,Real Estate,,1.207,3.3,38.1,106.6,0.53,-1.6,-8.0,-13.6,30.08,11.04,0,3412,20261005
2366,TIPT,Tiptree Inc. - Common Stock,Financial Services,,1.206,5.1,49.2,3.8,0.34,0.6,-6.7,-8.5,17.34,0.64,0,3412,20261005
2367,GSIT,GSI Technology  Inc. - Common Stock,Technology,,1.206,27.8,46.0,2.7,0.43,3.9,5.8,-56.5,5.64,0.21,0,3412,20261005
2368,FSK,FS KKR Capital Corp. Common Stock,Financial Services,,1.205,-8.0,47.6,21.8,0.42,-1.5,-10.9,-23.8,10.99,3.07,0,3412,20261005
2369,STI,Solidion Technology  Inc. - Common Stock,Industrials,,1.205,54.3,42.9,3.0,3.56,-18.7,-27.6,-84.8,5.43,0.06,0,3412,20261005
2370,UNTY,Unity Bancorp  Inc. - Common Stock,Financial Services,,1.204,24.7,46.0,3.4,0.44,-2.3,-7.2,-11.3,54.67,0.56,0,3412,20261005
2371,CCB,Coastal Financial Corporation - Common S,Financial Services,,1.203,-54.8,54.0,10.5,1.18,9.1,-16.8,-65.6,40.95,0.61,0,3412,20261005
2372,CVEO,Civeo Corporation (Canada) Common Shares,Consumer Cyclical,,1.201,51.1,42.9,3.2,0.6,0.9,-3.8,-8.6,32.49,0.35,0,3412,20261005
2373,UDR,UDR  Inc. Common Stock,Real Estate,SP500,1.201,4.4,31.7,151.2,0.4,0.0,-7.0,-17.3,33.84,10.87,0,3412,20261005
2374,QURE,uniQure N.V. - Ordinary Shares,Healthcare,,1.201,-17.7,44.4,99.4,1.92,-41.7,-49.2,-67.7,22.8,2.66,0,3412,20261005
2375,EPR,EPR Properties Common Stock,Real Estate,,1.2,10.4,39.7,52.8,0.34,-2.4,-8.1,-12.7,55.59,4.25,0,3412,20261005
2376,PDX,PIMCO Dynamic Income Strategy Fund Commo,Financial Services,,1.2,8.9,49.2,2.6,0.53,2.0,-6.1,-6.1,20.66,0.9,0,3412,20261005
2377,OLED,Universal Display Corporation - Common S,Technology,,1.2,-43.1,47.6,60.1,0.4,5.7,-3.4,-46.5,79.8,3.53,0,3412,20261005
2378,ICFI,ICF International  Inc. - Common Stock,Industrials,,1.2,-3.7,47.6,15.9,0.42,-0.2,-7.8,-14.2,82.86,1.47,0,3412,20261005
2379,CWT,California Water Service Group Common St,Utilities,,1.199,15.8,42.9,20.4,0.52,0.4,-9.3,-12.6,45.84,2.79,0,3412,20261005
2380,HUBG,Hub Group  Inc. - Class A Common Stock,Industrials,,1.199,8.9,41.3,43.9,0.64,-4.9,-21.3,-44.9,28.74,1.82,0,3412,20261005
2381,CNA,CNA Financial Corporation Common Stock,Financial Services,,1.199,15.6,41.3,29.7,0.39,1.7,-6.0,-15.7,46.21,12.14,0,3412,20261005
2382,NTGR,NETGEAR  Inc. - Common Stock,Technology,,1.197,-36.7,54.0,7.4,0.39,4.4,8.8,-36.3,22.94,0.6,0,3412,20261005
2383,ACVA,ACV Auctions Inc. Class A Common Stock,Consumer Cyclical,,1.196,-33.7,44.4,160.5,1.98,0.4,56.7,0.0,10.5,1.78,0,3412,20261005
2384,PPC,Pilgrim's Pride Corporation - Common Sto,Consumer Defensive,,1.196,-25.4,47.6,43.8,0.33,-0.4,-8.3,-36.0,27.99,6.49,0,3412,20261005
2385,BBAR,Banco BBVA Argentina S.A. ADS,Financial Services,,1.196,85.0,34.9,6.8,0.59,5.7,-12.1,-39.2,13.27,2.56,0,3412,20261005
2386,TSLX,Sixth Street Specialty Lending  Inc. Com,Financial Services,,1.195,-12.4,50.8,8.5,0.36,-2.9,-3.9,-17.8,17.59,1.73,0,3412,20261005
2387,ALL-PB,Allstate Corporation (The) 5.100% Fixed-,,,1.195,-1.2,54.0,1.1,1.37,0.1,0.7,-2.2,25.77,,0,3412,20261005
2388,ATHS,Athene Holding Ltd. 7.250% Fixed-Rate Re,,,1.195,2.5,52.4,1.2,0.76,-1.3,-5.3,-5.9,23.59,,0,3412,20261005
2389,LOW,Lowe's Companies  Inc. Common Stock,Consumer Cyclical,SP500,1.194,-17.2,38.1,633.3,0.33,-4.3,-11.1,-37.2,179.5,100.65,0,3412,20261005
2390,TASK,TaskUs  Inc. - Class A Common Stock,Technology,,1.194,-28.9,55.6,4.2,0.81,-0.2,0.0,-28.1,8.08,0.75,0,3412,20261005
2391,AGIO,Agios Pharmaceuticals  Inc. - Common Sto,Healthcare,,1.193,-17.0,47.6,33.2,0.51,-6.5,-5.7,-31.3,31.25,2.0,0,3412,20261005
2392,MPTI,M-tron Industries  Inc. Common Stock,Technology,,1.193,35.5,42.9,6.3,0.74,0.7,4.7,-24.6,75.94,0.33,0,3412,20261005
2393,SRV,NXG Cushing Midstream Energy Fund Common,Financial Services,,1.192,18.9,47.6,2.2,0.57,4.1,-5.1,-13.1,43.34,0.26,0,3412,20261005
2394,MIDD,The Middleby Corporation - Common Stock,Industrials,,1.192,1.2,41.3,69.9,0.41,-1.5,-6.5,-27.1,105.11,4.75,0,3412,20261005
2395,FOXF,Fox Factory Holding Corp. - Common Stock,Consumer Cyclical,,1.192,-17.6,50.8,11.0,0.52,2.6,-7.4,-24.9,19.23,0.77,0,3412,20261005
2396,SMWB,Similarweb Ltd. Ordinary Shares,Technology,,1.192,-4.1,50.8,4.4,0.92,6.5,-9.1,-13.0,8.08,0.67,0,3412,20261005
2397,AOS,A.O. Smith Corporation Common Stock,Industrials,SP500,1.192,-16.4,44.4,86.5,0.36,-2.4,-5.9,-28.8,56.97,7.89,0,3412,20261005
2398,HR,Healthcare Realty Trust Incorporated Com,Real Estate,,1.191,10.8,34.9,78.0,0.4,-5.0,-11.4,-21.9,17.08,5.99,0,3412,20261005
2399,FCN,FTI Consulting  Inc. Common Stock,Industrials,,1.191,-3.9,42.9,71.1,0.51,4.3,-10.0,-26.2,138.02,3.91,0,3412,20261005
2400,CMCO,Columbus McKinnon Corporation - Common S,Industrials,,1.191,24.2,44.4,6.6,0.67,3.4,-7.3,-26.7,16.92,0.46,0,3412,20261005
2401,ADC,Agree Realty Corporation Common Stock,Real Estate,,1.191,7.0,31.7,116.6,0.7,-2.2,-9.5,-18.3,65.58,8.37,0,3412,20261005
2402,STRO,Sutro Biopharma  Inc. - Common Stock,Healthcare,,1.19,128.2,31.7,5.6,0.84,-5.6,-26.3,-63.0,15.13,0.26,0,3412,20261005
2403,HBCP,Home Bancorp  Inc. - Common Stock,Financial Services,,1.19,31.4,44.4,4.4,0.46,0.5,-3.6,-7.1,67.37,0.53,0,3412,20261005
2404,SCD,LMP Capital and Income Fund Inc. Common ,Financial Services,,1.19,10.1,50.8,1.0,0.8,0.4,-6.1,-6.9,14.68,0.34,0,3412,20261005
2405,PRIM,Primoris Services Corporation Common Sto,Industrials,,1.188,-47.0,46.0,102.1,0.35,13.3,9.5,-60.3,80.57,3.92,0,3412,20261005
2406,MAIN,Main Street Capital Corporation Common S,Financial Services,,1.188,-3.4,46.0,26.6,0.32,-0.1,-5.3,-11.4,54.99,5.14,0,3412,20261005
2407,CLSK,CleanSpark  Inc. - Common Stock,Financial Services,,1.188,-16.9,41.3,234.3,0.46,-6.4,-0.8,-46.2,12.48,3.31,0,3412,20261005
2408,JACK,Jack In The Box Inc. - Common Stock,Consumer Cyclical,,1.187,-22.5,52.4,7.3,0.49,-9.8,-18.5,-47.4,12.36,0.24,0,3412,20261005
2409,TTWO,Take-Two Interactive Software  Inc. - Co,Communication Services,SP500·NDX,1.187,-16.7,38.1,513.0,0.43,0.5,-5.0,-22.4,203.46,37.67,0,3412,20261005
2410,FMNB,Farmers National Banc Corp. - Common Sto,Financial Services,,1.185,15.7,46.0,6.0,0.29,0.1,-3.4,-6.7,15.28,0.9,0,3412,20261005
2411,BDJ,Blackrock Enhanced Equity Dividend Trust,Financial Services,,1.185,18.1,46.0,4.8,0.3,-1.1,-5.8,-5.8,9.34,1.68,0,3412,20261005
2412,JOUT,Johnson Outdoors Inc. - Class A Common S,Consumer Cyclical,,1.183,12.2,49.2,1.7,0.48,0.6,-2.1,-16.8,44.5,0.47,0,3412,20261005
2413,AROW,Arrow Financial Corporation - Common Sto,Financial Services,,1.183,47.3,42.9,3.2,0.47,-1.1,-5.2,-12.0,37.38,0.69,0,3412,20261005
2414,IMKTA,Ingles Markets  Incorporated - Class A C,Consumer Defensive,,1.183,18.6,44.4,9.2,0.37,1.7,4.7,-9.0,86.51,1.65,0,3412,20261005
2415,HGV,Hilton Grand Vacations Inc. Common Stock,Consumer Cyclical,,1.183,-3.7,44.4,44.3,0.45,-5.3,-18.7,-37.7,34.05,2.71,0,3412,20261005
2416,BLBD,Blue Bird Corporation - Common Stock,Industrials,,1.182,18.3,39.7,30.4,0.44,0.1,-10.4,-30.0,57.03,1.78,0,3412,20261005
2417,KBH,KB Home Common Stock,Consumer Cyclical,,1.182,-18.1,44.4,91.1,0.65,-5.9,-13.9,-31.8,45.04,2.78,0,3412,20261005
2418,ETW,Eaton Vance Corporation Eaton Vance Tax-,Financial Services,,1.182,15.9,47.6,2.6,0.34,-0.5,-3.9,-4.3,9.49,1.03,0,3412,20261005
2419,SOFI,SoFi Technologies  Inc.  - Common Stock,Financial Services,,1.182,-28.7,39.7,761.4,0.47,-0.1,-14.0,-50.6,15.92,21.41,0,3412,20261005
2420,NEXN,Nexxen International Ltd. - Ordinary Sha,Communication Services,,1.181,11.5,47.6,3.9,0.31,-0.9,-9.5,-20.5,8.7,0.49,0,3412,20261005
2421,ETG,Eaton Vance Tax-Advantaged Global Divide,Financial Services,,1.181,19.7,47.6,1.9,0.44,-0.3,-4.3,-5.9,23.0,1.74,0,3412,20261005
2422,MARA,MARA Holdings  Inc. - Common Stock,Financial Services,,1.18,-38.3,41.3,537.4,0.35,-7.8,-3.7,-51.1,11.17,4.31,0,3412,20261005
2423,AIO,Virtus Artificial Intelligence & Technol,Financial Services,,1.18,20.1,47.6,1.9,0.41,1.1,-2.8,-11.0,25.26,0.86,0,3412,20261005
2424,CPRT,Copart  Inc. - Common Stock,Industrials,SP500·NDX,1.18,-24.7,41.3,314.0,0.4,1.6,-17.7,-39.6,27.65,25.28,0,3412,20261005
2425,HOG,Harley-Davidson  Inc. Common Stock,Consumer Cyclical,,1.179,0.7,42.9,49.9,0.47,6.2,-5.3,-7.9,26.19,2.55,0,3412,20261005
2426,ZGN,Ermenegildo Zegna N.V. Ordinary Shares,Consumer Cyclical,,1.179,26.1,41.3,14.1,0.43,-0.8,-0.9,-17.8,12.54,3.4,0,3412,20261005
2427,EOS,Eaton Vance Enhance Equity Income Fund I,Financial Services,,1.179,-2.6,50.8,3.3,0.59,0.3,-1.8,-5.5,21.26,1.14,0,3412,20261005
2428,ORRF,Orrstown Financial Services  Inc. - Comm,Financial Services,,1.179,29.9,44.4,4.3,0.4,-0.2,-2.5,-5.3,41.4,0.81,0,3412,20261005
2429,TCOM,Trip.com Group Limited - American Deposi,Consumer Cyclical,,1.179,-44.9,44.4,173.4,0.49,-2.8,-6.3,-50.9,38.79,24.83,0,3412,20261005
2430,HDB,HDFC Bank Limited Common Stock,Financial Services,,1.178,-31.7,42.9,239.1,0.51,-1.3,-5.0,-40.5,22.11,114.82,0,3412,20261005
2431,JBS,JBS N.V. Class A Common Shares,Consumer Defensive,,1.178,-3.4,42.9,64.5,0.39,2.5,-9.5,-30.3,11.89,38.39,0,3412,20261005
2432,RVT,Royce Small-Cap Trust  Inc. Common Stock,Financial Services,,1.178,21.7,46.0,3.5,0.34,0.1,-6.8,-9.5,17.22,2.15,0,3412,20261005
2433,QXO,QXO  Inc. Common Stock,Industrials,,1.177,-32.4,42.9,243.6,0.46,-2.0,-11.7,-56.1,11.88,12.72,0,3412,20261005
2434,SGI,Somnigroup International Inc. Common Sto,Consumer Cyclical,,1.177,-16.5,41.3,201.7,0.44,0.0,-10.4,-36.0,62.29,13.45,0,3412,20261005
2435,DHY,UBS Asset Management High Yield Credit F,Financial Services,,1.177,118.3,41.0,1.8,0.83,890.7,933.6,-0.9,15.95,0.22,0,3412,20261005
2436,RKT,Rocket Companies  Inc. Class A Common St,Financial Services,,1.176,-22.6,39.7,466.7,0.38,0.3,-17.9,-50.2,11.68,34.46,0,3412,20261005
2437,FFIN,First Financial Bankshares  Inc. - Commo,Financial Services,,1.176,1.8,44.4,28.6,0.31,-0.1,-3.9,-12.2,32.03,4.55,0,3412,20261005
2438,OC,Owens Corning Inc Common Stock New,Industrials,,1.176,-2.5,38.1,143.4,0.4,-3.7,-12.8,-26.1,117.48,9.71,0,3412,20261005
2439,OBDC,Blue Owl Capital Corporation Common Stoc,Financial Services,,1.176,-1.8,44.4,37.6,0.4,-2.8,-8.0,-14.7,10.17,5.4,0,3412,20261005
2440,WU,Western Union Company (The) Common Stock,Financial Services,,1.175,-2.4,42.9,58.4,0.8,-0.3,-15.9,-37.2,6.1,1.91,0,3412,20261005
2441,SMG,Scotts Miracle-Gro Company (The) Common ,Basic Materials,,1.175,6.0,39.7,59.7,0.4,1.4,-17.2,-32.4,49.1,2.96,0,3412,20261005
2442,FSBC,Five Star Bancorp - Common Stock,Financial Services,,1.174,48.7,38.1,9.2,1.06,0.1,-6.4,-12.6,43.43,1.05,0,3412,20261005
2443,NVCR,NovoCure Limited - Ordinary Shares,Healthcare,,1.174,25.6,39.7,19.2,0.85,-4.0,-13.8,-24.0,15.2,1.89,0,3412,20261005
2444,HCI,HCI Group  Inc. Common Stock,Financial Services,,1.174,1.1,44.4,30.5,0.36,6.1,-2.1,-9.1,185.91,2.29,0,3412,20261005
2445,GGN,GAMCO Global Gold  Natural Resources & I,Financial Services,,1.174,16.2,47.6,2.4,0.45,-0.8,-6.9,-7.9,5.25,0.82,0,3412,20261005
2446,CE,Celanese Corporation Common Stock,Basic Materials,,1.173,-0.1,39.7,91.4,0.49,-0.8,0.7,-34.2,45.53,4.87,0,3412,20261005
2447,GENI,Genius Sports Limited Ordinary Shares,Communication Services,,1.173,-36.1,47.6,48.1,0.55,-2.6,-21.5,-51.1,5.99,1.52,0,3412,20261005
2448,GBCI,Glacier Bancorp  Inc. Common Stock,Financial Services,,1.173,0.7,42.9,47.5,0.32,-0.7,-5.6,-19.7,43.75,5.65,0,3412,20261005
2449,DPZ,Domino's Pizza Inc - Common Stock,Consumer Cyclical,SP500,1.172,-18.3,41.3,225.7,0.47,1.7,-14.3,-31.4,297.27,9.76,0,3412,20261005
2450,OPRA,Opera Limited - American Depositary Shar,Communication Services,,1.171,5.6,47.6,5.9,0.53,1.8,-4.0,-13.7,17.71,1.58,0,3412,20261005
2451,FNRN,First Northern Community Bancorp - Commo,Financial Services,,1.171,43.1,44.4,1.9,0.5,2.8,2.2,-5.7,17.73,0.29,0,3412,20261005
2452,OGS,ONE Gas  Inc. Common Stock,Utilities,,1.171,4.9,41.3,47.8,0.34,1.3,-9.9,-18.6,72.57,4.54,0,3412,20261005
2453,QUBT,Quantum Computing Inc. - Common Stock,Technology,,1.17,-60.2,47.6,61.3,0.29,-7.4,-0.3,-67.7,7.94,2.07,0,3412,20261005
2454,OIS,Oil States International  Inc. Common St,Energy,,1.169,45.5,41.3,5.1,0.33,2.0,-4.3,-41.1,8.48,0.5,0,3412,20261005
2455,FER,Ferrovial N.V. - Ordinary Shares,Industrials,NDX,1.169,-1.2,39.7,97.1,0.44,-7.0,-10.8,-29.6,51.84,38.12,0,3412,20261005
2456,EMBC,Embecta Corp. - Common Stock,Healthcare,,1.168,-58.8,55.6,6.0,0.6,-0.8,3.3,-58.5,5.88,0.33,0,3412,20261005
2457,CHW,Calamos Global Dynamic Income Fund - Clo,Financial Services,,1.167,21.1,47.6,1.5,0.71,-1.5,-6.3,-10.6,8.02,0.52,0,3412,20261005
2458,ASIX,AdvanSix Inc. Common Stock,Basic Materials,,1.167,-8.0,50.8,4.8,0.38,4.4,-4.2,-35.9,16.48,0.43,0,3412,20261005
2459,SCI,Service Corporation International Common,Consumer Cyclical,,1.167,0.9,39.7,82.2,0.39,-1.5,-8.3,-13.0,75.94,10.61,0,3412,20261005
2460,VTS,Vitesse Energy  Inc. Common Stock,Energy,,1.166,-18.5,50.8,9.8,0.35,1.8,-2.1,-21.8,17.05,0.71,0,3412,20261005
2461,AI,C3.ai  Inc. Class A Common Stock,Technology,,1.165,-40.2,47.6,49.2,0.36,6.5,1.7,-43.6,11.09,1.67,0,3412,20261005
2462,BFST,Business First Bancshares  Inc. - Common,Financial Services,,1.165,38.9,41.3,6.6,0.3,0.7,-2.0,-3.9,30.87,0.99,0,3412,20261005
2463,CRAI,CRA International Inc. - Common Stock,Industrials,,1.165,-11.2,47.6,21.0,0.35,3.7,-0.8,-22.5,171.29,1.1,0,3412,20261005
2464,SLG,SL Green Realty Corp Common Stock,Real Estate,,1.164,-5.5,44.4,44.5,0.46,-2.7,-12.6,-19.8,48.01,3.61,0,3412,20261005
2465,INSM,Insmed Incorporated - Common Stock,Healthcare,,1.164,-17.1,39.7,293.2,0.61,-11.8,-18.0,-50.9,103.83,24.27,0,3412,20261005
2466,NAD,Nuveen Quality Municipal Income Fund Com,Financial Services,,1.164,4.3,44.4,22.2,0.8,0.9,-13.1,-16.8,9.96,2.43,0,3412,20261005
2467,BTO,John Hancock Financial Opportunities Fun,Financial Services,,1.163,19.8,47.6,1.7,0.4,0.4,-9.8,-12.9,36.16,0.71,0,3412,20261005
2468,ELS,Equity Lifestyle Properties  Inc. Common,Real Estate,,1.163,5.1,33.3,106.8,0.42,-1.0,-6.6,-13.5,58.49,11.18,0,3412,20261005
2469,STAA,STAAR Surgical Company - Common Stock,Healthcare,,1.163,-14.0,47.6,24.2,0.77,8.1,-4.3,-32.3,22.57,1.03,0,3412,20261005
2470,CBT,Cabot Corporation Common Stock,Basic Materials,,1.163,10.0,41.3,33.4,0.49,-1.4,-4.7,-16.7,77.38,3.97,0,3412,20261005
2471,FIZZ,National Beverage Corp. - Common Stock,Consumer Defensive,,1.163,-13.9,49.2,13.6,0.41,0.9,-8.1,-20.9,29.84,2.78,0,3412,20261005
2472,RVLV,Revolve Group  Inc. Class A Common Stock,Consumer Cyclical,,1.163,0.3,46.0,16.8,0.38,-0.9,-2.1,-33.1,21.05,1.51,0,3412,20261005
2473,INGR,Ingredion Incorporated Common Stock,Consumer Defensive,,1.163,-13.0,44.4,66.3,0.32,0.4,-4.8,-18.5,96.85,6.01,0,3412,20261005
2474,MAA,Mid-America Apartment Communities  Inc. ,Real Estate,SP500,1.163,-2.3,36.5,157.9,0.43,-1.6,-9.4,-18.1,116.47,13.51,0,3412,20261005
2475,ITRI,Itron  Inc. - Common Stock,Technology,,1.162,-22.7,46.0,57.0,1.17,-0.8,-8.1,-36.5,87.79,3.79,0,3412,20261005
2476,PRGO,Perrigo Company plc Ordinary Shares,Healthcare,,1.162,-31.0,47.6,40.8,0.43,-4.4,1.2,-31.3,14.44,2.04,0,3412,20261005
2477,BBDC,Barings BDC  Inc. Common Stock,Financial Services,,1.161,16.4,46.0,4.7,0.47,-1.0,-4.9,-6.9,8.55,0.91,0,3412,20261005
2478,KRC,Kilroy Realty Corporation Common Stock,Real Estate,,1.161,-8.0,44.4,50.7,0.45,-1.9,-10.0,-19.7,33.28,3.87,0,3412,20261005
2479,BLSH,Bullish Ordinary Shares,Technology,,1.159,-46.7,47.6,51.5,0.47,-4.6,-5.2,-50.1,34.35,5.29,0,3412,20261005
2480,CG,The Carlyle Group Inc. - Common Stock,Financial Services,,1.158,-20.5,42.9,142.5,0.39,-0.5,-17.7,-39.3,39.32,14.13,0,3412,20261005
2481,BNL,Broadstone Net Lease  Inc. Common Stock,Real Estate,,1.158,19.0,36.5,37.9,0.58,-2.3,-11.8,-19.4,18.4,3.79,0,3412,20261005
2482,ATR,AptarGroup  Inc. Common Stock,Healthcare,,1.158,-2.5,42.9,55.0,0.29,-3.1,-6.0,-16.9,120.61,7.84,0,3412,20261005
2483,ATHM,Autohome Inc. American Depositary Shares,Communication Services,,1.157,-22.1,50.8,10.6,0.56,-2.8,-4.4,-25.9,20.61,2.44,0,3412,20261005
2484,WW,WW International  Inc.  - Common Stock,Healthcare,,1.156,-32.2,54.0,5.0,0.77,-1.1,-16.0,-57.4,14.87,0.15,0,3412,20261005
2485,INBK,First Internet Bancorp - Common Stock,Financial Services,,1.155,32.2,46.0,1.4,0.78,2.6,-6.2,-10.4,26.83,0.24,0,3412,20261005
2486,TTD,The Trade Desk  Inc. - Class A Common St,Communication Services,,1.155,-70.3,42.9,348.2,1.05,-2.9,-20.6,-77.9,11.98,5.96,0,3412,20261005
2487,ACI,Albertsons Companies  Inc. Class A Commo,Consumer Defensive,,1.155,-25.5,44.4,99.1,0.77,-1.1,-8.6,-40.1,11.51,5.7,0,3412,20261005
2488,TCBK,TriCo Bancshares - Common Stock,Financial Services,,1.154,27.2,39.7,15.5,1.22,0.7,-3.8,-15.2,52.27,1.67,0,3412,20261005
2489,NMAX,Newsmax  Inc. Class B Common Stock,Communication Services,,1.154,-14.6,49.2,13.3,0.9,-8.5,-8.2,-23.5,9.97,1.41,0,3412,20261005
2490,WRBY,Warby Parker Inc. Class A Common Stock,Healthcare,,1.154,-11.9,42.9,91.0,0.47,8.1,14.4,-12.2,26.65,3.05,0,3412,20261005
2491,EPRT,Essential Properties Realty Trust  Inc. ,Real Estate,,1.154,2.1,39.7,70.1,0.71,-2.9,-13.7,-24.3,25.64,5.54,0,3412,20261005
2492,CCOI,Cogent Communications Holdings  Inc. - C,Communication Services,,1.154,-75.2,50.8,21.0,0.63,19.5,-11.0,-80.2,8.88,0.4,0,3412,20261005
2493,ENSG,The Ensign Group  Inc. - Common Stock,Healthcare,,1.153,-0.9,41.3,66.3,0.36,-2.0,0.5,-19.8,172.89,9.89,0,3412,20261005
2494,KTB,Kontoor Brands  Inc. Common Stock,Consumer Cyclical,,1.152,-8.8,44.4,50.2,0.42,-1.1,-12.9,-27.2,64.2,3.51,0,3412,20261005
2495,NEXT,NextDecade Corporation - Common Stock,Energy,,1.152,13.3,42.9,17.9,0.32,0.2,-11.5,-28.0,6.57,1.78,0,3412,20261005
2496,MBLY,Mobileye Global Inc. - Class A Common St,Consumer Cyclical,,1.15,-43.0,47.6,46.7,0.68,-2.8,-8.9,-51.2,7.58,6.44,0,3412,20261005
2497,ANGI,Angi Inc. - Class A Common Stock,Communication Services,,1.15,-69.3,57.1,4.4,0.4,9.0,24.7,-62.9,6.06,0.23,0,3412,20261005
2498,KE,Kimball Electronics  Inc. - Common Stock,Industrials,,1.15,-19.4,52.4,4.9,0.38,2.5,15.5,-10.0,28.23,0.69,0,3412,20261005
2499,BOC,Boston Omaha Corporation Class A Common ,Industrials,,1.15,5.6,49.2,2.4,0.44,-0.1,-4.2,-12.4,13.22,0.39,0,3412,20261005
2500,PJT,PJT Partners Inc. Class A Common Stock,Financial Services,,1.148,5.5,38.1,66.8,0.38,-7.5,-25.8,-27.6,137.95,3.81,0,3412,20261005
2501,PEG,Public Service Enterprise Group Incorpor,Utilities,SP500,1.148,-7.3,34.9,256.4,0.44,2.9,-7.0,-19.7,68.68,33.17,0,3412,20261005
2502,TRS,TriMas Corporation - Common Stock,Consumer Cyclical,,1.147,4.0,46.0,11.3,0.34,-1.2,0.2,-13.5,38.93,1.4,0,3412,20261005
2503,NX,Quanex Building Products Corporation Com,Industrials,,1.146,29.0,41.3,9.9,0.72,-2.4,0.8,-17.5,18.91,0.91,0,3412,20261005
2504,RYN,Rayonier Inc. REIT Common Stock,Real Estate,,1.145,-16.8,44.4,70.8,0.39,-4.2,-11.4,-26.3,18.01,5.62,0,3412,20261005
2505,EDN,Empresa Distribuidora Y Comercializadora,Utilities,,1.145,56.6,42.9,1.8,0.77,3.0,-14.8,-41.7,20.83,0.95,0,3412,20261005
2506,PRG,PROG Holdings  Inc. Common Stock,Industrials,,1.144,24.0,38.1,22.9,0.41,-3.3,-19.7,-34.8,30.9,1.3,0,3412,20261005
2507,BROS,Dutch Bros Inc. Class A Common Stock,Consumer Cyclical,,1.144,-11.6,39.7,174.1,0.55,1.3,-17.3,-47.9,38.23,5.32,0,3412,20261005
2508,NNI,Nelnet  Inc. Common Stock,Financial Services,,1.143,-2.1,46.0,18.4,0.3,0.8,-1.8,-12.9,125.01,4.47,0,3412,20261005
2509,BANF,BancFirst Corporation - Common Stock,Financial Services,,1.143,-9.3,47.6,16.1,0.4,0.3,-3.7,-14.3,107.57,3.57,0,3412,20261005
2510,HRL,Hormel Foods Corporation Common Stock,Consumer Defensive,SP500,1.142,-8.6,41.3,99.7,0.63,0.6,-7.4,-24.3,20.08,11.14,0,3412,20261005
2511,FRME,First Merchants Corporation - Common Sto,Financial Services,,1.142,15.5,41.3,21.8,0.46,-1.5,-4.7,-11.3,39.77,2.49,0,3412,20261005
2512,AMPX,Amprius Technologies  Inc. Common Stock,Industrials,,1.142,-22.9,46.0,52.2,0.37,-1.6,-1.9,-58.8,9.45,1.39,0,3412,20261005
2513,CMP,Compass Minerals Intl Inc Common Stock,Basic Materials,,1.141,29.9,41.3,9.2,0.56,1.2,-9.9,-32.4,22.66,0.93,0,3412,20261005
2514,CTGO,Contango Silver & Gold Inc. Common Stock,Basic Materials,,1.141,-17.6,50.8,7.6,0.41,-1.0,-16.7,-49.3,16.78,0.56,0,3412,20261005
2515,NRG,NRG Energy  Inc. Common Stock,Utilities,SP500,1.141,-32.6,41.3,299.8,0.61,-0.2,-13.4,-47.2,96.8,21.17,0,3412,20261005
2516,BGY,Blackrock Enhanced International Dividen,Financial Services,,1.138,9.6,49.2,1.5,0.41,-1.7,-4.7,-5.2,5.63,0.52,0,3412,20261005
2517,RDDT,Reddit  Inc. Class A Common Stock,Communication Services,SP500,1.138,-22.4,36.5,744.0,0.82,5.1,-3.6,-41.9,150.42,29.38,0,3412,20261005
2518,LEN-B,Lennar Corporation Class B,Consumer Cyclical,,1.137,-31.1,50.8,12.1,0.57,-8.9,-11.4,-40.6,73.36,17.67,0,3412,20261005
2519,BULL,Webull Corporation - Class A Ordinary Sh,Technology,,1.137,-30.5,44.4,100.0,0.65,4.4,-26.4,-48.1,7.36,3.76,0,3412,20261005
2520,CWEN,Clearway Energy  Inc. Class C Common Sto,Utilities,,1.136,10.2,39.7,38.0,0.36,1.1,-6.2,-27.4,29.52,5.98,0,3412,20261005
2521,CLX,Clorox Company (The) Common Stock,Consumer Defensive,SP500,1.136,-20.2,39.7,273.7,0.6,0.7,-13.0,-34.7,82.01,9.8,0,3412,20261005
2522,ELMD,Electromed  Inc. Common Stock,Healthcare,,1.136,11.7,47.6,2.6,0.8,0.5,2.6,-38.8,28.32,0.24,0,3412,20261005
2523,UNFI,United Natural Foods  Inc. Common Stock,Consumer Defensive,,1.136,8.9,41.3,31.4,0.46,-2.7,2.1,-19.8,44.53,2.77,0,3412,20261005
2524,FBK,FB Financial Corporation Common Stock,Financial Services,,1.136,1.4,42.9,36.5,0.98,0.6,-7.7,-15.3,52.58,2.6,0,3412,20261005
2525,AMRC,Ameresco  Inc. Class A Common Stock,Industrials,,1.134,-37.3,50.8,13.6,0.63,5.8,-5.6,-50.3,21.49,1.12,0,3412,20261005
2526,RPM,RPM International Inc. Common Stock,Basic Materials,,1.134,-9.7,41.3,103.3,1.22,-4.9,-7.9,-20.3,95.3,12.82,0,3412,20261005
2527,CPS,Cooper-Standard Holdings Inc. Common Sto,Consumer Cyclical,,1.133,-27.2,52.4,6.1,0.51,1.2,-17.2,-51.3,22.03,0.39,0,3412,20261005
2528,KINS,Kingstone Companies  Inc - Common Stock,Financial Services,,1.133,38.0,44.4,1.9,0.57,3.2,-8.3,-10.8,18.55,0.27,0,3412,20261005
2529,TLK,PT Telekomunikasi Indonesia  Tbk,Communication Services,,1.133,-15.1,49.2,11.8,0.36,-2.6,-13.0,-40.4,12.89,13.15,0,3412,20261005
2530,ABX,Abacus Global Management  Inc. Class A C,Financial Services,,1.132,75.4,33.3,5.7,0.49,0.2,-15.5,-31.3,8.24,0.8,0,3412,20261005
2531,SUI,Sun Communities  Inc. Common Stock,Real Estate,,1.132,-4.4,38.1,126.7,0.66,-0.4,-6.7,-17.0,111.84,13.67,0,3412,20261005
2532,SUPV,Grupo Supervielle S.A. American Deposita,Financial Services,,1.132,76.0,36.5,4.3,0.48,5.7,-16.2,-42.8,7.36,0.68,0,3412,20261005
2533,CXDO,Crexendo  Inc. - Common Stock,Communication Services,,1.132,-5.7,52.4,1.6,0.77,2.7,1.7,-42.5,6.02,0.2,0,3412,20261005
2534,BIOA,BioAge Labs  Inc. - Common Stock,Healthcare,,1.131,61.0,36.5,5.7,1.44,-11.4,-33.1,-74.7,6.36,0.33,0,3412,20261005
2535,TATT,TAT Technologies Ltd. - Ordinary Shares,Industrials,,1.13,-9.9,50.8,4.4,0.63,-7.1,-15.1,-45.8,33.1,0.49,0,3412,20261005
2536,HAYW,Hayward Holdings  Inc. Common Stock,Industrials,,1.129,-11.2,44.4,51.0,0.66,-0.7,-9.3,-28.2,12.43,2.63,0,3412,20261005
2537,BBNX,Beta Bionics  Inc. - Common Stock,Healthcare,,1.128,-2.8,44.4,30.8,0.78,-7.7,-4.9,-40.8,18.95,1.05,0,3412,20261005
2538,GTY,Getty Realty Corporation Common Stock,Real Estate,,1.127,27.5,34.9,22.9,0.56,-2.0,-14.6,-23.9,27.87,1.75,0,3412,20261005
2539,REFI,Chicago Atlantic Real Estate Finance  In,Real Estate,,1.127,-4.5,50.8,2.7,0.66,-8.0,-9.7,-17.7,9.81,0.27,0,3412,20261005
2540,BIPC,Brookfield Infrastructure Corporation Br,Utilities,,1.125,-8.4,44.4,42.7,0.42,3.9,-2.4,-26.4,36.36,4.39,0,3412,20261005
2541,AEVA,Aeva Technologies  Inc. - Common Stock,Technology,,1.125,-5.6,46.0,21.4,0.61,0.2,-6.3,-51.2,14.3,0.99,0,3412,20261005
2542,ENTA,Enanta Pharmaceuticals  Inc. - Common St,Healthcare,,1.125,35.7,42.9,3.7,0.46,-0.1,-10.1,-25.2,12.6,0.37,0,3412,20261005
2543,CHCT,Community Healthcare Trust Incorporated ,Real Estate,,1.125,10.7,46.0,5.6,0.69,-6.6,-10.3,-28.2,13.36,0.41,0,3412,20261005
2544,POST,Post Holdings  Inc. Common Stock,Consumer Defensive,,1.124,-21.1,44.4,73.6,0.5,-2.9,-13.7,-36.6,72.68,3.36,0,3412,20261005
2545,OCUL,Ocular Therapeutix  Inc. - Common Stock,Healthcare,,1.124,-3.8,44.4,32.9,0.8,-5.3,-31.9,-55.0,7.25,2.2,0,3412,20261005
2546,WY,Weyerhaeuser Company Common Stock,Real Estate,SP500,1.123,-5.1,36.5,154.4,0.42,-6.2,-19.7,-30.6,18.49,14.21,0,3412,20261005
2547,RYAAY,Ryanair Holdings plc - American Deposita,Industrials,,1.123,-8.2,41.3,86.7,0.47,-0.8,0.0,-25.4,54.7,28.65,0,3412,20261005
2548,TWI,Titan International  Inc. (DE) Common St,Industrials,,1.123,-1.4,49.2,4.1,0.37,-0.3,-8.6,-38.8,6.98,0.46,0,3412,20261005
2549,NP,Neptune Insurance Holdings Inc. Class A ,Financial Services,,1.122,17.4,41.3,16.4,0.56,-2.4,-18.8,-22.8,27.12,3.81,0,3412,20261005
2550,IRMD,iRadimed Corporation - Common Stock,Healthcare,,1.121,23.5,41.3,11.6,0.45,-0.2,-0.1,-17.4,86.47,1.09,0,3412,20261005
2551,BLDR,Builders FirstSource  Inc. Common Stock,Industrials,,1.12,-49.7,42.9,221.3,1.28,-4.1,-13.3,-57.1,55.63,6.19,0,3412,20261005
2552,EQBK,Equity Bancshares  Inc. Class A Common S,Financial Services,,1.12,28.5,42.9,5.3,0.45,-1.0,-6.8,-8.1,47.54,0.98,0,3412,20261005
2553,NRIM,Northrim BanCorp Inc - Common Stock,Financial Services,,1.119,24.5,44.4,3.9,0.38,0.6,-5.0,-16.0,24.67,0.55,0,3412,20261005
2554,SBSI,Southside Bancshares  Inc. Common Stock,Financial Services,,1.119,22.2,44.4,4.6,0.41,-1.0,-6.2,-13.9,30.43,0.93,0,3412,20261005
2555,LCII,LCI Industries,Consumer Cyclical,,1.118,12.5,39.7,30.7,0.41,-3.4,-18.3,-45.8,82.58,2.01,0,3412,20261005
2556,RLGT,Radiant Logistics  Inc. Common Stock,Industrials,,1.118,44.3,41.3,3.7,1.98,5.7,10.0,-5.7,9.25,0.4,0,3412,20261005
2557,BCX,BlackRock Resources Common Shares of Ben,Financial Services,,1.118,35.8,44.4,1.9,0.29,-0.7,-9.1,-10.9,11.9,0.91,0,3412,20261005
2558,GLAD,Gladstone Capital Corporation - Closed E,Financial Services,,1.116,0.7,49.2,3.1,0.3,-0.7,-4.9,-5.1,19.12,0.44,0,3412,20261005
2559,TIMB,TIM S.A. American Depositary Shares (Eac,Communication Services,,1.116,-13.6,49.2,9.9,0.46,9.4,3.2,-30.5,19.3,8.63,0,3412,20261005
2560,ISOU,IsoEnergy Ltd. Common Shares,Energy,,1.116,13.3,47.6,2.0,1.24,1.9,-15.2,-28.4,9.47,0.6,0,3412,20261005
2561,XGN,Exagen Inc. - Common Stock,Healthcare,,1.116,-30.8,55.6,2.4,1.03,-0.2,12.2,-29.3,8.46,0.21,0,3412,20261005
2562,LEVI,Levi Strauss & Co Class A Common Stock,Consumer Cyclical,,1.115,-13.4,44.4,53.5,0.62,2.3,-2.1,-20.6,20.27,7.8,0,3412,20261005
2563,PINE,Alpine Income Property Trust  Inc. Commo,Real Estate,,1.114,46.1,41.3,3.2,0.5,3.9,-9.9,-19.3,17.55,0.3,0,3412,20261005
2564,Z,Zillow Group  Inc. - Class C Capital Sto,Communication Services,,1.113,-52.8,44.4,125.6,0.41,-0.1,-22.4,-64.9,27.41,6.17,0,3412,20261005
2565,ILPT,Industrial Logistics Properties Trust - ,Real Estate,,1.113,51.2,41.3,2.6,0.4,-2.2,-13.7,-24.0,7.11,0.47,0,3412,20261005
2566,ATAT,Atour Lifestyle Holdings Limited - Ameri,Consumer Cyclical,,1.113,-3.1,44.4,29.3,0.42,-2.0,-7.2,-23.9,32.13,4.54,0,3412,20261005
2567,ASTE,Astec Industries  Inc. - Common Stock,Industrials,,1.112,-12.0,49.2,8.7,0.53,1.2,-1.9,-35.9,41.6,0.94,0,3412,20261005
2568,EFSC,Enterprise Financial Services Corporatio,Financial Services,,1.112,14.6,41.3,19.4,0.69,-0.5,-7.2,-12.7,59.82,2.15,0,3412,20261005
2569,INTR,Inter & Co. Inc. - Class A Common Shares,Financial Services,,1.111,-33.3,47.6,33.2,0.72,30.2,13.1,-34.9,6.56,2.42,0,3412,20261005
2570,APEI,American Public Education  Inc. - Common,Consumer Defensive,,1.109,16.2,42.9,11.6,0.53,9.3,-2.1,-27.0,44.41,0.75,0,3412,20261005
2571,CARG,CarGurus  Inc. - Class A Common Stock,Consumer Cyclical,,1.108,-10.4,44.4,43.8,0.41,-4.7,-14.3,-24.8,29.35,2.78,0,3412,20261005
2572,HLIT,Harmonic Inc. - Common Stock,Technology,,1.107,9.5,42.9,17.3,0.6,6.0,-3.3,-34.4,11.22,1.22,0,3412,20261005
2573,DECK,Deckers Outdoor Corporation Common Stock,Consumer Cyclical,SP500,1.107,-18.6,38.1,276.1,0.41,2.4,-5.1,-33.7,80.21,10.84,0,3412,20261005
2574,CLW,Clearwater Paper Corporation Common Stoc,Basic Materials,,1.106,0.9,49.2,2.7,0.86,1.3,-2.7,-13.6,20.14,0.31,0,3412,20261005
2575,ISTR,Investar Holding Corporation - Common St,Financial Services,,1.106,36.9,42.9,3.0,0.53,0.1,-4.4,-5.6,29.36,0.41,0,3412,20261005
2576,IONS,Ionis Pharmaceuticals  Inc. - Common Sto,Healthcare,,1.104,-15.0,38.1,217.9,0.79,-4.5,-25.2,-49.7,43.5,7.24,0,3412,20261005
2577,TDS,Telephone and Data Systems  Inc. Common ,Communication Services,,1.104,-3.4,41.3,61.0,0.54,1.0,-7.2,-26.1,35.11,4.13,0,3412,20261005
2578,RMT,Royce Micro-Cap Trust  Inc. Common Stock,Financial Services,,1.104,40.2,44.4,1.3,0.45,2.0,-1.1,-6.9,13.66,0.73,0,3412,20261005
2579,JBSS,John B. Sanfilippo & Son  Inc. - Common ,Consumer Defensive,,1.104,20.0,42.9,8.5,0.34,0.7,-7.0,-23.1,68.03,0.8,0,3412,20261005
2580,SMP,Standard Motor Products  Inc. Common Sto,Consumer Cyclical,,1.104,-0.5,47.6,6.6,0.56,-1.1,-4.8,-15.0,37.42,0.84,0,3412,20261005
2581,STVN,Stevanato Group S.p.A. Ordinary Shares,Healthcare,,1.103,-21.9,50.8,7.1,0.58,-6.4,-2.4,-27.1,20.05,5.77,0,3412,20261005
2582,BKE,Buckle  Inc. (The) Common Stock,Consumer Cyclical,,1.102,-18.6,47.6,21.3,0.33,0.9,0.1,-23.1,43.45,2.23,0,3412,20261005
2583,RICK,RCI Hospitality Holdings  Inc. - Common ,Consumer Cyclical,,1.1,-5.4,52.4,1.2,0.53,-5.6,-9.4,-16.9,26.03,0.21,0,3412,20261005
2584,DERM,Journey Medical Corporation - Common Sto,Healthcare,,1.1,8.2,49.2,1.3,0.58,4.0,-15.3,-27.8,6.69,0.19,0,3412,20261005
2585,CWST,Casella Waste Systems  Inc. - Class A Co,Industrials,,1.099,5.9,38.1,50.7,0.37,2.2,-13.1,-22.3,83.42,4.97,0,3412,20261005
2586,WSO,Watsco  Inc. Common Stock,Industrials,,1.099,-21.4,41.3,150.1,0.58,-6.7,-7.4,-36.1,292.15,12.92,0,3412,20261005
2587,UPWK,Upwork Inc. - Common Stock,Communication Services,,1.098,-49.4,49.2,22.6,0.54,3.6,-9.0,-62.2,8.36,1.02,0,3412,20261005
2588,LRN,Stride  Inc. Common Stock,Consumer Defensive,,1.098,-40.9,46.0,58.5,0.65,2.9,-8.1,-48.6,78.88,3.28,0,3412,20261005
2589,UTL,UNITIL Corporation Common Stock,Utilities,,1.098,19.4,42.9,8.5,0.44,0.6,-5.7,-8.7,50.65,0.93,0,3412,20261005
2590,GRVY,GRAVITY Co.  Ltd. - American depositary ,Communication Services,,1.097,16.2,47.6,1.4,1.07,2.0,-6.4,-9.3,68.17,0.47,0,3412,20261005
2591,SBR,Sabine Royalty Trust Common Stock,Energy,,1.096,2.5,49.2,2.1,0.46,0.4,-5.4,-7.3,71.38,1.05,0,3412,20261005
2592,AKR,Acadia Realty Trust Common Stock,Real Estate,,1.096,3.2,42.9,25.4,0.41,-4.4,-9.2,-19.0,18.41,2.64,0,3412,20261005
2593,NBHC,National Bank Holdings Corporation Commo,Financial Services,,1.095,11.9,41.3,20.7,0.57,-4.7,-9.7,-19.1,37.79,1.78,0,3412,20261005
2594,BV,BrightView Holdings  Inc. Common Stock,Industrials,,1.094,-16.9,49.2,10.4,0.92,-0.6,-10.0,-31.3,10.2,0.93,0,3412,20261005
2595,FWRG,First Watch Restaurant Group  Inc. - Com,Consumer Cyclical,,1.094,-26.5,49.2,14.6,0.47,3.5,-10.2,-43.7,10.51,0.63,0,3412,20261005
2596,MNDY,monday.com Ltd. - Ordinary Shares,Technology,,1.094,-46.6,44.4,103.0,0.51,4.6,-15.1,-59.7,82.66,3.49,0,3412,20261005
2597,GDV,Gabelli Dividend & Income Trust Common S,Financial Services,,1.094,17.9,46.0,2.4,0.4,-0.8,-5.9,-7.7,28.37,2.44,0,3412,20261005
2598,OCFC,OceanFirst Financial Corp. - Common Stoc,Financial Services,,1.093,12.9,41.3,19.3,0.3,0.6,-12.8,-16.9,16.82,1.64,0,3412,20261005
2599,LOAR,Loar Holdings Inc. Common Stock,Industrials,,1.091,-12.8,44.4,45.7,0.41,-1.9,-10.6,-23.9,62.35,5.84,0,3412,20261005
2600,REYN,Reynolds Consumer Products Inc. - Common,Consumer Cyclical,,1.091,-7.7,44.4,33.8,0.28,0.7,1.8,-17.5,22.23,4.55,0,3412,20261005
2601,UFPI,UFP Industries  Inc. - Common Stock,Basic Materials,,1.091,-9.3,44.4,37.9,0.36,-1.7,-6.2,-31.7,78.04,4.38,0,3412,20261005
2602,REZI,Resideo Technologies  Inc. Common Stock,Industrials,,1.091,-54.7,47.6,39.3,0.57,1.9,-5.0,-58.3,18.56,2.78,0,3412,20261005
2603,BIRK,Birkenstock Holding plc Ordinary Shares,Consumer Cyclical,,1.09,-26.6,44.4,71.9,0.81,2.4,-0.5,-31.0,33.77,5.46,0,3412,20261005
2604,ABEO,Abeona Therapeutics Inc. - Common Stock,Healthcare,,1.089,11.5,44.4,8.2,0.63,-3.4,-13.8,-31.5,5.11,0.3,0,3412,20261005
2605,ROAD,Construction Partners  Inc. - Common Sto,Industrials,,1.087,-18.9,44.4,57.0,0.98,-1.1,-11.9,-35.6,90.5,5.32,0,3412,20261005
2606,MRTN,Marten Transport  Ltd. - Common Stock,Industrials,,1.087,35.7,36.5,10.7,0.45,1.0,-7.8,-28.4,13.05,1.08,0,3412,20261005
2607,WAL,Western Alliance Bancorporation Common S,Financial Services,,1.087,-3.8,38.1,92.0,0.49,-0.7,-6.1,-20.1,76.02,8.35,0,3412,20261005
2608,FUL,H. B. Fuller Company Common Stock,Basic Materials,,1.086,-8.2,42.9,52.5,0.63,2.2,-6.0,-25.0,50.44,2.7,0,3412,20261005
2609,ROOT,Root  Inc. - Common Stock,Financial Services,,1.086,-39.1,50.8,10.4,0.53,1.5,-14.4,-47.8,47.42,0.75,0,3412,20261005
2610,KBDC,Kayne Anderson BDC  Inc. Common Stock,Financial Services,,1.086,9.2,46.0,4.8,0.35,-2.5,-5.6,-14.4,12.7,0.84,0,3412,20261005
2611,JFR,Nuveen Floating Rate Income Fund Common ,Financial Services,,1.086,5.1,46.0,6.7,0.45,-0.4,-4.9,-6.7,7.23,1.18,0,3412,20261005
2612,STRT,STRATTEC SECURITY CORPORATION - Common S,Consumer Cyclical,,1.085,9.0,46.0,4.8,0.42,-1.0,-11.4,-27.5,65.92,0.27,0,3412,20261005
2613,BWXT,BWX Technologies  Inc. Common Stock,Industrials,,1.085,-13.2,38.1,172.1,0.4,0.7,-15.5,-43.1,135.35,12.55,0,3412,20261005
2614,EAF,GrafTech International Ltd. Common Stock,Industrials,,1.084,-50.4,52.4,6.8,0.73,-11.4,40.0,-55.5,8.82,0.24,0,3412,20261005
2615,USAR,USA Rare Earth  Inc. - Common Stock,Basic Materials,,1.083,-22.1,39.7,202.0,0.28,-5.3,-22.8,-64.7,13.65,5.7,0,3412,20261005
2616,EVR,Evercore Inc. Class A Common Stock,Financial Services,,1.083,-10.1,38.1,137.8,0.38,1.4,-10.6,-30.2,265.35,9.96,0,3412,20261005
2617,POOL,Pool Corporation - Common Stock,Industrials,,1.082,-39.9,42.9,143.9,0.43,-2.4,-13.4,-47.6,159.35,5.88,0,3412,20261005
2618,SMR,NuScale Power Corporation Class A Common,Industrials,,1.082,-75.3,41.3,329.1,0.38,-2.9,-21.2,-85.6,7.68,3.46,0,3412,20261005
2619,TG,Tredegar Corporation Common Stock,Industrials,,1.082,-0.6,50.8,1.3,0.57,-0.4,-8.6,-32.4,7.0,0.25,0,3412,20261005
2620,AVO,Mission Produce  Inc. - Common Stock,Consumer Defensive,,1.08,4.9,44.4,12.6,0.53,-3.1,1.0,-17.2,12.7,1.15,0,3412,20261005
2621,CBAN,Colony Bankcorp  Inc. Common Stock,Financial Services,,1.08,31.6,42.9,3.3,0.59,-0.8,-5.1,-8.4,20.41,0.43,0,3412,20261005
2622,WLFC,Willis Lease Finance Corporation - Commo,Industrials,,1.079,22.6,41.3,9.4,0.45,-18.1,-22.8,-46.3,42.84,1.25,0,3412,20261005
2623,DLO,DLocal Limited - Class A Common Shares,Technology,,1.078,14.4,39.7,22.0,0.48,5.1,-8.0,-8.0,14.52,4.04,0,3412,20261005
2624,ORN,Orion Group Holdings  Inc. Common,Industrials,,1.078,9.6,46.0,4.5,0.86,10.9,1.2,-46.0,9.26,0.36,0,3412,20261005
2625,PSN,Parsons Corporation Common Stock,Technology,,1.077,-47.0,46.0,55.9,1.11,1.2,-9.1,-52.8,42.11,4.53,0,3412,20261005
2626,FND,Floor & Decor Holdings  Inc. Common Stoc,Consumer Cyclical,,1.076,-33.0,42.9,120.6,0.33,0.4,-5.7,-39.3,46.55,4.9,0,3412,20261005
2627,ABTC,American Bitcoin Corp. - Class A Common ,Financial Services,,1.074,-91.4,50.8,13.5,0.53,-1.5,-6.7,-91.9,8.71,0.64,0,3412,20261005
2628,LKFN,Lakeland Financial Corporation - Common ,Financial Services,,1.073,-2.5,46.0,12.4,0.45,-0.8,-2.9,-8.5,58.31,1.45,0,3412,20261005
2629,NTST,NetSTREIT Corp. Common Stock,Real Estate,,1.072,16.2,34.9,32.0,1.42,-3.8,-14.6,-20.8,17.44,1.87,0,3412,20261005
2630,PENN,PENN Entertainment  Inc. - Common Stock,Consumer Cyclical,,1.07,-10.1,42.9,54.5,0.31,-0.9,-12.2,-31.6,15.1,2.08,0,3412,20261005
2631,FNF,Fidelity National Financial  Inc. Common,Financial Services,,1.07,-15.1,39.7,129.5,0.57,-5.1,-17.5,-30.8,39.0,10.49,0,3412,20261005
2632,SPOK,Spok Holdings  Inc. - Common Stock,Healthcare,,1.07,-26.2,55.6,1.4,0.32,5.8,2.7,-25.5,10.97,0.22,0,3412,20261005
2633,PCYO,Pure Cycle Corporation - Common Stock,Utilities,,1.07,0.7,50.8,1.1,0.54,-0.6,-2.3,-9.0,10.86,0.26,0,3412,20261005
2634,BBUC,Brookfield Business Corporation Class A ,Industrials,,1.069,-18.4,49.2,9.4,0.35,2.4,-5.0,-30.6,25.95,5.19,0,3412,20261005
2635,LMB,Limbach Holdings  Inc. - Common Stock,Industrials,,1.069,-44.5,49.2,17.1,0.69,2.8,0.8,-56.2,49.94,0.6,0,3412,20261005
2636,MIAX,Miami International Holdings  Inc. Commo,Financial Services,,1.068,4.1,34.9,63.2,0.64,1.2,-19.6,-39.6,34.32,3.41,0,3412,20261005
2637,RZC,Reinsurance Group of America  Incorporat,,,1.068,5.0,47.6,2.8,1.67,-0.7,-1.4,-2.6,25.15,,0,3412,20261005
2638,VNO,Vornado Realty Trust Common Stock,Real Estate,,1.067,-9.0,42.9,50.0,0.47,-2.6,-9.1,-18.8,33.21,6.48,0,3412,20261005
2639,APP,Applovin Corporation - Class A Common St,Communication Services,SP500·NDX,1.067,-54.1,36.5,1662.8,0.42,-8.5,-10.1,-61.6,281.97,102.68,0,3412,20261005
2640,YMM,Full Truck Alliance Co. Ltd. American De,Technology,,1.066,-34.6,46.0,45.9,0.45,2.6,-2.0,-38.7,8.41,8.58,0,3412,20261005
2641,VTMX,Corporacion Inmobiliaria Vesta  S.A.B de,Real Estate,,1.066,28.3,44.4,1.9,0.74,-0.4,-6.3,-10.9,32.59,3.04,0,3412,20261005
2642,PCG-PX,PG&E Corp 6.000% Series A Mandatory Conv,,,1.066,-8.1,49.2,4.7,2.55,2.5,-9.5,-28.3,31.83,,0,3412,20261005
2643,NSSC,NAPCO Security Technologies  Inc. - Comm,Industrials,,1.065,-12.3,47.6,12.5,0.8,3.3,-2.2,-22.7,36.22,1.29,0,3412,20261005
2644,MMYT,MakeMyTrip Limited - Ordinary Shares,Consumer Cyclical,,1.065,-39.4,46.0,48.9,0.51,-5.0,-21.2,-52.7,45.0,4.23,0,3412,20261005
2645,ADNT,Adient plc Ordinary Shares,Consumer Cyclical,,1.065,-21.3,47.6,18.9,0.47,0.8,-11.9,-36.4,17.24,1.32,0,3412,20261005
2646,GNL,Global Net Lease  Inc. Common Stock,Real Estate,,1.065,20.1,34.9,24.0,0.48,-4.1,-10.9,-16.6,8.14,1.91,0,3412,20261005
2647,IIPR,Innovative Industrial Properties  Inc. C,Real Estate,,1.064,11.7,39.7,23.8,0.56,-8.5,-11.0,-21.8,50.54,1.39,0,3412,20261005
2648,NRXS,Neuraxis  Inc. Common Stock,Healthcare,,1.064,90.3,39.7,1.2,1.38,-3.4,17.8,-18.8,7.15,0.09,0,3412,20261005
2649,ANIP,ANI Pharmaceuticals  Inc. - Common Stock,Healthcare,,1.064,-19.2,46.0,30.8,0.5,-3.0,0.8,-23.9,72.58,1.67,0,3412,20261005
2650,STN,Stantec Inc Common Stock,Industrials,,1.064,-32.7,47.6,25.3,0.36,-2.7,-8.5,-40.9,66.86,7.76,0,3412,20261005
2651,CLM,Cornerstone Strategic Investment Fund  I,Financial Services,,1.063,-3.9,46.0,13.4,0.59,0.5,-5.0,-14.5,6.41,2.0,0,3412,20261005
2652,NKE,Nike  Inc. Common Stock,Consumer Cyclical,SP500,1.062,-46.3,34.9,1640.1,0.69,-6.7,-12.4,-51.2,33.96,53.48,0,3412,20261005
2653,RYAN,Ryan Specialty Holdings  Inc. Class A Co,Financial Services,,1.06,-23.5,42.9,86.3,0.44,-0.4,-10.3,-34.5,37.98,4.63,0,3412,20261005
2654,SI,Shoulder Innovations  Inc. Common Stock,,,1.06,69.8,36.5,2.7,0.73,9.2,-3.9,-19.2,19.6,0.35,0,3412,20261005
2655,MC,Moelis & Company Class A Common Stock,Financial Services,,1.059,3.5,36.5,55.3,0.45,-3.5,-18.9,-26.5,56.05,4.15,0,3412,20261005
2656,OSIS,OSI Systems  Inc. - Common Stock,Technology,,1.059,-16.7,44.4,45.1,0.76,2.5,-4.2,-36.1,197.87,3.21,0,3412,20261005
2657,CENT,Central Garden & Pet Company - Common St,Consumer Defensive,,1.058,29.3,42.9,3.1,0.48,0.1,-4.8,-14.7,39.7,2.43,0,3412,20261005
2658,CENTA,Central Garden & Pet Company - Class A C,Consumer Defensive,,1.058,24.0,39.7,10.6,0.32,0.2,-5.0,-15.6,34.26,2.1,0,3412,20261005
2659,BL,BlackLine  Inc. - Common Stock,Technology,,1.058,-35.2,47.6,25.7,0.35,5.9,-15.3,-52.2,28.13,1.53,0,3412,20261005
2660,SGHC,Super Group (SGHC) Limited Ordinary Shar,Consumer Cyclical,,1.057,4.7,39.7,35.4,0.41,-2.1,-19.1,-26.4,11.47,6.08,0,3412,20261005
2661,SHLS,Shoals Technologies Group  Inc. - Class ,Technology,,1.057,-21.1,46.0,31.7,0.46,9.8,15.9,-36.2,8.15,1.26,0,3412,20261005
2662,NAKA,Nakamoto Inc. - Common Stock,Financial Services,,1.055,-81.1,57.1,2.2,0.61,3.4,20.9,-77.8,10.05,0.16,0,3412,20261005
2663,BIDU,Baidu  Inc. - American Depositary Shares,Communication Services,,1.055,-31.8,39.7,230.3,0.78,0.0,-9.0,-46.5,86.99,29.53,0,3412,20261005
2664,RPC,Ridgepost Capital  Inc. Class A Common S,Financial Services,,1.055,-18.5,50.8,4.4,0.36,7.6,-7.8,-27.9,7.89,0.83,0,3412,20261005
2665,PRCT,PROCEPT BioRobotics Corporation - Common,Healthcare,,1.055,-38.6,47.6,26.9,0.52,3.3,-16.6,-51.8,17.82,1.0,0,3412,20261005
2666,ESAB,ESAB Corporation Common Stock,Industrials,,1.055,-33.3,44.4,69.4,0.4,6.3,-4.3,-46.9,71.46,4.17,0,3412,20261005
2667,ARLO,Arlo Technologies  Inc. Common Stock,Industrials,,1.055,-21.1,47.6,17.0,0.42,-0.1,-6.6,-35.2,12.59,1.34,0,3412,20261005
2668,ARCT,Arcturus Therapeutics Holdings Inc. - Co,Healthcare,,1.054,-28.9,49.2,12.2,0.89,1.4,-5.8,-36.7,14.66,0.39,0,3412,20261005
2669,SKT,Tanger Inc. Common Stock,Real Estate,,1.054,13.1,34.9,34.3,0.35,-0.5,-6.9,-17.9,34.59,3.99,0,3412,20261005
2670,QBTS,D-Wave Quantum Inc. - Common Stock,Technology,,1.054,-42.4,39.7,281.7,0.36,-6.8,-7.0,-65.1,15.64,6.64,0,3412,20261005
2671,BWAY,BrainsWay Ltd. - American Depositary Sha,Healthcare,,1.053,94.5,38.1,1.4,0.75,-7.7,-15.7,-28.8,12.23,0.53,0,3412,20261005
2672,FSCO,FS Credit Opportunities Corp. Common Sto,Financial Services,,1.052,-10.9,49.2,5.2,0.3,0.6,-3.6,-19.3,5.07,1.04,0,3412,20261005
2673,GPI,Group 1 Automotive  Inc. Common Stock,Consumer Cyclical,,1.051,-35.8,44.4,70.7,0.44,-0.3,-15.1,-46.0,241.44,3.06,0,3412,20261005
2674,IRTC,iRhythm Holdings  Inc.  - Common Stock,Healthcare,,1.051,-29.0,44.4,61.5,0.46,-3.1,-11.6,-42.4,109.09,3.64,0,3412,20261005
2675,LBTYA,Liberty Global Ltd. - Class A Common Sha,Communication Services,,1.051,-9.1,44.4,30.1,0.51,-4.7,-15.7,-31.0,8.99,3.07,0,3412,20261005
2676,BWMX,Betterware de Mexico  S.A.P.I. de C.V. O,Consumer Cyclical,,1.051,23.0,46.0,1.2,0.89,-3.8,5.6,-13.4,16.32,0.66,0,3412,20261005
2677,WRD,WeRide Inc. - American Depositary Shares,Technology,,1.051,-47.7,49.2,16.3,0.6,-8.3,-13.9,-59.0,5.07,1.82,0,3412,20261005
2678,CBK,Commercial Bancgroup  Inc. - Common Stoc,Financial Services,,1.051,43.2,42.9,1.4,0.48,-2.2,-8.4,-11.8,31.27,0.43,0,3412,20261005
2679,SKYH,Sky Harbour Group Corporation Class A Co,Real Estate,,1.05,8.7,47.6,1.8,0.6,-6.1,-10.1,-18.7,9.34,0.4,0,3412,20261005
2680,EOI,Eaton Vance Enhance Equity Income Fund E,Financial Services,,1.049,2.8,49.2,1.4,0.39,0.1,-1.5,-2.2,19.76,0.81,0,3412,20261005
2681,OKLO,Oklo Inc. Class A common stock,Utilities,,1.049,-69.1,39.7,384.0,0.38,-3.1,-9.7,-79.3,35.97,7.22,0,3412,20261005
2682,IIIV,i3 Verticals  Inc. - Common Stock,Technology,,1.049,-49.2,50.8,9.3,0.75,3.9,-9.5,-54.8,14.97,0.26,0,3412,20261005
2683,SRAD,Sportradar Group AG - Class A Ordinary S,Technology,,1.047,-50.7,47.6,29.9,0.67,-3.2,-7.9,-56.1,12.08,3.92,0,3412,20261005
2684,BRO,Brown & Brown  Inc. Common Stock,Financial Services,SP500,1.046,-21.8,39.7,152.6,0.43,1.1,-16.0,-36.0,60.93,20.38,0,3412,20261005
2685,CHY,Calamos Convertible and High Income Fund,Financial Services,,1.044,23.7,44.4,2.3,0.39,0.4,-8.3,-13.9,11.66,0.94,0,3412,20261005
2686,BILI,Bilibili Inc. - American Depositary Shar,Communication Services,,1.043,-46.3,46.0,46.9,0.54,-2.6,-4.8,-58.9,14.75,6.11,0,3412,20261005
2687,WYNN,Wynn Resorts  Limited - Common Stock,Consumer Cyclical,SP500,1.043,-30.7,39.7,200.0,0.44,-4.2,-15.7,-41.6,77.17,8.29,0,3412,20261005
2688,IBOC,International Bancshares Corporation - C,Financial Services,,1.043,7.0,39.7,28.4,0.38,-0.1,-2.9,-9.8,69.49,4.34,0,3412,20261005
2689,FIS,Fidelity National Information Services  ,Technology,SP500,1.043,-34.7,39.7,232.2,0.32,-2.1,-20.6,-49.7,33.58,17.07,0,3412,20261005
2690,FVR,FrontView REIT  Inc. Common Stock,Real Estate,,1.042,45.9,38.1,4.0,0.66,-8.2,-15.4,-26.1,16.2,0.4,0,3412,20261005
2691,NTRB,Nutriband Inc. - Common Stock,Healthcare,,1.042,-23.3,55.6,1.1,1.5,-9.2,32.7,-16.9,7.47,0.09,0,3412,20261005
2692,BMI,Badger Meter  Inc. Common Stock,Technology,,1.042,-23.5,44.4,52.8,0.56,-1.3,-8.2,-32.8,124.89,3.58,0,3412,20261005
2693,BYD,Boyd Gaming Corporation Common Stock,Consumer Cyclical,,1.042,-10.0,39.7,83.1,0.38,-0.7,-11.7,-24.7,68.71,4.84,0,3412,20261005
2694,CLFD,Clearfield  Inc. - Common Stock,Technology,,1.042,-19.8,50.8,4.3,0.55,8.2,17.1,-35.3,33.16,0.42,0,3412,20261005
2695,PLNT,Planet Fitness  Inc. Common Stock,Consumer Cyclical,,1.041,-49.9,42.9,127.0,0.57,3.9,-18.3,-62.4,42.07,3.08,0,3412,20261005
2696,GRPN,Groupon  Inc. - Common Stock,Communication Services,,1.039,-16.2,46.0,23.4,0.47,-0.2,4.5,-31.0,19.71,0.79,0,3412,20261005
2697,LII,Lennox International  Inc. Common Stock,Industrials,SP500,1.038,-28.8,39.7,180.4,0.49,-2.0,-6.5,-37.0,361.15,12.48,0,3412,20261005
2698,AGNCZ,AGNC Investment Corp. - Depositary Share,Real Estate,,1.038,8.2,47.6,1.7,0.83,-1.4,-3.6,-3.9,24.66,,0,3412,20261005
2699,IGR,CBRE Global Real Estate Income Fund Comm,Financial Services,,1.037,34.1,39.7,5.0,0.41,-1.9,159.0,-14.2,11.51,0.59,0,3412,20261005
2700,VVV,Valvoline Inc. Common Stock,Consumer Cyclical,,1.036,-12.1,39.7,91.5,0.48,6.5,-4.3,-24.7,30.34,3.63,0,3412,20261005
2701,BHF,Brighthouse Financial  Inc. - Common Sto,Financial Services,,1.036,3.5,34.9,55.2,0.55,-4.3,-7.2,-25.2,49.82,2.99,0,3412,20261005
2702,NCLH,Norwegian Cruise Line Holdings Ltd. Ordi,Consumer Cyclical,SP500,1.035,-36.5,38.1,304.8,0.38,3.9,-4.6,-40.6,14.87,6.51,0,3412,20261005
2703,XXI,Twenty One Capital  Inc. Class A Common ,Financial Services,,1.033,-72.3,49.2,17.2,1.3,-0.9,4.4,-72.9,6.68,2.34,0,3412,20261005
2704,APOG,Apogee Enterprises  Inc. - Common Stock,Industrials,,1.031,-11.9,47.6,9.8,0.43,-2.1,-6.6,-27.1,35.66,0.75,0,3412,20261005
2705,DEA,Easterly Government Properties  Inc. Com,Real Estate,,1.031,14.5,41.3,12.2,0.62,0.7,-5.6,-10.5,22.95,1.1,0,3412,20261005
2706,G,Genpact Limited Common Stock,Technology,,1.03,-7.0,39.7,67.1,0.4,2.8,-12.0,-30.1,33.52,5.83,0,3412,20261005
2707,BF-A,Brown Forman Inc Class A Common Stock,Consumer Defensive,,1.027,4.9,46.0,4.7,0.49,0.8,-4.0,-10.9,26.79,12.32,0,3412,20261005
2708,CDRE,Cadre Holdings  Inc. Common Stock,Industrials,,1.027,-17.7,47.6,13.3,0.66,-4.1,-16.3,-45.6,25.0,1.07,0,3412,20261005
2709,ALKT,Alkami Technology  Inc. - Common Stock,Technology,,1.027,-16.7,44.4,38.0,0.73,5.7,-29.6,-42.5,14.15,1.43,0,3412,20261005
2710,BNAI,Brand Engagement Network Inc. - Common S,Technology,,1.027,201.7,34.9,1.1,0.47,-2.2,-45.5,-90.7,5.84,0.05,0,3412,20261005
2711,IGIC,International General Insurance Holdings,Financial Services,,1.026,21.0,44.4,2.4,0.55,1.6,-7.4,-14.0,24.8,1.05,0,3412,20261005
2712,ORC,Orchid Island Capital  Inc. Common Stock,Real Estate,,1.025,7.9,36.5,35.6,0.37,-9.5,-21.2,-30.5,5.05,1.17,0,3412,20261005
2713,III,Information Services Group  Inc. - Commo,Technology,,1.022,-6.4,50.8,1.4,0.51,8.4,14.5,-1.6,5.82,0.28,0,3412,20261005
2714,IMCR,Immunocore Holdings plc - American Depos,Healthcare,,1.022,6.5,42.9,13.2,0.44,-3.4,-21.2,-26.4,29.59,1.53,0,3412,20261005
2715,FOR,Forestar Group Inc Common Stock,Real Estate,,1.02,3.1,46.0,5.0,0.51,-3.6,-8.4,-20.7,25.35,1.33,0,3412,20261005
2716,EGAN,eGain Corporation - Common Stock,Technology,,1.02,-21.5,52.4,2.0,0.9,5.3,-16.0,-61.4,5.97,0.16,0,3412,20261005
2717,ENOV,Enovis Corporation Common Stock,Healthcare,,1.02,-36.5,46.0,36.7,0.62,2.9,-3.7,-43.1,18.69,1.04,0,3412,20261005
2718,BATRA,Atlanta Braves Holdings  Inc. - Series A,Communication Services,,1.02,24.0,42.9,3.4,0.44,-3.1,3.1,-3.1,57.74,3.81,0,3412,20261005
2719,LOMA,Loma Negra Compania Industrial Argentina,Basic Materials,,1.02,36.8,39.7,3.9,0.4,4.9,-3.6,-25.5,9.77,1.14,0,3412,20261005
2720,IE,Ivanhoe Electric Inc. Common Stock,Basic Materials,,1.018,-20.0,46.0,24.4,0.39,-2.9,5.1,-48.1,10.33,1.67,0,3412,20261005
2721,OCSL,Oaktree Specialty Lending Corporation - ,Financial Services,,1.018,9.9,44.4,5.6,0.4,-1.4,-9.9,-10.8,11.83,1.07,0,3412,20261005
2722,BOE,Blackrock Enhanced Global Dividend Trust,Financial Services,,1.017,15.5,46.0,1.7,0.46,-1.4,-6.8,-6.8,11.67,0.65,0,3412,20261005
2723,ABG,Asbury Automotive Group Inc Common Stock,Consumer Cyclical,,1.016,-14.4,42.9,50.3,0.56,-4.4,-20.2,-32.9,171.83,3.23,0,3412,20261005
2724,IQMX,IQM Quantum Computers Oyj - American Dep,Technology,,1.016,6.6,46.0,3.5,1.0,3.0,-2.2,-24.1,10.56,1.96,0,3412,20261005
2725,CMCL,Caledonia Mining Corporation Plc Common ,Basic Materials,,1.015,-26.6,50.8,4.7,0.42,4.5,-7.5,-34.7,24.34,0.46,0,3412,20261005
2726,SGRY,Surgery Partners  Inc. - Common Stock,Healthcare,,1.015,-33.2,46.0,33.7,0.61,-9.3,-5.9,-41.9,13.33,1.89,0,3412,20261005
2727,LEU,Centrus Energy Corp. Class A Common Stoc,Energy,,1.015,-51.2,42.9,111.2,0.55,0.8,-17.0,-67.6,141.44,2.89,0,3412,20261005
2728,ONT,Onterris  Inc. Common Stock,Industrials,,1.014,-37.1,49.2,11.5,0.76,-2.9,-19.2,-52.5,14.21,0.6,0,3412,20261005
2729,FBRT,Franklin BSP Realty Trust  Inc. Common S,Real Estate,,1.014,-15.5,46.0,19.5,0.98,-8.0,-27.7,-39.4,6.17,0.54,0,3412,20261005
2730,PONY,Pony AI Inc. - American Depositary Share,Technology,,1.014,-70.0,47.6,28.0,0.38,-12.0,-15.3,-74.2,6.11,3.08,0,3412,20261005
2731,GIL,Gildan Activewear  Inc. Class A Sub. Vot,Consumer Cyclical,,1.013,-9.0,38.1,83.4,0.83,-4.6,-24.2,-43.2,40.68,7.76,0,3412,20261005
2732,ISBA,Isabella Bank Corporation - Common stock,Financial Services,,1.012,15.5,46.0,1.6,0.56,-0.0,-4.6,-32.2,37.87,0.29,0,3412,20261005
2733,DOO,BRP Inc. - Common Subordinate Voting Sha,Consumer Cyclical,,1.012,-3.2,44.4,16.2,0.71,-2.9,-14.4,-32.3,55.0,3.89,0,3412,20261005
2734,RYAM,Rayonier Advanced Materials Inc. Common ,Basic Materials,,1.012,13.4,42.9,7.2,0.47,-14.8,-18.9,-40.9,6.94,0.58,0,3412,20261005
2735,FMS,Fresenius Medical Care AG American Depos,Healthcare,,1.011,-12.2,46.0,16.1,0.43,-1.3,0.8,-14.0,22.65,11.85,0,3412,20261005
2736,SFD,Smithfield Foods  Inc. - Common Stock,Consumer Defensive,,1.011,-1.5,39.7,43.7,0.54,-2.1,-15.0,-35.9,18.73,7.5,0,3412,20261005
2737,SLM,SLM Corporation - Common Stock,Financial Services,,1.011,-1.0,38.1,52.7,0.45,-0.7,-13.7,-25.0,22.74,4.45,0,3412,20261005
2738,BBSI,Barrett Business Services  Inc. - Common,Industrials,,1.01,-22.9,49.2,7.4,0.5,1.2,-7.7,-29.7,31.23,0.74,0,3412,20261005
2739,BHVN,Biohaven Ltd. Common Shares,Healthcare,,1.01,2.3,38.1,40.0,0.84,-2.3,-18.2,-28.4,12.97,2.01,0,3412,20261005
2740,NCV,Virtus Convertible & Income Fund Common ,Financial Services,,1.009,16.4,46.0,1.4,0.51,-0.1,-8.2,-14.4,15.05,0.35,0,3412,20261005
2741,PHR,Phreesia  Inc. Common Stock,Healthcare,,1.009,-51.4,50.8,7.2,0.37,2.7,-6.6,-56.5,10.37,0.62,0,3412,20261005
2742,FF,FutureFuel Corp.  Common shares,Basic Materials,,1.007,41.7,41.3,1.7,1.14,0.4,-3.6,-19.8,5.1,0.22,0,3412,20261005
2743,CZWI,Citizens Community Bancorp  Inc. - Commo,Financial Services,,1.007,40.1,42.9,1.2,0.67,0.9,-2.4,-11.0,21.31,0.2,0,3412,20261005
2744,EDD,Morgan Stanley Emerging Markets Domestic,Financial Services,,1.005,21.0,44.4,2.1,0.44,-6.1,-10.6,-12.7,5.24,0.34,0,3412,20261005
2745,CRML,Critical Metals Corp. - Ordinary Shares,Basic Materials,,1.005,-9.1,38.1,81.2,0.94,-1.8,2.0,-74.9,7.51,1.06,0,3412,20261005
2746,OEC,Orion S.A. Common Shares,Basic Materials,,1.004,-16.7,50.8,2.6,0.48,-0.3,-2.0,-29.1,5.85,0.34,0,3412,20261005
2747,OMAB,Grupo Aeroportuario del Centro Norte S.A,Industrials,,1.002,2.2,42.9,15.9,0.88,-6.8,-4.3,-27.6,94.98,4.89,0,3412,20261005
2748,IMUX,Immunic  Inc.  - Common Stock,Healthcare,,1.002,32.5,39.7,4.3,0.65,-15.1,-36.8,-52.2,8.07,0.11,0,3412,20261005
2749,NAVI,Navient Corporation - Common Stock,Financial Services,,1.002,-24.1,47.6,14.3,0.53,2.0,-3.0,-28.0,9.04,0.86,0,3412,20261005
2750,LIF,Life360  Inc. - Common Stock,Technology,,1.0,-59.3,47.6,24.8,0.77,6.5,-3.0,-61.6,42.57,3.47,0,3412,20261005
2751,DFDV,DeFi Development Corp. - Common Stock,Financial Services,,1.0,-62.5,49.2,14.3,0.87,-1.9,-10.0,-69.5,5.47,0.18,0,3412,20261005
2752,CPRI,Capri Holdings Limited Ordinary Shares,Consumer Cyclical,,0.999,-37.6,42.9,84.0,0.61,-2.0,9.4,-47.6,14.49,1.66,0,3412,20261005
2753,IVT,InvenTrust Properties Corp. Common Stock,Real Estate,,0.999,18.1,28.6,22.3,0.44,-3.1,-8.6,-19.0,29.76,2.37,0,3412,20261005
2754,YELP,Yelp Inc. Common Stock,Communication Services,,0.998,-30.2,46.0,28.7,0.43,5.2,-16.5,-45.3,18.5,0.95,0,3412,20261005
2755,HSAI,Hesai Group - American Depositary Share,Consumer Cyclical,,0.997,-33.2,47.6,16.9,0.43,2.1,-13.8,-44.7,15.91,19.33,0,3412,20261005
2756,BCC,Boise Cascade  L.L.C. Common Stock,Basic Materials,,0.995,-0.0,41.3,27.4,0.5,-2.3,-3.0,-17.1,74.84,2.65,0,3412,20261005
2757,ADV,Advantage Solutions Inc.  - Class A Comm,Communication Services,,0.995,-12.5,50.8,1.9,0.69,-14.3,-14.3,-41.5,27.37,0.41,0,3412,20261005
2758,TTAM,Titan America SA Common Shares,Basic Materials,,0.993,4.1,46.0,3.8,0.43,-1.9,-11.2,-30.1,13.5,2.55,0,3412,20261005
2759,CRF,Cornerstone Total Return Fund  Inc. (The,Financial Services,,0.993,-4.8,46.0,9.2,0.61,0.2,-5.2,-14.3,6.15,1.03,0,3412,20261005
2760,CII,BlackRock Enhanced Large Cap Core Fund  ,Financial Services,,0.993,23.4,44.4,1.6,0.41,0.8,-2.1,-7.0,24.06,1.05,0,3412,20261005
2761,WLK,Westlake Corporation Common Stock,Basic Materials,,0.993,-4.1,38.1,58.1,0.51,-3.3,-13.4,-47.0,64.61,8.54,0,3412,20261005
2762,THO,Thor Industries  Inc. Common Stock,Consumer Cyclical,,0.992,-26.6,42.9,66.1,0.46,-5.8,-11.3,-43.4,67.24,3.72,0,3412,20261005
2763,VRNS,Varonis Systems  Inc. - Common Stock,Technology,,0.992,-21.8,41.3,80.0,0.52,0.5,3.5,-23.9,48.15,5.5,0,3412,20261005
2764,WWW,Wolverine World Wide  Inc. Common Stock,Consumer Cyclical,,0.991,-24.8,47.6,13.6,0.36,-1.0,-3.1,-30.3,18.94,1.57,0,3412,20261005
2765,MS-PE,Morgan Stanley DEPOSITARY SHARES REP 1/1,Financial Services,,0.99,4.7,46.0,3.5,0.88,-2.2,-2.4,-2.9,24.83,,0,3412,20261005
2766,DUOT,Duos Technologies Group  Inc. - Common S,Technology,,0.99,15.7,42.9,5.2,1.06,2.2,4.7,-37.2,9.19,0.28,0,3412,20261005
2767,LYTS,LSI Industries Inc. - Common Stock,Technology,,0.99,-13.4,47.6,8.0,0.6,-0.6,3.6,-22.0,20.84,0.78,0,3412,20261005
2768,WRLD,World Acceptance Corporation - Common St,Financial Services,,0.989,11.6,41.3,11.1,0.59,2.9,-8.0,-21.2,176.28,0.8,0,3412,20261005
2769,RRGB,Red Robin Gourmet Burgers  Inc. - Common,Consumer Cyclical,,0.988,11.1,46.0,1.9,0.98,7.9,-2.2,-24.0,8.05,0.14,0,3412,20261005
2770,AEBI,Aebi Schmidt Holding AG - Common Stock,Industrials,,0.987,3.4,46.0,3.8,0.66,3.3,-11.4,-28.3,11.14,0.84,0,3412,20261005
2771,MS-PF,Morgan Stanley Dep Shs Rpstg 1/1000th In,Financial Services,,0.987,5.7,46.0,3.0,0.89,-4.6,-5.1,-5.2,24.02,,0,3412,20261005
2772,HHH,Howard Hughes Holdings Inc. Common Stock,Real Estate,,0.987,-24.7,42.9,61.2,0.62,-3.1,12.8,-20.2,71.66,4.24,0,3412,20261005
2773,FCPT,Four Corners Property Trust  Inc. Common,Real Estate,,0.986,8.1,36.5,28.9,0.53,-3.6,-14.8,-19.1,21.23,2.35,0,3412,20261005
2774,RCAT,Red Cat Holdings  Inc. - Common Stock,Industrials,,0.981,-25.9,42.9,61.2,0.47,-2.4,-25.7,-63.5,6.34,1.04,0,3412,20261005
2775,DRVN,Driven Brands Holdings Inc. - Common Sto,Consumer Cyclical,,0.98,-13.8,46.0,14.8,0.48,-0.9,-14.2,-31.8,11.65,1.92,0,3412,20261005
2776,RRR,Red Rock Resorts  Inc. - Class A Common ,Consumer Cyclical,,0.979,-4.4,36.5,64.9,0.5,1.2,-10.6,-24.1,51.06,3.0,0,3412,20261005
2777,VOR,Vor Biopharma Inc. - Common Stock,Healthcare,,0.977,-33.9,46.0,28.2,0.59,1.5,-23.3,-50.4,18.58,1.1,0,3412,20261005
2778,LZ,LegalZoom.com  Inc. - Common Stock,Industrials,,0.977,-37.5,47.6,16.3,0.6,7.7,-8.3,-46.3,5.87,1.01,0,3412,20261005
2779,ALHC,Alignment Healthcare  Inc. - Common Stoc,Healthcare,,0.976,-15.6,36.5,114.8,0.83,7.2,-37.2,-65.4,8.5,1.64,0,3412,20261005
2780,LPX,Louisiana-Pacific Corporation Common Sto,Industrials,,0.975,-23.5,41.3,76.6,0.31,-1.2,-3.6,-33.0,65.29,4.57,0,3412,20261005
2781,RTO,Rentokil Initial plc American Depositary,Industrials,,0.973,-5.5,39.7,46.1,0.62,-2.3,-16.7,-41.5,20.02,10.39,0,3412,20261005
2782,UMH,UMH Properties  Inc. Common Stock,Real Estate,,0.972,16.1,39.7,10.4,0.36,-1.2,-3.6,-7.7,15.37,1.31,0,3412,20261005
2783,CSIQ,Canadian Solar Inc. - Common Shares,Technology,,0.972,-11.4,44.4,22.0,0.34,7.4,-17.3,-66.7,11.19,0.77,0,3412,20261005
2784,GOLF,Acushnet Holdings Corp. Common Stock,Consumer Cyclical,,0.971,8.6,34.9,29.1,0.45,-0.5,-3.4,-29.4,83.39,4.87,0,3412,20261005
2785,NWN,Northwest Natural Holding Company Common,Utilities,,0.968,15.1,38.1,14.0,0.53,0.8,-4.5,-14.6,47.19,1.99,0,3412,20261005
2786,PUK,Prudential Public Limited Company Common,Financial Services,,0.967,4.5,38.1,27.4,0.4,-2.7,-13.5,-26.1,24.51,31.21,0,3412,20261005
2787,AORT,Artivion  Inc. Common Stock,Healthcare,,0.966,-36.9,47.6,15.4,0.41,-1.5,-11.7,-52.5,22.61,1.11,0,3412,20261005
2788,CAR,Avis Budget Group  Inc. - Common Stock,Industrials,,0.965,-13.3,41.3,51.6,0.57,2.9,-22.0,-84.9,107.98,3.77,0,3412,20261005
2789,DNP,DNP Select Income Fund  Inc. Common Stoc,Financial Services,,0.964,15.7,39.7,10.0,0.47,-2.5,-11.8,-13.6,9.48,3.52,0,3412,20261005
2790,MIY,Blackrock MuniYield Michigan Quality Fun,Financial Services,,0.963,16.3,46.0,1.0,0.6,-1.5,-11.0,-12.7,11.11,0.32,0,3412,20261005
2791,VYX,NCR Voyix Corporation Common Stock,Technology,,0.963,-28.9,46.0,23.1,0.41,0.1,-23.7,-46.4,6.84,0.94,0,3412,20261005
2792,USAU,U.S. Gold Corp. - Common Stock,Basic Materials,,0.962,-0.4,47.6,2.3,0.38,-3.5,-13.3,-36.8,14.28,0.26,0,3412,20261005
2793,CRSP,CRISPR Therapeutics AG - Common Shares,Healthcare,,0.962,-22.4,39.7,91.9,0.41,6.0,1.5,-25.3,57.34,5.36,0,3412,20261005
2794,WFC-PL,Wells Fargo & Company 7.50% Non-Cumulati,Financial Services,,0.961,-3.3,44.4,12.3,0.49,1.3,-4.7,-9.5,1084.99,,0,3412,20261005
2795,TREX,Trex Company  Inc. Common Stock,Industrials,,0.96,-16.7,39.7,74.0,0.44,-0.5,1.2,-17.5,44.21,4.56,0,3412,20261005
2796,CGBD,Carlyle Secured Lending  Inc. - Closed E,Financial Services,,0.96,0.8,46.0,4.4,0.57,-5.7,-8.7,-12.5,10.56,0.74,0,3412,20261005
2797,EFC,Ellington Financial Inc. Common Stock,Real Estate,,0.958,13.1,34.9,20.2,0.4,-5.7,-13.9,-15.3,11.5,1.51,0,3412,20261005
2798,ELA,Envela Corporation Common Stock,Consumer Cyclical,,0.956,73.7,30.2,1.7,0.66,-1.6,-12.3,-58.3,12.05,0.32,0,3412,20261005
2799,STNE,StoneCo Ltd. - Class A Common Share,Technology,,0.956,-31.4,42.9,60.3,0.96,24.5,11.8,-28.0,11.54,2.14,0,3412,20261005
2800,JJSF,J & J Snack Foods Corp. - Common Stock,Consumer Defensive,,0.956,-8.6,44.4,16.3,0.42,0.6,-9.0,-19.0,78.19,1.46,0,3412,20261005
2801,SARO,StandardAero  Inc. Common Stock,Industrials,,0.956,-9.9,33.3,93.1,0.42,-5.3,-14.6,-36.5,21.04,7.53,0,3412,20261005
2802,RFIL,RF Industries  Ltd. - Common Stock,Industrials,,0.956,25.7,41.3,2.9,0.7,6.3,-17.3,-60.8,8.42,0.09,0,3412,20261005
2803,IVR,INVESCO MORTGAGE CAPITAL INC Common Stoc,Real Estate,,0.955,11.8,33.3,23.7,0.32,-8.8,-19.7,-31.7,5.7,0.62,0,3412,20261005
2804,GLRE,Greenlight Reinsurance  Ltd. - Class A O,Financial Services,,0.954,23.6,42.9,2.1,0.33,-0.5,-4.8,-22.4,14.74,0.49,0,3412,20261005
2805,COOK,Traeger  Inc. Common Stock,Consumer Cyclical,,0.954,-19.7,50.8,2.1,0.82,17.9,9.9,-34.8,53.44,0.14,0,3412,20261005
2806,EEFT,Euronet Worldwide  Inc. - Common Stock,Technology,,0.953,-16.8,42.9,39.7,0.38,-1.0,-12.3,-27.9,64.25,2.38,0,3412,20261005
2807,MFA-PC,MFA Financial  Inc. 6.50% Series C Fixed,Real Estate,,0.952,5.4,47.6,1.1,0.73,2.4,-1.9,-2.4,22.52,,0,3412,20261005
2808,KYN,Kayne Anderson Energy Infrastructure Fun,Financial Services,,0.952,30.3,38.1,4.6,0.49,2.0,-5.6,-6.7,14.06,2.38,0,3412,20261005
2809,HIFS,Hingham Institution for Savings - Common,Financial Services,,0.951,12.3,39.7,11.8,0.35,-4.1,-4.5,-14.7,283.84,0.63,0,3412,20261005
2810,ZG,Zillow Group  Inc. - Class A Common Stoc,Communication Services,,0.95,-50.3,46.0,30.3,0.44,-0.1,-21.9,-62.3,28.13,6.33,0,3412,20261005
2811,RF-PF,Regions Financial Corporation Depositary,Financial Services,,0.949,5.1,47.6,1.1,0.71,-1.9,-2.4,-2.9,24.58,,0,3412,20261005
2812,GUG,Guggenheim Active Allocation Fund Common,Financial Services,,0.949,7.5,46.0,2.0,0.47,-0.8,-11.5,-15.6,13.71,0.46,0,3412,20261005
2813,MSDL,Morgan Stanley Direct Lending Fund Commo,Financial Services,,0.948,1.6,44.4,7.1,0.44,-4.2,-10.8,-16.5,13.56,1.21,0,3412,20261005
2814,TBBK,The Bancorp  Inc. - Common Stock,Financial Services,,0.947,-9.2,41.3,37.6,0.83,-1.7,-28.7,-39.8,48.33,2.06,0,3412,20261005
2815,RGNX,REGENXBIO Inc. - Common Stock,Healthcare,,0.947,-13.0,46.0,11.7,0.7,3.9,-15.7,-51.4,7.76,0.48,0,3412,20261005
2816,MTX,Minerals Technologies Inc. Common Stock,Basic Materials,,0.947,14.5,38.1,12.6,0.7,-1.0,-6.6,-19.8,66.2,2.08,0,3412,20261005
2817,CAE,CAE Inc - Common Shares,Industrials,,0.945,-14.3,44.4,22.0,0.43,-2.3,-3.2,-30.4,23.71,7.73,0,3412,20261005
2818,WDFC,WD-40 Company - Common Stock,Basic Materials,,0.945,9.1,33.3,26.0,1.02,1.0,-2.2,-22.3,205.86,2.74,0,3412,20261005
2819,EVTC,Evertec  Inc. Common Stock,Technology,,0.944,-6.9,44.4,14.1,0.45,5.9,-4.7,-10.5,29.12,1.69,0,3412,20261005
2820,EXP,Eagle Materials Inc Common Stock,Basic Materials,,0.943,-16.9,38.1,84.8,0.4,-3.4,-12.3,-29.5,169.82,5.31,0,3412,20261005
2821,DOLE,Dole plc Ordinary Shares,Consumer Defensive,,0.941,6.1,41.3,12.2,0.46,-1.4,-7.9,-20.9,12.8,1.19,0,3412,20261005
2822,AGNCP,AGNC Investment Corp. - Depositary Share,Real Estate,,0.94,9.2,46.0,1.6,0.64,-1.5,-2.5,-2.6,24.83,,0,3412,20261005
2823,DRUG,Bright Minds Biosciences Inc. - common s,Healthcare,,0.94,21.5,39.7,5.5,0.56,-3.6,-26.8,-48.1,49.79,0.49,0,3412,20261005
2824,SBGI,Sinclair  Inc. - Class A Common Stock,Communication Services,,0.939,2.1,44.4,6.4,0.44,-1.3,-9.3,-22.4,12.64,0.92,0,3412,20261005
2825,ACEL,Accel Entertainment  Inc.,Consumer Cyclical,,0.938,7.0,44.4,4.1,0.37,-1.2,-7.8,-18.9,10.88,0.9,0,3412,20261005
2826,MGEE,MGE Energy Inc. - Common Stock,Utilities,,0.937,-2.4,42.9,15.8,0.42,1.9,-9.4,-17.3,70.27,2.65,0,3412,20261005
2827,PGY,Pagaya Technologies Ltd. - Class A Ordin,Technology,,0.936,-26.3,42.9,49.4,0.5,8.2,-19.6,-39.3,18.4,1.56,0,3412,20261005
2828,JOBY,Joby Aviation  Inc. Common Stock,Industrials,,0.935,-61.4,39.7,153.6,0.48,-5.4,-15.9,-70.5,5.78,5.93,0,3412,20261005
2829,LINE,Lineage  Inc. - Common Stock,Real Estate,,0.933,0.0,36.5,37.9,0.39,-1.3,-8.7,-21.6,34.98,7.96,0,3412,20261005
2830,CGNT,Cognyte Software Ltd. - Ordinary Shares,Technology,,0.933,2.8,44.4,5.6,0.45,2.8,3.4,-28.3,8.77,0.64,0,3412,20261005
2831,FRBA,First Bank  - Common Stock,Financial Services,,0.932,16.6,44.4,1.6,0.39,0.1,-2.5,-7.0,17.69,0.43,0,3412,20261005
2832,FAX,abrdn Asia-Pacific Income Fund  Inc. Com,Financial Services,,0.932,1.5,46.0,3.1,0.57,-3.9,-12.7,-16.3,12.67,0.53,0,3412,20261005
2833,GUT,Gabelli Utility Trust (The) Common Stock,Financial Services,,0.931,17.4,44.4,1.5,0.55,-2.4,-11.9,-17.3,5.72,0.54,0,3412,20261005
2834,MAX,MediaAlpha  Inc. Class A Common Stock,Communication Services,,0.931,9.3,41.3,9.0,0.49,4.8,-21.1,-32.4,9.64,0.51,0,3412,20261005
2835,ROL,Rollins  Inc. Common Stock,Consumer Cyclical,SP500,0.931,-38.2,31.7,254.5,0.53,-2.9,-16.9,-54.4,29.69,14.45,0,3412,20261005
2836,PDO,PIMCO Dynamic Income Opportunities Fund ,Financial Services,,0.931,-3.7,42.9,16.8,0.51,1.0,-5.8,-13.3,11.79,1.69,0,3412,20261005
2837,XRAY,DENTSPLY SIRONA Inc. - Common Stock,Healthcare,,0.93,-10.5,39.7,48.5,0.32,-7.8,-25.1,-41.7,8.56,1.85,0,3412,20261005
2838,CFG-PH,Citizens Financial Group  Inc. Depositar,Financial Services,,0.93,2.6,47.6,1.2,0.7,0.8,-2.5,-3.2,25.32,,0,3412,20261005
2839,BALY,Bally's Corporation Common Stock,Consumer Cyclical,,0.929,-17.8,50.8,1.6,0.91,-1.5,34.7,-29.1,13.79,0.7,0,3412,20261005
2840,XPEV,XPeng Inc. American depositary shares  e,Consumer Cyclical,,0.929,-53.2,42.9,70.8,0.48,-5.5,-15.6,-66.5,9.4,9.53,0,3412,20261005
2841,MSIF,MSC Income Fund  Inc. Common Stock,Financial Services,,0.928,4.0,46.0,2.3,0.42,-2.3,-6.1,-10.0,11.69,0.56,0,3412,20261005
2842,ACET,Adicet Bio  Inc. - Common Stock,Healthcare,,0.928,-28.8,50.8,2.4,1.69,1.9,-31.4,-61.1,6.47,0.06,0,3412,20261005
2843,MNTN,MNTN  Inc. Class A Common Stock,Technology,,0.925,-26.4,47.6,9.4,0.55,-1.1,-25.1,-45.4,10.08,0.75,0,3412,20261005
2844,GAB,Gabelli Equity Trust  Inc. (The) Common ,Financial Services,,0.925,1.1,44.4,6.5,0.5,-2.3,-9.0,-13.2,5.18,1.79,0,3412,20261005
2845,ARHS,Arhaus  Inc. - Class A Common Stock,Consumer Cyclical,,0.925,-19.3,46.0,13.8,0.5,5.0,20.4,-10.6,10.11,1.34,0,3412,20261005
2846,JBTM,JBT Marel Corporation Common Stock,Industrials,,0.925,-17.7,39.7,65.4,0.46,-1.3,-6.7,-34.7,109.76,5.63,0,3412,20261005
2847,DGICA,Donegal Group  Inc. - Class A Common Sto,Financial Services,,0.924,4.3,46.0,2.2,0.36,1.2,-6.1,-11.1,18.24,0.67,0,3412,20261005
2848,BBW,Build-A-Bear Workshop  Inc. Common Stock,Consumer Cyclical,,0.924,-52.3,47.6,14.9,1.24,2.5,-10.6,-62.9,26.0,0.31,0,3412,20261005
2849,GOOS,Canada Goose Holdings Inc. Subordinate V,Consumer Cyclical,,0.923,-43.8,49.2,6.7,0.44,-0.7,-6.5,-47.8,7.62,0.76,0,3412,20261005
2850,AVA,Avista Corporation Common Stock,Utilities,,0.923,7.6,33.3,25.8,0.41,1.0,-6.6,-16.1,35.13,2.94,0,3412,20261005
2851,RPD,Rapid7  Inc. - Common Stock,Technology,,0.921,-38.5,46.0,22.2,0.49,4.7,7.8,-36.1,12.36,0.78,0,3412,20261005
2852,MYFW,First Western Financial  Inc. - Common S,Financial Services,,0.921,41.1,39.7,1.4,0.47,-1.7,-4.5,-12.2,30.01,0.3,0,3412,20261005
2853,WSC,WillScot Holdings Corporation - Class A ,Industrials,,0.921,-8.1,38.1,50.0,0.5,-4.5,-12.3,-41.1,17.07,3.24,0,3412,20261005
2854,PWP,Perella Weinberg Partners - Class A Comm,Financial Services,,0.92,-18.2,42.9,35.6,1.04,7.9,-6.7,-34.3,15.8,1.07,0,3412,20261005
2855,ARES-PB,Ares Management Corporation 6.75% Series,,,0.92,0.5,44.4,6.6,1.84,-0.2,-14.8,-26.1,38.45,,0,3412,20261005
2856,PHI,PLDT Inc. Sponsored ADR,Communication Services,,0.92,6.4,44.4,3.7,0.6,6.1,-1.4,-20.0,18.15,3.77,0,3412,20261005
2857,KEY-PL,KeyCorp Depositary Shares each represent,Financial Services,,0.919,4.8,46.0,2.0,1.28,-0.2,-1.0,-1.8,24.71,,0,3412,20261005
2858,NTLA,Intellia Therapeutics  Inc. - Common Sto,Healthcare,,0.918,-38.0,42.9,55.8,0.36,11.6,0.6,-54.4,12.75,1.73,0,3412,20261005
2859,REAL,The RealReal  Inc. - Common Stock,Consumer Cyclical,,0.918,-9.9,42.9,23.6,0.55,5.8,-7.4,-44.9,9.32,1.08,0,3412,20261005
2860,NEA,Nuveen AMT-Free Quality Municipal Income,Financial Services,,0.918,3.2,36.5,26.9,0.73,0.9,-10.8,-15.4,9.81,3.05,0,3412,20261005
2861,FLNC,Fluence Energy  Inc. - Class A Common St,Utilities,,0.917,-21.8,39.7,71.8,0.65,2.0,-25.0,-76.3,7.65,1.08,0,3412,20261005
2862,SRI,Stoneridge  Inc. Common Stock,Consumer Cyclical,,0.916,-4.7,49.2,1.1,0.52,-2.1,-8.7,-28.8,6.53,0.2,0,3412,20261005
2863,GLAS,Glass House Brands Inc. Subordinate Voti,Healthcare,,0.914,8.0,41.3,9.0,1.15,-21.9,-37.8,-60.6,5.35,0.5,0,3412,20261005
2864,DQ,DAQO New Energy Corp. American Depositar,Technology,,0.914,-57.4,49.2,7.6,0.45,1.3,-12.1,-69.1,11.04,0.75,0,3412,20261005
2865,GDOT,Green Dot Corporation Class A Common Sto,Financial Services,,0.913,1.6,44.4,5.6,0.57,1.7,-5.9,-7.8,12.52,0.7,0,3412,20261005
2866,MBUU,Malibu Boats  Inc. - Common Stock,Consumer Cyclical,,0.912,-17.3,47.6,6.0,0.4,-1.5,-14.6,-34.2,22.78,0.45,0,3412,20261005
2867,OXM,Oxford Industries  Inc. Common Stock,Consumer Cyclical,,0.912,-5.4,42.9,16.8,0.69,-1.8,-30.7,-46.4,25.38,0.39,0,3412,20261005
2868,ARQQ,Arqit Quantum Inc. - Ordinary Shares,Technology,,0.911,-57.6,49.2,7.5,0.65,-3.9,14.8,-59.4,23.68,0.42,0,3412,20261005
2869,GRML,Greenland Mines Ltd - Common Stock,Basic Materials,,0.911,-80.1,34.9,270.7,3.91,-38.1,63.8,-77.8,7.34,0.07,0,3412,20261005
2870,TY,Tri Continental Corporation Common Stock,Financial Services,,0.909,9.0,46.0,1.3,0.57,-0.5,-4.3,-5.2,34.2,1.85,0,3412,20261005
2871,PNR,Pentair plc. Ordinary Share,Industrials,SP500,0.909,-46.2,38.1,141.7,0.88,-0.5,-12.1,-52.6,52.78,8.46,0,3412,20261005
2872,UNMA,Unum Group 6.250% Junior Subordinated No,,,0.909,-5.7,49.2,1.1,1.64,-1.4,-1.0,-7.8,21.16,,0,3412,20261005
2873,CHI,Calamos Convertible Opportunities and In,Financial Services,,0.908,25.6,41.3,2.1,0.3,1.5,-7.9,-13.3,11.53,0.92,0,3412,20261005
2874,LINC,Lincoln Educational Services Corporation,Consumer Defensive,,0.906,11.2,33.3,17.9,0.69,2.2,-12.9,-60.1,22.2,0.7,0,3412,20261005
2875,XRN,Chiron Real Estate Inc. Common Stock,Real Estate,,0.905,17.8,41.3,3.8,0.33,-4.5,-7.4,-10.5,33.81,0.47,0,3412,20261005
2876,UE,Urban Edge Properties Common Shares of B,Real Estate,,0.903,8.4,36.5,17.0,0.36,-2.0,-7.8,-17.7,19.51,2.51,0,3412,20261005
2877,LMNR,Limoneira Co - Common Stock,Consumer Defensive,,0.901,2.3,46.0,2.2,0.72,-0.6,-20.1,-20.3,11.98,0.22,0,3412,20261005
2878,STWD,STARWOOD PROPERTY TRUST  INC. Starwood P,Real Estate,,0.901,-11.3,31.7,78.2,0.43,-9.4,-18.3,-27.4,12.98,5.32,0,3412,20261005
2879,UTF,Cohen & Steers Infrastructure Fund  Inc ,Financial Services,,0.901,16.6,34.9,11.1,0.43,5.3,-6.4,-10.3,25.17,2.7,0,3412,20261005
2880,BFAM,Bright Horizons Family Solutions Inc. Co,Consumer Cyclical,,0.901,-33.4,41.3,66.1,0.41,0.8,-9.7,-41.2,64.21,3.1,0,3412,20261005
2881,RDY,Dr. Reddy's Laboratories Ltd Common Stoc,Healthcare,,0.9,-14.5,41.3,38.5,0.41,-1.5,2.4,-19.9,12.32,10.25,0,3412,20261005
2882,PRTA,Prothena Corporation plc - Ordinary Shar,Healthcare,,0.9,-3.9,46.0,4.4,0.47,-5.2,-13.9,-28.1,8.27,0.43,0,3412,20261005
2883,SLSR,Solaris Resources Inc. Common Shares,Basic Materials,,0.9,25.2,42.9,1.2,0.43,2.3,-13.7,-36.0,7.12,1.19,0,3412,20261005
2884,SHEN,Shenandoah Telecommunications Co - Commo,Communication Services,,0.894,-4.2,42.9,14.4,1.39,-1.3,-10.8,-34.5,11.2,0.65,0,3412,20261005
2885,ARTNA,Artesian Resources Corporation - Class A,Utilities,,0.894,17.9,44.4,1.1,0.32,1.7,-7.9,-8.9,33.44,0.34,0,3412,20261005
2886,CARS,Cars.com Inc. Common Stock,Communication Services,,0.893,-3.1,44.4,7.4,0.47,-6.9,-17.7,-28.1,9.7,0.55,0,3412,20261005
2887,ZLAB,Zai Lab Limited - American Depositary Sh,Healthcare,,0.893,-20.2,44.4,21.1,0.59,-0.3,-5.1,-24.1,25.62,2.88,0,3412,20261005
2888,PDI,PIMCO Dynamic Income Fund Common Stock,Financial Services,,0.893,-13.9,36.5,68.2,0.48,2.2,-7.1,-20.3,14.2,6.54,0,3412,20261005
2889,ROCK,Gibraltar Industries  Inc. - Common Stoc,Industrials,,0.892,-31.0,46.0,15.7,0.48,-0.6,-11.9,-45.9,40.32,1.2,0,3412,20261005
2890,LEGN,Legend Biotech Corporation - American De,Healthcare,,0.892,-32.6,42.9,44.7,0.59,0.8,-13.7,-48.2,18.77,3.65,0,3412,20261005
2891,NUV,Nuveen Municipal Value Fund  Inc. Common,Financial Services,,0.891,2.8,41.3,11.4,0.86,-0.1,-8.3,-11.4,8.14,1.71,0,3412,20261005
2892,IDR,Idaho Strategic Resources  Inc. Common S,Basic Materials,,0.891,-9.6,46.0,6.3,0.39,-3.1,-11.3,-47.1,27.87,0.44,0,3412,20261005
2893,KRMN,Karman Holdings Inc. Common Stock,Industrials,,0.89,-44.8,36.5,149.5,0.78,-2.0,-18.5,-71.4,33.02,4.38,0,3412,20261005
2894,LE,Lands' End  Inc. - Common Stock,Consumer Cyclical,,0.89,-29.0,50.8,1.9,0.38,2.0,-1.8,-44.5,10.63,0.31,0,3412,20261005
2895,FDUS,Fidus Investment Corporation - Closed En,Financial Services,,0.89,4.1,42.9,6.5,0.61,0.0,-2.3,-7.5,19.13,0.77,0,3412,20261005
2896,CPNG,Coupang  Inc. Class A Common Stock,Consumer Cyclical,,0.89,-52.4,31.7,242.0,0.43,3.3,-8.4,-56.3,14.2,24.81,0,3412,20261005
2897,NHI,National Health Investors  Inc. Common S,Real Estate,,0.889,-5.3,39.7,29.1,0.38,-2.7,-9.6,-26.9,65.02,3.3,0,3412,20261005
2898,PRVA,Privia Health Group  Inc. - Common Stock,Healthcare,,0.887,-15.5,42.9,26.1,0.47,2.9,-1.1,-27.2,20.45,2.48,0,3412,20261005
2899,CSGP,CoStar Group  Inc. - Common Stock,Real Estate,SP500,0.887,-62.2,36.5,180.6,0.63,2.4,-12.7,-67.4,27.66,11.23,0,3412,20261005
2900,MFA,MFA Financial  Inc.,Real Estate,,0.887,7.9,36.5,16.2,0.36,-8.2,-17.1,-26.6,7.35,0.74,0,3412,20261005
2901,MZTI,The Marzetti Company - Common Stock,Consumer Defensive,,0.886,-36.8,42.9,46.7,0.51,-1.6,-5.8,-41.9,99.49,2.79,0,3412,20261005
2902,OTEX,Open Text Corporation - Common Shares,Technology,,0.884,-32.0,44.4,27.4,0.42,1.3,-8.4,-40.9,22.5,5.5,0,3412,20261005
2903,DORM,Dorman Products  Inc. - Common Stock,Consumer Cyclical,,0.883,-16.8,42.9,27.3,0.9,-0.2,-4.8,-21.9,123.44,3.65,0,3412,20261005
2904,BAFN,BayFirst Financial Corp. - Common Stock,Financial Services,,0.882,-28.6,50.8,1.7,1.86,20.3,7.6,-25.5,7.75,0.19,0,3412,20261005
2905,WMK,Weis Markets  Inc. Common Stock,Consumer Defensive,,0.881,1.3,39.7,16.6,0.81,1.5,3.6,-10.4,74.01,1.8,0,3412,20261005
2906,ASG,Liberty All-Star Growth Fund  Inc.,Financial Services,,0.881,-1.4,47.6,1.3,0.49,2.0,0.2,-6.0,5.16,0.32,0,3412,20261005
2907,RH,RH Common Stock,Consumer Cyclical,,0.88,-28.1,34.9,115.7,0.44,-3.8,-19.9,-49.6,117.45,2.29,0,3412,20261005
2908,GRRR,Gorilla Technology Group Inc. - Ordinary,Technology,,0.879,-26.7,47.6,6.7,0.98,-10.6,-10.7,-43.8,12.25,0.37,0,3412,20261005
2909,OLMA,Olema Pharmaceuticals  Inc. - Common Sto,Healthcare,,0.878,-3.7,42.9,12.4,0.44,-4.2,-23.1,-77.0,8.25,0.77,0,3412,20261005
2910,BNY-PK,The Bank Of New York Mellon Corporation ,Financial Services,,0.875,2.1,46.0,1.9,1.33,0.2,-2.3,-3.7,24.23,,0,3412,20261005
2911,UPST,Upstart Holdings  Inc. - Common stock,Financial Services,,0.875,-46.1,38.1,113.7,0.37,5.7,-14.6,-53.8,24.35,2.32,0,3412,20261005
2912,SPT,Sprout Social  Inc - Class A Common Stoc,Technology,,0.874,-9.5,44.4,11.0,0.42,7.6,-10.4,-18.4,10.19,0.58,0,3412,20261005
2913,TDOC,Teladoc Health  Inc. Common Stock,Healthcare,,0.873,-23.7,44.4,21.1,0.74,-1.7,-10.5,-40.4,5.79,1.11,0,3412,20261005
2914,VERX,Vertex  Inc. - Class A Common Stock,Technology,,0.873,-44.3,46.0,17.4,0.51,11.0,-10.9,-52.7,12.28,1.84,0,3412,20261005
2915,TAC,TransAlta Corporation Ordinary Shares,Utilities,,0.873,-12.8,42.9,21.8,0.62,5.6,5.6,-28.9,12.47,3.65,0,3412,20261005
2916,WLDN,Willdan Group  Inc. - Common Stock,Industrials,,0.872,-6.9,42.9,14.7,0.45,-4.7,-15.5,-45.5,73.58,1.18,0,3412,20261005
2917,LKFT,Lakefront Biotherapeutics - American Dep,Healthcare,,0.871,-19.1,46.0,9.8,0.57,-1.1,1.7,-21.6,29.51,1.93,0,3412,20261005
2918,MPAA,Motorcar Parts of America  Inc. - Common,Consumer Cyclical,,0.87,-26.3,50.8,1.4,0.52,0.9,-9.9,-40.1,10.62,0.2,0,3412,20261005
2919,DRS,Leonardo DRS  Inc. - Common Stock,Industrials,,0.87,-16.5,41.3,34.9,0.46,-0.2,-1.1,-26.3,36.6,9.81,0,3412,20261005
2920,GRFS,Grifols  S.A. - American Depositary Shar,Healthcare,,0.866,-20.3,47.6,4.9,0.97,0.0,-6.0,-24.5,7.41,4.97,0,3412,20261005
2921,CSV,Carriage Services  Inc. Common Stock,Consumer Cyclical,,0.861,-27.3,47.6,6.2,0.61,2.9,-4.7,-37.4,32.28,0.5,0,3412,20261005
2922,AZ,A2Z Cust2Mate Solutions Corp. - Common S,Technology,,0.86,-20.0,49.2,2.2,1.05,16.7,4.0,-27.6,6.23,0.24,0,3412,20261005
2923,TNC,Tennant Company Common Stock,Industrials,,0.859,-12.5,44.4,12.2,0.52,-0.2,-3.2,-25.0,68.07,1.15,0,3412,20261005
2924,PAC,Grupo Aeroportuario Del Pacifico  S.A. B,Industrials,,0.859,-10.2,39.7,32.9,0.51,-1.8,0.8,-30.1,210.0,12.58,0,3412,20261005
2925,CHA,Chagee Holdings Limited - American Depos,Consumer Cyclical,,0.859,-29.4,46.0,12.5,0.83,-2.3,-1.5,-31.9,11.19,2.23,0,3412,20261005
2926,BGB,Blackstone Strategic Credit 2027 Term Fu,Financial Services,,0.858,-0.4,46.0,2.2,0.5,-0.3,-1.8,-3.0,11.05,0.5,0,3412,20261005
2927,MRBK,Meridian Corporation - Common Stock,Financial Services,,0.858,31.6,39.7,1.5,0.62,-1.2,-3.1,-8.5,18.88,0.23,0,3412,20261005
2928,OPRX,OptimizeRx Corporation - Common Stock,Healthcare,,0.858,-54.8,52.4,1.3,0.71,11.7,9.7,-59.8,8.72,0.14,0,3412,20261005
2929,PRTH,Priority Technology Holdings  Inc. - Com,Technology,,0.858,-20.6,44.4,16.9,2.59,0.1,43.5,-0.3,7.78,0.64,0,3412,20261005
2930,ZUMZ,Zumiez Inc. - Common Stock,Consumer Cyclical,,0.858,-12.1,46.0,6.0,0.69,-2.9,-22.4,-55.2,13.73,0.22,0,3412,20261005
2931,ATH-PA,Athene Holding Ltd. Depositary Shares  E,Financial Services,,0.858,-1.7,46.0,2.4,1.18,-2.3,-4.1,-6.2,22.9,,0,3412,20261005
2932,AVK,Advent Convertible and Income Fund,Financial Services,,0.857,6.9,44.4,2.2,0.37,1.2,-6.6,-11.0,11.54,0.51,0,3412,20261005
2933,BKKT,Bakkt  Inc. Class A Common Stock,Technology,,0.855,-80.9,47.6,11.1,0.57,-5.4,-9.7,-83.2,7.57,0.37,0,3412,20261005
2934,ARVN,Arvinas  Inc. - Common Stock,Healthcare,,0.855,0.4,42.9,7.4,0.66,-0.7,-19.9,-46.1,7.46,0.48,0,3412,20261005
2935,QDEL,QuidelOrtho Corporation - Common Stock,Healthcare,,0.854,-56.4,46.0,18.3,0.54,12.1,-12.8,-65.7,12.14,0.73,0,3412,20261005
2936,LBTYK,Liberty Global Ltd. - Class C Common Sha,Communication Services,,0.854,-12.3,42.9,19.0,0.57,-3.6,-15.4,-30.5,8.8,3.0,0,3412,20261005
2937,BKSY,BlackSky Technology Inc. Class A Common ,Industrials,,0.853,-15.3,42.9,21.5,0.33,-6.9,3.6,-58.6,21.37,0.9,0,3412,20261005
2938,AQN,Algonquin Power & Utilities Corp. Common,Utilities,,0.853,-0.1,36.5,24.9,0.42,1.2,-9.5,-25.8,5.07,3.89,0,3412,20261005
2939,KYIV,Kyivstar Group Ltd. - Common Shares,Communication Services,,0.853,18.5,38.1,4.8,0.54,-1.5,-11.9,-22.3,12.57,2.9,0,3412,20261005
2940,PHAT,Phathom Pharmaceuticals  Inc. - Common S,Healthcare,,0.852,-23.4,46.0,10.3,0.7,-8.8,-26.0,-62.9,6.7,0.57,0,3412,20261005
2941,RA,Brookfield Real Assets Income Fund Inc. ,Financial Services,,0.852,1.7,44.4,3.4,0.64,-1.0,-9.0,-12.0,11.42,0.65,0,3412,20261005
2942,MHD,Blackrock MuniHoldings Fund  Inc. Common,Financial Services,,0.85,1.9,41.3,9.7,0.77,-1.7,-10.1,-14.9,10.1,0.53,0,3412,20261005
2943,TR,Tootsie Roll Industries  Inc. Common Sto,Consumer Defensive,,0.85,-6.1,44.4,6.9,0.45,-0.4,-3.1,-15.9,37.61,2.86,0,3412,20261005
2944,CWK,Cushman & Wakefield Ltd. Common Shares,Real Estate,,0.848,-14.1,41.3,28.5,0.47,-0.1,-12.1,-31.1,11.85,2.83,0,3412,20261005
2945,AVNW,Aviat Networks  Inc. - Common Stock,Technology,,0.848,-13.9,47.6,2.9,0.51,3.7,6.3,-23.2,20.54,0.25,0,3412,20261005
2946,BA-PA,Boeing Company (The) Depositary Shares  ,,,0.848,-2.5,36.5,28.5,1.23,2.6,-8.4,-22.9,60.07,,0,3412,20261005
2947,THQ,abrdn Healthcare Opportunities Fund Shar,Financial Services,,0.846,23.9,39.7,2.2,0.58,-4.0,-10.9,-10.9,17.75,0.77,0,3412,20261005
2948,XFLT,XAI Floating Rate & Alternative Income T,Financial Services,,0.846,-16.4,49.2,1.5,0.55,0.7,1.7,-14.7,19.3,0.29,0,3412,20261005
2949,VNET,VNET Group  Inc. - American Depositary S,Technology,,0.846,-45.3,44.4,27.2,0.61,-8.9,-11.4,-61.2,5.45,1.89,0,3412,20261005
2950,ATS,ATS Corporation Common Shares,Industrials,,0.845,-25.6,47.6,5.1,0.74,-1.5,-5.3,-47.6,18.53,1.8,0,3412,20261005
2951,GENC,Gencor Industries  Inc. Common Stock,Industrials,,0.845,27.9,41.3,1.1,0.72,2.1,-2.5,-11.6,17.68,0.25,0,3412,20261005
2952,BMRC,Bank of Marin Bancorp - Common Stock,Financial Services,,0.844,18.7,38.1,4.5,0.53,-0.2,0.3,-9.5,27.42,0.44,0,3412,20261005
2953,BCBP,BCB Bancorp  Inc. (NJ) - Common Stock,Financial Services,,0.844,5.9,42.9,4.0,1.38,-1.1,-2.2,-26.2,8.46,0.26,0,3412,20261005
2954,DTIL,Precision BioSciences  Inc. - Common Sto,Healthcare,,0.844,36.0,36.5,1.7,0.51,1.1,-14.4,-32.0,6.31,0.17,0,3412,20261005
2955,NAC,Nuveen California Quality Municipal Inco,Financial Services,,0.843,6.0,34.9,16.0,0.98,-2.7,-12.8,-17.0,9.99,1.67,0,3412,20261005
2956,WHR,Whirlpool Corporation Common Stock,Consumer Cyclical,,0.842,-50.3,38.1,99.7,0.39,-4.4,-22.0,-67.2,30.03,2.05,0,3412,20261005
2957,ALTG,Alta Equipment Group Inc. Class A Common,Industrials,,0.841,-14.6,49.2,1.3,0.47,11.6,12.6,-22.3,6.45,0.19,0,3412,20261005
2958,MBC,MasterBrand  Inc. Common Stock,Consumer Cyclical,,0.84,-39.0,44.4,24.3,0.67,0.3,-14.6,-49.5,6.98,1.42,0,3412,20261005
2959,MQY,Blackrock MuniYield Quality Fund  Inc. C,Financial Services,,0.84,-1.1,41.3,11.9,0.69,-1.6,-9.5,-14.6,9.85,0.71,0,3412,20261005
2960,NPFD,Nuveen Variable Rate Preferred & Income ,Financial Services,,0.84,3.4,46.0,1.2,0.69,1.2,-7.2,-7.5,17.41,0.42,0,3412,20261005
2961,MATW,Matthews International Corporation - Cla,Industrials,,0.839,-12.9,41.3,25.8,1.08,-1.0,-8.4,-33.0,19.33,0.6,0,3412,20261005
2962,GNTX,Gentex Corporation - Common Stock,Consumer Cyclical,,0.839,-16.3,38.1,48.5,0.38,-1.9,-4.1,-18.9,21.91,4.62,0,3412,20261005
2963,COLL,Collegium Pharmaceutical  Inc. - Common ,Healthcare,,0.839,-30.9,44.4,20.6,0.53,-3.4,-7.7,-56.1,21.87,0.68,0,3412,20261005
2964,NOMD,Nomad Foods Limited Ordinary Shares,Consumer Defensive,,0.838,-9.0,42.9,13.9,0.65,0.3,-7.0,-16.5,10.69,1.5,0,3412,20261005
2965,PAR,PAR Technology Corporation Common Stock,Technology,,0.833,-50.5,46.0,15.4,0.36,7.2,-22.6,-63.2,14.62,0.58,0,3412,20261005
2966,OTF,Blue Owl Technology Finance Corp. Common,Financial Services,,0.833,-10.5,41.3,21.6,0.36,-7.6,-17.4,-31.0,9.44,4.71,0,3412,20261005
2967,TU,Telus Corporation Ordinary Shares,Communication Services,,0.831,-34.4,39.7,61.4,0.61,-5.7,-19.1,-47.3,7.88,13.36,0,3412,20261005
2968,RIV,RiverNorth Opportunities Fund  Inc. Comm,Financial Services,,0.831,3.3,46.0,1.2,0.81,0.2,-4.7,-9.7,10.4,0.28,0,3412,20261005
2969,PATK,Patrick Industries  Inc. - Common Stock,Consumer Cyclical,,0.831,-20.2,39.7,44.1,0.39,-3.5,-18.4,-53.7,66.59,2.18,0,3412,20261005
2970,NZF,Nuveen Municipal Credit Income Fund,Financial Services,,0.83,1.3,38.1,15.9,0.71,0.3,-9.8,-14.4,10.75,2.21,0,3412,20261005
2971,HE,Hawaiian Electric Industries  Inc. Commo,Utilities,,0.828,-0.2,28.6,29.5,0.49,-1.6,-20.6,-48.4,8.81,1.54,0,3412,20261005
2972,SPIR,Spire Global  Inc. Class A Common Stock,Industrials,,0.828,-9.4,44.4,7.8,0.54,-7.2,-8.3,-57.3,10.89,0.47,0,3412,20261005
2973,WEN,Wendy's Company (The) - Common Stock,Consumer Cyclical,,0.827,-10.9,36.5,41.3,0.74,-4.5,-22.6,-32.5,6.1,1.22,0,3412,20261005
2974,ADUR,Aduro Clean Technologies Inc. - Common S,Industrials,,0.826,1.3,44.4,3.0,0.61,-1.5,-12.6,-30.2,12.13,0.44,0,3412,20261005
2975,BCSF,Bain Capital Specialty Finance  Inc. Com,Financial Services,,0.826,-6.6,44.4,6.3,0.44,-2.1,-8.2,-20.4,10.9,0.73,0,3412,20261005
2976,MESO,Mesoblast Limited - American Depositary ,Healthcare,,0.826,0.7,44.4,3.2,0.61,-1.9,-17.0,-32.2,14.22,1.85,0,3412,20261005
2977,PHG,Koninklijke Philips N.V. NY Registry Sha,Healthcare,,0.825,-2.5,38.1,21.1,0.82,-4.8,-8.2,-24.5,23.91,24.0,0,3412,20261005
2978,SSYS,Stratasys  Ltd. - Common Stock,Technology,,0.824,-32.9,47.6,5.5,0.56,2.1,10.4,-31.0,8.58,0.72,0,3412,20261005
2979,LZB,La-Z-Boy Incorporated Common Stock,Consumer Cyclical,,0.823,-4.5,38.1,24.2,0.65,-1.0,-7.6,-29.4,29.52,1.18,0,3412,20261005
2980,STC,Stewart Information Services Corporation,Financial Services,,0.822,-1.7,38.1,19.6,0.65,-11.7,-27.0,-32.6,50.83,1.81,0,3412,20261005
2981,ALMU,Aeluma  Inc. - Common Stock,Technology,,0.821,-23.9,46.0,8.3,0.57,2.5,1.9,-58.5,13.08,0.25,0,3412,20261005
2982,SOUN,SoundHound AI  Inc. - Class A Common Sto,Technology,,0.821,-62.2,36.5,116.0,0.47,0.9,-12.8,-72.5,5.88,2.69,0,3412,20261005
2983,RMR,The RMR Group Inc. - Class A Common Stoc,Real Estate,,0.82,35.2,34.9,1.8,0.42,-5.8,-10.1,-18.4,17.44,0.32,0,3412,20261005
2984,ADMA,ADMA Biologics Inc - Common Stock,Healthcare,,0.82,-34.1,42.9,31.6,0.55,-0.1,5.5,-50.4,10.11,2.27,0,3412,20261005
2985,CLBT,Cellebrite DI Ltd. - Ordinary Shares,Technology,,0.819,-36.4,42.9,32.8,1.57,1.2,-6.2,-42.7,11.2,2.83,0,3412,20261005
2986,SNN,Smith & Nephew SNATS  Inc. Common Stock,Healthcare,,0.819,-19.4,39.7,40.0,0.49,-0.6,-6.2,-26.5,26.92,11.26,0,3412,20261005
2987,BCML,BayCom Corp - Common Stock,Financial Services,,0.817,13.3,42.9,1.7,0.39,0.5,1.9,-10.9,31.01,0.34,0,3412,20261005
2988,WGO,Winnebago Industries  Inc. Common Stock,Consumer Cyclical,,0.814,-9.0,41.3,17.0,0.4,-7.4,-16.8,-48.7,25.0,0.76,0,3412,20261005
2989,NRK,Nuveen New York AMT-Free Quality Municip,Financial Services,,0.812,5.2,41.3,5.3,0.62,0.5,-8.4,-13.8,9.17,0.84,0,3412,20261005
2990,JBGS,JBG SMITH Properties Common Shares,Real Estate,,0.811,-44.4,46.0,12.4,0.89,6.5,-7.8,-48.8,10.83,0.62,0,3412,20261005
2991,MSEX,Middlesex Water Company - Common Stock,Utilities,,0.811,13.9,34.9,7.4,0.77,1.2,-9.3,-12.0,53.07,1.01,0,3412,20261005
2992,NGVC,Natural Grocers by Vitamin Cottage  Inc.,Consumer Defensive,,0.81,-30.8,47.6,4.7,0.58,-1.8,10.7,-24.4,30.16,0.68,0,3412,20261005
2993,BHK,Blackrock Core Bond Trust,Financial Services,,0.81,-2.0,44.4,3.8,0.65,-2.4,-10.2,-13.0,8.05,0.6,0,3412,20261005
2994,FUN,Six Flags Entertainment Corporation Comm,Consumer Cyclical,,0.809,-35.7,42.9,30.6,0.57,5.1,-19.3,-54.6,12.13,1.11,0,3412,20261005
2995,UTI,Universal Technical Institute Inc Common,Consumer Defensive,,0.807,-31.3,41.3,39.0,0.65,3.8,-11.3,-62.6,19.17,1.12,0,3412,20261005
2996,FWONA,Liberty Media Corporation - Series A Com,Communication Services,,0.805,-6.0,39.7,18.8,0.57,1.0,-2.5,-11.9,87.49,20.98,0,3412,20261005
2997,AGO,Assured Guaranty Ltd. Common Stock,Financial Services,,0.805,-9.0,33.3,40.2,0.48,-0.4,-8.8,-23.9,69.13,3.05,0,3412,20261005
2998,PCLA,PicoCELA Inc. - American Depositary Shar,Communication Services,,0.802,-52.3,47.6,6.6,2.68,-7.2,0.9,-53.7,6.6,0.07,0,3412,20261005
2999,GDS,GDS Holdings Limited - American Deposita,Technology,,0.802,-24.7,39.7,43.0,0.52,-7.5,-5.9,-38.4,29.29,5.97,0,3412,20261005
3000,MMI,Marcus & Millichap  Inc. Common Stock,Real Estate,,0.801,12.5,38.1,5.5,0.6,-1.1,-10.9,-12.6,28.62,1.08,0,3412,20261005
3001,TPB,Turning Point Brands  Inc. Common Stock,Consumer Defensive,,0.8,-20.2,41.3,28.3,0.6,-4.6,-25.1,-59.6,57.61,1.24,0,3412,20261005
3002,NXRT,NexPoint Residential Trust  Inc. Common ,Real Estate,,0.799,-21.0,42.9,20.0,1.21,-6.2,-21.5,-38.8,18.61,0.53,0,3412,20261005
3003,RQI,Cohen & Steers Quality Income Realty Fun,Financial Services,,0.798,6.2,38.1,8.6,0.49,-0.6,-10.2,-18.1,10.93,1.5,0,3412,20261005
3004,BBCP,Concrete Pumping Holdings  Inc.  - Commo,Industrials,,0.798,28.2,36.5,1.9,0.68,-0.7,8.6,-18.4,9.83,0.49,0,3412,20261005
3005,CTEV,Claritev Corporation Class A Common Stoc,Healthcare,,0.797,-15.8,46.0,4.7,0.47,9.8,-36.9,-65.4,24.68,0.36,0,3412,20261005
3006,USNA,USANA Health Sciences  Inc. Common Stock,Consumer Defensive,,0.797,-47.4,49.2,2.8,0.6,0.2,2.9,-45.3,14.85,0.27,0,3412,20261005
3007,NVG,Nuveen AMT-Free Municipal Credit Income ,Financial Services,,0.795,3.4,33.3,15.6,0.73,-0.5,-12.7,-19.6,10.43,2.42,0,3412,20261005
3008,GS-PD,Goldman Sachs Group  Inc. (The) Dep Shs ,Financial Services,,0.793,-8.1,46.0,2.6,0.51,-0.4,1.0,-7.3,18.83,,0,3412,20261005
3009,NBB,Nuveen Taxable Municipal Income Fund Com,Financial Services,,0.792,0.8,46.0,1.2,0.52,0.2,-8.8,-10.8,14.08,0.42,0,3412,20261005
3010,SSTI,SoundThinking  Inc. - Common Stock,Technology,,0.792,-49.2,49.2,2.7,3.27,52.1,36.8,-31.0,8.32,0.07,0,3412,20261005
3011,IMXI,International Money Express  Inc. - Comm,Technology,,0.79,3.1,39.7,7.9,1.19,1.1,-18.5,-26.1,11.78,0.35,0,3412,20261005
3012,SUPN,Supernus Pharmaceuticals  Inc. - Common ,Healthcare,,0.788,-8.3,36.5,29.3,0.83,-4.1,-2.8,-25.0,42.76,2.48,0,3412,20261005
3013,ADTN,ADTRAN Holdings  Inc. - Common Stock,Technology,,0.788,-23.0,44.4,12.4,0.52,5.1,0.0,-63.1,7.15,0.55,0,3412,20261005
3014,PMT,PennyMac Mortgage Investment Trust Commo,Real Estate,,0.785,-12.3,41.3,17.8,0.47,-2.5,-18.3,-38.7,7.87,0.74,0,3412,20261005
3015,AMSC,American Superconductor Corporation - Co,Industrials,,0.783,-51.0,44.4,20.7,0.3,2.4,3.3,-55.0,29.98,1.41,0,3412,20261005
3016,TRIP,TripAdvisor  Inc. - Common Stock,Consumer Cyclical,,0.783,-40.7,41.3,39.9,0.49,4.5,-5.4,-47.4,8.79,0.99,0,3412,20261005
3017,CALX,Calix  Inc Common Stock,Technology,,0.781,-39.2,41.3,39.3,0.56,3.5,-7.4,-49.8,34.34,2.16,0,3412,20261005
3018,DBVT,DBV Technologies S.A. - American Deposit,Healthcare,,0.78,11.8,38.1,4.8,1.11,-10.3,-23.8,-57.5,10.44,0.7,0,3412,20261005
3019,EFT,Eaton Vance Floating Rate Income Trust C,Financial Services,,0.777,-2.8,46.0,1.4,1.04,1.1,-1.1,-5.5,10.52,0.29,0,3412,20261005
3020,NCDL,Nuveen Churchill Direct Lending Corp. Co,Financial Services,,0.777,-2.0,44.4,2.9,0.57,-6.0,-13.0,-24.0,10.94,0.58,0,3412,20261005
3021,CLPT,ClearPoint Neuro Inc. - Common Stock,Healthcare,,0.776,-43.9,46.0,9.9,0.71,-24.8,-18.0,-61.1,11.52,0.37,0,3412,20261005
3022,EBS,Emergent BioSolutions Inc. Common Stock,Healthcare,,0.775,-32.2,46.0,7.7,0.7,5.5,16.2,-47.9,7.24,0.33,0,3412,20261005
3023,NNE,Nano Nuclear Energy Inc. - common stock,Industrials,,0.774,-57.7,42.9,32.8,0.33,-4.0,-12.1,-72.6,15.51,0.91,0,3412,20261005
3024,FTHY,First Trust High Yield Opportunities 202,Financial Services,,0.774,2.2,44.4,1.8,0.41,-1.7,-4.9,-6.0,12.63,0.46,0,3412,20261005
3025,YDES,YD Bio Limited - Ordinary Shares,Healthcare,,0.774,-81.0,49.2,3.0,1.59,0.0,93.7,-64.6,7.11,0.5,0,3412,20261005
3026,VEL,Velocity Financial  Inc. Common Stock,Financial Services,,0.774,2.2,42.9,3.4,0.6,-3.7,-20.5,-29.5,14.63,0.61,0,3412,20261005
3027,MS-PA,Morgan Stanley Dep Shs repstg 1/1000 Pfd,Financial Services,,0.77,-8.6,46.0,2.3,0.45,-1.4,0.6,-7.6,18.94,,0,3412,20261005
3028,ATH-PE,Athene Holding Ltd. Depositary Shares  E,Financial Services,,0.768,2.7,44.4,1.6,0.84,-0.7,-2.6,-3.2,24.6,,0,3412,20261005
3029,CHPT,ChargePoint Holdings  Inc. Common Stock,Consumer Cyclical,,0.767,-19.8,42.9,15.6,3.33,2.2,-1.7,-27.6,8.93,0.27,0,3412,20261005
3030,VEEA,Veea Inc. - Common Stock,Technology,,0.766,-89.2,34.9,104.0,4.24,100.0,226.9,-69.0,5.72,0.01,0,3412,20261005
3031,NEWT,NewtekOne  Inc. - Common Stock,Financial Services,,0.766,16.9,38.1,2.7,0.41,-0.4,-9.4,-28.3,11.15,0.33,0,3412,20261005
3032,CRBP,Corbus Pharmaceuticals Holdings  Inc. - ,Healthcare,,0.766,-11.9,42.9,10.7,1.56,-15.5,-49.0,-69.8,5.85,0.12,0,3412,20261005
3033,GYRE,Gyre Therapeutics  Inc. - Common Stock,Healthcare,,0.766,-14.4,47.6,1.6,1.48,-1.9,14.1,-17.1,7.35,0.75,0,3412,20261005
3034,SAFE,Safehold Inc. New Common Stock,Real Estate,,0.765,1.2,39.7,8.3,0.68,-2.5,-21.0,-30.7,11.9,0.87,0,3412,20261005
3035,FRA,Blackrock Floating Rate Income Strategie,Financial Services,,0.765,-4.8,46.0,1.6,0.39,-1.4,-5.9,-10.8,10.29,0.37,0,3412,20261005
3036,MI,NFT Limited Class A Ordinary Share,Consumer Cyclical,,0.764,-31.1,36.5,58.2,7.66,195.4,186.9,-64.7,7.0,0.0,0,3412,20261005
3037,KLAR,Klarna Group plc Ordinary Shares,Financial Services,,0.764,-64.7,38.1,72.0,0.88,5.5,-9.1,-69.0,13.09,4.96,0,3412,20261005
3038,ALL-PJ,Allstate Corporation (The) Depositary Sh,Financial Services,,0.764,2.5,44.4,1.6,0.66,-2.8,-2.0,-3.0,25.4,,0,3412,20261005
3039,PRKS,United Parks & Resorts Inc. Common Stock,Consumer Cyclical,,0.763,-25.6,41.3,27.0,0.48,7.3,-15.3,-37.7,34.39,1.48,0,3412,20261005
3040,LADR,Ladder Capital Corp Class A Common Stock,Real Estate,,0.76,-2.0,38.1,13.8,0.42,-5.2,-13.2,-20.5,8.52,1.08,0,3412,20261005
3041,CCD,Calamos Dynamic Convertible & Income Fun,Financial Services,,0.759,23.9,38.1,1.5,0.3,2.2,-5.6,-12.9,22.9,0.65,0,3412,20261005
3042,AFYA,Afya Limited - Class A Common Shares,Consumer Defensive,,0.758,0.2,41.3,6.1,1.21,10.5,-9.6,-16.1,13.31,1.07,0,3412,20261005
3043,ACIC,American Coastal Insurance Corporation -,Financial Services,,0.757,-11.1,46.0,2.5,0.38,0.2,-2.7,-24.3,9.28,0.44,0,3412,20261005
3044,CION,CION Investment Corporation Common Stock,Financial Services,,0.755,-10.8,46.0,2.4,0.58,-2.0,-5.8,-24.3,6.93,0.35,0,3412,20261005
3045,RARE,Ultragenyx Pharmaceutical Inc. - Common ,Healthcare,,0.754,-51.9,34.9,83.2,1.08,0.6,-2.4,-60.3,14.5,1.46,0,3412,20261005
3046,BRBR,BellRing Brands  Inc. Common Stock,Consumer Defensive,,0.754,-71.0,42.9,31.0,0.47,-0.1,-25.7,-78.1,7.73,0.89,0,3412,20261005
3047,CIM,Chimera Investment Corporation Common St,Real Estate,,0.754,-4.6,38.1,16.0,0.6,-9.7,-20.7,-32.0,9.18,0.8,0,3412,20261005
3048,TIC,TIC Solutions  Inc. Common Stock,Industrials,,0.754,-34.6,44.4,13.8,0.5,-5.4,-11.1,-41.7,8.26,1.94,0,3412,20261005
3049,DEI,Douglas Emmett  Inc. Common Stock,Real Estate,,0.752,-23.8,41.3,24.2,0.42,-0.3,-14.5,-34.3,9.64,1.63,0,3412,20261005
3050,LWAY,Lifeway Foods  Inc. - Common Stock,Consumer Defensive,,0.75,0.0,42.9,3.6,0.93,-1.7,-18.2,-35.0,21.0,0.32,0,3412,20261005
3051,DPG,Duff & Phelps Utility and Infrastructure,Financial Services,,0.749,16.3,41.3,1.3,0.56,0.4,-9.6,-13.6,12.84,0.46,0,3412,20261005
3052,CCU,Compania Cervecerias Unidas  S.A. Common,Consumer Defensive,,0.748,3.7,44.4,1.2,0.6,1.3,-7.9,-27.0,10.98,1.93,0,3412,20261005
3053,COUR,Coursera  Inc. Common Stock,Consumer Defensive,,0.748,-46.4,41.3,35.1,0.62,11.6,-13.8,-51.7,5.18,1.42,0,3412,20261005
3054,ALLT,Allot Ltd. - Ordinary Shares,Technology,,0.748,-31.0,47.6,2.8,0.7,-1.4,11.1,-26.9,8.41,0.42,0,3412,20261005
3055,NMZ,Nuveen Municipal High Income Opportunity,Financial Services,,0.746,-0.2,36.5,13.5,0.53,-0.1,-11.3,-16.1,8.76,1.96,0,3412,20261005
3056,KC,Kingsoft Cloud Holdings Limited - Americ,Technology,,0.746,-32.9,44.4,12.4,0.58,1.3,-11.5,-49.1,9.27,2.69,0,3412,20261005
3057,FBYD,Falcon's Beyond Global  Inc. - Class A C,Industrials,,0.746,-28.5,49.2,1.2,0.65,-2.5,2.0,-60.8,8.15,0.41,0,3412,20261005
3058,STUB,StubHub Holdings  Inc. Class A Common St,Communication Services,,0.745,-60.7,41.3,39.9,0.51,4.3,-15.3,-72.5,5.53,2.08,0,3412,20261005
3059,TEI,Templeton Emerging Markets Income Fund  ,Financial Services,,0.744,22.9,39.7,1.1,0.44,-1.6,-9.8,-11.3,6.05,0.3,0,3412,20261005
3060,TREE,LendingTree  Inc. - Common Stock,Financial Services,,0.743,-55.8,46.0,9.3,0.58,1.2,-12.5,-64.0,24.51,0.35,0,3412,20261005
3061,BTT,BlackRock Municipal 2030 Target Term Tru,Financial Services,,0.742,2.4,42.9,2.5,0.73,1.6,-3.5,-4.9,21.76,1.39,0,3412,20261005
3062,OLP,One Liberty Properties  Inc. Common Stoc,Real Estate,,0.741,15.2,39.7,2.0,0.37,-0.6,-7.7,-13.8,21.92,0.5,0,3412,20261005
3063,PTY,Pimco Corporate & Income Opportunity Fun,Financial Services,,0.741,-11.3,38.1,22.9,0.48,0.3,-8.1,-19.5,10.8,2.34,0,3412,20261005
3064,RM,Regional Management Corp. Common Stock,Financial Services,,0.737,-11.9,46.0,2.3,0.51,7.7,-1.1,-24.0,32.77,0.28,0,3412,20261005
3065,DAKT,Daktronics  Inc. - Common Stock,Technology,,0.737,-3.1,39.7,10.2,0.67,4.4,-8.6,-35.8,17.8,0.85,0,3412,20261005
3066,FNGD,MicroSectors FANG  Index -3X Inverse Lev,,,0.737,-49.5,46.0,8.1,0.36,-4.8,-7.3,-72.4,23.68,,0,3412,20261005
3067,NRDS,NerdWallet  Inc. - Class A Common Stock,Communication Services,,0.736,-9.3,42.9,7.1,0.42,3.6,-10.9,-44.6,8.83,0.52,0,3412,20261005
3068,MLYS,Mineralys Therapeutics  Inc. - Common St,Healthcare,,0.735,-30.1,38.1,42.0,0.59,-9.1,-17.6,-50.8,23.3,2.06,0,3412,20261005
3069,MSB,Mesabi Trust Common Stock,Basic Materials,,0.735,-25.1,49.2,1.0,0.76,-5.0,-19.3,-53.1,18.97,0.26,0,3412,20261005
3070,DNA,Ginkgo Bioworks Holdings  Inc. Class A C,Healthcare,,0.735,-56.5,42.9,25.9,0.82,43.2,115.5,-7.2,14.98,0.84,0,3412,20261005
3071,MTB-PJ,M&T Bank Corporation Depositary Shares e,Financial Services,,0.734,2.9,42.9,2.3,0.78,0.0,-3.0,-4.3,25.24,,0,3412,20261005
3072,ULH,Universal Logistics Holdings  Inc. - Com,Industrials,,0.731,-12.6,47.6,1.1,0.89,1.3,-4.5,-28.1,17.63,0.44,0,3412,20261005
3073,TKC,Turkcell Iletisim Hizmetleri AS Common S,Communication Services,,0.731,-18.1,42.9,12.1,0.76,1.6,2.4,-27.6,5.18,4.5,0,3412,20261005
3074,NMRK,Newmark Group  Inc. - Class A Common Sto,Real Estate,,0.729,-16.9,38.1,28.2,0.5,0.7,-15.7,-34.7,12.58,2.38,0,3412,20261005
3075,PLAY,Dave & Buster's Entertainment  Inc. - Co,Communication Services,,0.728,-52.2,42.9,24.3,1.07,5.5,-22.0,-68.1,6.76,0.23,0,3412,20261005
3076,TBLD,Thornburg Income Builder Opportunities T,Financial Services,,0.728,15.4,39.7,1.8,0.62,-1.8,-9.9,-12.2,19.95,0.66,0,3412,20261005
3077,EMD,Western Asset Emerging Markets Debt Fund,Financial Services,,0.726,10.8,39.7,2.5,0.5,-2.0,-12.2,-13.6,9.18,0.54,0,3412,20261005
3078,OXLC,Oxford Lane Capital Corp. - Closed End F,Financial Services,,0.726,-24.3,44.4,8.6,0.48,0.2,-7.6,-29.2,8.93,0.88,0,3412,20261005
3079,TRUP,Trupanion  Inc. - Common Stock,Financial Services,,0.725,-33.4,44.4,11.1,0.62,5.6,-14.7,-44.2,24.57,1.01,0,3412,20261005
3080,TRC,Tejon Ranch Co Common Stock,Industrials,,0.725,2.5,42.9,2.2,0.5,-1.4,0.1,-21.0,16.18,0.44,0,3412,20261005
3081,RTB,RTB Digital  Inc. - Common Stock,Technology,,0.724,-19.1,47.6,1.5,1.15,-5.0,-21.5,-53.9,8.89,0.15,0,3412,20261005
3082,RAIL,Freightcar America  Inc. - Common Stock,Industrials,,0.721,-26.6,47.6,2.1,0.76,-4.8,-3.6,-54.3,6.76,0.24,0,3412,20261005
3083,JPC,Nuveen Preferred & Income Opportunities ,Financial Services,,0.721,-1.6,31.7,16.4,0.55,-1.9,-10.0,-15.7,6.63,2.59,0,3412,20261005
3084,RUN,Sunrun Inc. - Common Stock,Technology,,0.72,-53.4,36.5,63.5,0.35,-0.8,-14.8,-64.5,7.61,1.93,0,3412,20261005
3085,UPBD,Upbound Group  Inc. - Common Stock,Technology,,0.718,-12.6,39.7,16.7,0.51,-0.4,-15.8,-30.9,15.72,0.94,0,3412,20261005
3086,VMO,Invesco Municipal Opportunity Trust Comm,Financial Services,,0.714,4.8,39.7,4.0,0.63,-0.5,-11.9,-15.2,8.33,0.58,0,3412,20261005
3087,FC,Franklin Covey Company Common Stock,Consumer Defensive,,0.714,-3.7,46.0,1.0,0.38,2.4,-5.7,-32.1,17.35,0.2,0,3412,20261005
3088,SCYX,SCYNEXIS  Inc. - Common Stock,Healthcare,,0.713,-16.1,46.0,2.5,3.76,8.9,-5.9,-43.4,5.03,0.04,0,3412,20261005
3089,DFH,Dream Finders Homes  Inc. Class A Common,Consumer Cyclical,,0.713,-47.0,44.4,12.8,0.51,-9.2,-28.4,-62.6,9.88,0.99,0,3412,20261005
3090,PAXS,PIMCO Access Income Fund Common Shares o,Financial Services,,0.712,-6.3,42.9,4.8,0.6,0.1,-6.7,-13.9,13.12,0.62,0,3412,20261005
3091,NYAX,Nayax Ltd. - Ordinary Shares,Technology,,0.71,9.8,41.3,1.6,1.02,11.4,-5.5,-34.3,49.77,1.59,0,3412,20261005
3092,EIM,Eaton Vance Municipal Bond Fund Common S,Financial Services,,0.71,1.0,42.9,2.4,0.55,0.9,-7.2,-10.7,8.82,0.46,0,3412,20261005
3093,ASPN,Aspen Aerogels  Inc. Common Stock,Industrials,,0.71,-33.7,46.0,5.1,1.58,10.1,19.0,-35.5,5.69,0.43,0,3412,20261005
3094,ACFN,Acorn Energy  Inc. - Common Stock,Technology,,0.708,-33.7,49.2,1.1,1.23,-7.8,-0.2,-36.1,18.72,0.05,0,3412,20261005
3095,VGM,Invesco Trust for Investment Grade Munic,Financial Services,,0.705,5.8,39.7,3.4,0.87,-0.5,-13.8,-17.7,8.68,0.49,0,3412,20261005
3096,SYF-PA,Synchrony Financial Depositary Shares  e,Financial Services,,0.704,-6.2,46.0,1.1,0.63,0.2,-1.6,-10.3,18.08,,0,3412,20261005
3097,BEAG,Bold Eagle Acquisition Corp. - Class A O,Financial Services,,0.703,2.9,23.8,10.9,5.41,0.0,-0.6,-1.9,10.69,0.33,0,3412,20261005
3098,BTZ,BlackRock Credit Allocation Income Trust,Financial Services,,0.699,-1.0,41.3,4.5,0.58,-0.7,-6.8,-10.0,9.29,0.87,0,3412,20261005
3099,BXMT,Blackstone Mortgage Trust  Inc. Common S,Real Estate,,0.699,-18.3,33.3,36.4,0.57,-11.3,-22.2,-44.0,11.01,1.93,0,3412,20261005
3100,MTRX,Matrix Service Company - Common Stock,Industrials,,0.694,-17.4,44.4,5.1,0.58,8.2,-1.2,-33.2,10.42,0.28,0,3412,20261005
3101,FPF,First Trust Intermediate Duration Prefer,Financial Services,,0.694,0.3,41.3,3.7,0.61,-2.2,-10.1,-14.2,15.69,0.96,0,3412,20261005
3102,SCE-PM,SCE Trust VII 7.50% Trust Preference Sec,,,0.694,9.4,41.3,1.5,0.85,-0.8,-7.4,-10.1,22.25,,0,3412,20261005
3103,AHRT,AH Realty Trust  Inc. Common Stock,Real Estate,,0.693,-1.1,38.1,8.3,1.2,1.0,-8.3,-17.0,5.96,0.44,0,3412,20261005
3104,BGT,BlackRock Floating Rate Income Trust,Financial Services,,0.69,3.6,42.9,1.4,0.4,-0.9,-7.5,-8.0,10.27,0.31,0,3412,20261005
3105,NSLR,Neostellar Capital Corp. - Closed End Fu,Financial Services,,0.689,9.8,34.9,4.4,1.56,-4.3,-25.1,-49.7,7.5,0.22,0,3412,20261005
3106,HCKT,The Hackett Group  Inc. - Common Stock,Technology,,0.688,-40.1,47.6,2.3,0.57,10.6,-2.3,-46.3,10.82,0.27,0,3412,20261005
3107,GS-PA,Goldman Sachs Group  Inc. (The) Deposita,Financial Services,,0.688,-8.0,46.0,1.2,0.5,0.8,0.9,-7.7,19.27,,0,3412,20261005
3108,MYI,Blackrock MuniYield Quality Fund III  In,Financial Services,,0.687,1.2,36.5,7.7,0.76,-0.4,-9.2,-13.6,9.54,0.65,0,3412,20261005
3109,WINA,Winmark Corporation - Common Stock,Consumer Cyclical,,0.686,-36.8,39.7,30.2,1.01,-1.9,-7.4,-40.9,293.86,1.08,0,3412,20261005
3110,GPGI,GPGI  Inc. Class A Common Stock,Industrials,,0.686,-31.5,41.3,20.0,0.37,11.6,-7.0,-50.0,12.98,3.49,0,3412,20261005
3111,SLVM,Sylvamo Corporation Common Stock,Basic Materials,,0.686,-17.3,41.3,13.0,0.53,-4.6,-6.1,-37.7,33.37,1.43,0,3412,20261005
3112,CYD,China Yuchai International Limited Commo,Consumer Cyclical,,0.686,-3.1,41.3,4.8,0.47,-1.8,-15.4,-46.6,31.87,1.21,0,3412,20261005
3113,ELVA,Electrovaya Inc. - Common Shares,Industrials,,0.685,15.5,36.5,2.2,3.64,3.8,-5.7,-48.1,6.36,0.32,0,3412,20261005
3114,BETR,Better Home & Finance Holding Company - ,Financial Services,,0.682,-76.9,46.0,6.7,0.92,10.4,-15.7,-87.1,11.13,0.19,0,3412,20261005
3115,SPH,Suburban Propane Partners  L.P. Common S,Utilities,,0.682,-0.9,41.3,3.8,0.41,1.8,-4.3,-18.0,16.77,1.11,0,3412,20261005
3116,HNRG,Hallador Energy Company - Common Stock,Utilities,,0.681,-13.9,41.3,10.6,0.45,-3.1,-13.4,-41.4,13.95,0.64,0,3412,20261005
3117,WYFI,WhiteFiber  Inc. - Ordinary Shares,Technology,,0.681,-44.2,41.3,23.9,0.88,-7.3,-7.0,-61.0,17.46,0.73,0,3412,20261005
3118,FWRD,Forward Air Corporation - Common Stock,Industrials,,0.68,-31.8,44.4,7.7,0.61,-1.3,-7.6,-50.1,15.07,0.52,0,3412,20261005
3119,PDYN,Palladyne AI Corp. - Common stock,Technology,,0.679,-42.5,46.0,4.8,0.39,-3.0,-9.9,-50.3,5.12,0.27,0,3412,20261005
3120,FUBO,FuboTV Inc. Class A Common Stock,Communication Services,,0.679,-75.5,44.4,12.5,0.39,-8.8,-25.6,-82.4,8.62,0.27,0,3412,20261005
3121,INMD,InMode Ltd.  - Ordinary Shares,Healthcare,,0.679,-4.0,39.7,7.3,0.46,-0.5,-4.8,-15.0,14.13,0.81,0,3412,20261005
3122,GHY,PGIM Global High Yield Fund  Inc.,Financial Services,,0.678,-1.7,42.9,2.4,0.45,-1.5,-6.7,-13.0,10.75,0.45,0,3412,20261005
3123,NXP,Nuveen Select Tax Free Income Portfolio ,Financial Services,,0.678,1.2,39.7,4.5,0.66,0.2,-7.5,-9.5,13.04,0.83,0,3412,20261005
3124,EVCM,EverCommerce Inc. - Common Stock,Technology,,0.678,-27.2,47.6,1.5,0.48,13.8,14.4,-32.3,9.07,1.75,0,3412,20261005
3125,ETOR,eToro Group Ltd. - Class A Common Shares,Financial Services,,0.678,-21.0,36.5,29.2,0.62,-0.5,-21.6,-41.5,25.69,2.05,0,3412,20261005
3126,FLO,Flowers Foods  Inc. Common Stock,Consumer Defensive,,0.678,-47.0,36.5,47.5,0.43,-0.9,-13.2,-54.5,5.6,1.18,0,3412,20261005
3127,BFS,Saul Centers  Inc. Common Stock,Real Estate,,0.676,9.5,33.3,4.6,0.47,-2.2,-9.1,-22.0,29.55,0.75,0,3412,20261005
3128,PAX,Patria Investments Limited - Class A Com,Financial Services,,0.676,-17.5,41.3,12.3,0.39,10.3,-1.9,-35.3,11.1,1.64,0,3412,20261005
3129,PFLT,PennantPark Floating Rate Capital Ltd. C,Financial Services,,0.675,-4.9,41.3,5.4,0.33,-2.4,-8.7,-23.4,6.78,0.69,0,3412,20261005
3130,BIT,BlackRock Multi-Sector Income Trust Comm,Financial Services,,0.675,-1.6,39.7,5.8,0.51,-0.4,-6.6,-11.3,11.1,0.64,0,3412,20261005
3131,VITL,Vital Farms  Inc. - Common Stock,Consumer Defensive,,0.675,-75.5,42.9,20.0,0.42,-4.3,-8.4,-79.3,9.25,0.43,0,3412,20261005
3132,BBN,BlackRock Taxable Municipal Bond Trust C,Financial Services,,0.672,0.7,39.7,4.7,0.72,-0.7,-9.1,-13.4,14.22,0.89,0,3412,20261005
3133,CFG-PI,Citizens Financial Group  Inc. Depositar,Financial Services,,0.672,4.5,42.9,1.2,1.15,-0.6,-3.5,-4.7,23.96,,0,3412,20261005
3134,SOHU,Sohu.com Limited  - American Depositary ,Communication Services,,0.669,-10.8,46.0,1.3,1.7,-4.2,-9.4,-27.1,12.55,0.39,0,3412,20261005
3135,SOJF,Southern Company (The) Series 2025A 6.50,,,0.668,1.1,42.9,1.7,0.6,0.4,-7.0,-8.1,23.26,,0,3412,20261005
3136,MUJ,Blackrock MuniHoldings New Jersey Qualit,Financial Services,,0.667,8.6,39.7,2.0,0.63,-0.4,-8.0,-10.2,11.1,0.6,0,3412,20261005
3137,GOF,Guggenheim Strategic Opportunities Fund ,Financial Services,,0.665,-25.7,38.1,26.2,0.95,1.3,-9.0,-32.3,8.6,1.82,0,3412,20261005
3138,NMCO,Nuveen Municipal Credit Opportunities Fu,Financial Services,,0.663,0.5,38.1,5.9,0.85,-2.3,-15.1,-20.3,8.61,0.53,0,3412,20261005
3139,HLMN,Hillman Solutions Corp. - Common Stock,Industrials,,0.662,-16.2,39.7,14.3,0.62,-2.1,-9.4,-35.2,6.96,1.37,0,3412,20261005
3140,SUPX,SuperX AI Technology Limited - Ordinary ,Technology,,0.662,-87.1,46.0,6.0,0.93,-7.9,-28.1,-91.4,6.45,0.3,0,3412,20261005
3141,IQI,Invesco Quality Municipal Income Trust C,Financial Services,,0.662,7.8,38.1,2.8,0.55,0.3,-12.2,-14.6,8.73,0.47,0,3412,20261005
3142,SMPL,The Simply Good Foods Company - Common S,Consumer Defensive,,0.659,-52.8,41.3,23.8,0.43,3.5,-13.5,-60.9,9.94,0.85,0,3412,20261005
3143,KRUS,Kura Sushi USA  Inc. - Class A Common St,Consumer Cyclical,,0.659,-27.0,42.9,10.4,0.55,4.0,-7.2,-49.1,40.37,0.49,0,3412,20261005
3144,FVRR,Fiverr International Ltd. Ordinary Share,Communication Services,,0.656,-60.8,46.0,5.3,0.65,0.4,-6.6,-64.2,8.59,0.31,0,3412,20261005
3145,DMAC,DiaMedica Therapeutics Inc. - Common Sto,Healthcare,,0.656,-6.3,44.4,1.6,0.38,1.2,28.4,-10.3,8.42,0.45,0,3412,20261005
3146,UVV,Universal Corporation Common Stock,Consumer Defensive,,0.654,-13.8,38.1,15.5,0.47,0.6,-8.4,-27.2,42.13,1.06,0,3412,20261005
3147,TBCH,Turtle Beach Corporation - Common Stock,Technology,,0.653,-18.6,44.4,4.2,0.8,9.2,10.7,-18.9,13.86,0.23,0,3412,20261005
3148,ANG-PD,American National Group Inc. Depositary ,Financial Services,,0.652,-2.3,44.4,1.1,1.42,-1.6,1.4,-3.1,23.7,,0,3412,20261005
3149,FG,F&G Annuities & Life  Inc. Common Stock,Financial Services,,0.649,-16.6,38.1,16.8,0.81,1.9,-11.5,-35.2,22.01,2.88,0,3412,20261005
3150,COF-PI,Capital One Financial Corporation Deposi,Financial Services,,0.648,-8.9,42.9,3.6,0.47,-0.2,-5.0,-13.8,16.61,,0,3412,20261005
3151,MUC,Blackrock MuniHoldings California Qualit,Financial Services,,0.644,1.7,31.7,7.5,0.47,-0.3,-7.6,-11.8,9.64,0.95,0,3412,20261005
3152,HYT,Blackrock Corporate High Yield Fund  Inc,Financial Services,,0.642,-3.8,36.5,9.4,0.38,0.4,-5.7,-10.8,7.8,1.53,0,3412,20261005
3153,SWIM,Latham Group  Inc. - Common Stock,Industrials,,0.642,-8.2,41.3,5.3,0.61,2.9,-7.5,-19.9,6.39,0.73,0,3412,20261005
3154,SEG,Seaport Entertainment Group Inc. Common ,Real Estate,,0.642,9.7,38.1,2.0,0.47,-2.6,-13.8,-23.0,22.5,0.3,0,3412,20261005
3155,C-PN,Citigroup Capital XIII 7.875% Fixed rate,,,0.642,-7.8,41.3,5.0,0.97,-0.3,0.2,-10.2,26.48,,0,3412,20261005
3156,PFN,PIMCO Income Strategy Fund II,Financial Services,,0.641,-0.9,39.7,4.3,0.47,-0.2,-10.2,-13.7,6.19,0.61,0,3412,20261005
3157,LOVE,The Lovesac Company - Common Stock,Consumer Cyclical,,0.638,-3.0,39.7,4.9,0.58,-3.8,-7.0,-20.7,14.83,0.21,0,3412,20261005
3158,TSSI,TSS  Inc. - Common Stock,Technology,,0.637,-57.3,44.4,8.9,0.66,3.4,24.1,-50.8,10.05,0.28,0,3412,20261005
3159,SHO-PH,Sunstone Hotel Investors  Inc. 6.125% Se,Real Estate,,0.636,8.1,41.3,1.1,2.51,-1.0,0.1,-2.0,22.13,,0,3412,20261005
3160,AVX,Avax One Technology Ltd. - Common Shares,Technology,,0.634,-92.0,47.6,2.3,2.12,0.0,73.6,-87.6,6.32,0.05,0,3412,20261005
3161,KIO,KKR Income Opportunities Fund Common Sha,Financial Services,,0.634,-0.5,41.3,2.5,0.39,-0.5,-8.3,-9.4,10.17,0.42,0,3412,20261005
3162,AWP,abrdn Global Premier Properties Fund Com,Financial Services,,0.633,8.0,39.7,1.6,0.94,-4.4,-12.7,-17.3,10.04,0.33,0,3412,20261005
3163,BUI,BlackRock Utility  Infrastructure & Powe,Financial Services,,0.633,9.4,36.5,2.4,0.42,0.2,-7.1,-16.8,24.69,0.66,0,3412,20261005
3164,TGLS,Tecnoglass Holdings Inc. Common Stock,Basic Materials,,0.631,-40.5,42.9,11.6,0.4,0.8,-11.1,-46.9,34.91,1.57,0,3412,20261005
3165,SAMG,Silvercrest Asset Management Group Inc. ,Financial Services,,0.629,-31.5,47.6,1.2,0.57,1.3,5.7,-31.2,10.52,0.08,0,3412,20261005
3166,LFCR,Lifecore Biomedical  Inc. - Common Stock,Healthcare,,0.628,-38.4,46.0,3.0,2.07,0.0,49.9,-26.1,6.52,0.25,0,3412,20261005
3167,DUK-PA,Duke Energy Corporation Depositary Share,Utilities,,0.625,-0.9,39.7,3.7,0.69,-1.9,-8.2,-11.6,21.67,,0,3412,20261005
3168,MNSO,MINISO Group Holding Limited American De,Consumer Cyclical,,0.625,-54.7,44.4,7.8,0.53,-0.2,-8.1,-60.0,8.89,2.6,0,3412,20261005
3169,TRTX,TPG RE Finance Trust  Inc. Common Stock,Real Estate,,0.624,-0.5,33.3,7.8,0.48,-4.9,-23.3,-31.4,6.02,0.5,0,3412,20261005
3170,KROS,Keros Therapeutics  Inc. - common stock,Healthcare,,0.622,-28.7,46.0,2.2,0.39,2.1,3.7,-47.3,11.52,0.23,0,3412,20261005
3171,CIGI,Colliers International Group Inc.  - Sub,Real Estate,,0.622,-34.3,38.1,25.3,0.33,-1.0,-11.7,-47.3,89.04,4.59,0,3412,20261005
3172,VCV,Invesco California Value Municipal Incom,Financial Services,,0.616,4.3,38.1,2.6,0.88,-1.0,-14.0,-19.0,8.84,0.45,0,3412,20261005
3173,FMC,FMC Corporation Common Stock,Basic Materials,,0.615,-58.0,34.9,42.9,0.49,-2.3,-30.7,-71.6,9.0,1.33,0,3412,20261005
3174,KREF,KKR Real Estate Finance Trust Inc. Commo,Real Estate,,0.614,-7.9,39.7,6.3,0.59,-2.9,-19.6,-26.9,6.08,0.36,0,3412,20261005
3175,JPM-PC,J P Morgan Chase & Co Depositary Shares ,Financial Services,,0.613,-0.1,33.3,6.9,0.6,-1.0,-7.1,-10.7,22.66,,0,3412,20261005
3176,SDHY,PGIM Short Duration High Yield Opportuni,Financial Services,,0.613,1.5,42.9,1.1,0.45,0.0,-4.5,-6.8,15.23,0.38,0,3412,20261005
3177,NPB,Northpointe Bancshares  Inc. Common Stoc,Financial Services,,0.613,-0.6,38.1,4.7,0.75,1.7,-10.7,-20.5,15.36,0.54,0,3412,20261005
3178,NMFC,New Mountain Finance Corporation - Commo,Financial Services,,0.612,-13.3,42.9,4.0,0.4,-1.7,-8.3,-22.0,6.85,0.67,0,3412,20261005
3179,DSU,Blackrock Debt Strategies Fund  Inc. Com,Financial Services,,0.611,-0.8,39.7,3.2,0.5,-0.9,-6.6,-8.6,8.8,0.58,0,3412,20261005
3180,SEVN,Seven Hills Realty Trust  - Common Stock,Real Estate,,0.61,-20.3,46.0,1.5,0.57,-5.3,-8.9,-31.3,6.84,0.17,0,3412,20261005
3181,USB-PH,U.S. Bancorp Depositary Shares repstg 1/,Financial Services,,0.609,-3.1,42.9,1.6,0.55,-2.0,0.7,-3.5,18.28,,0,3412,20261005
3182,ERII,Energy Recovery  Inc. - Common Stock,Industrials,,0.609,-51.8,44.4,6.8,0.47,1.6,-10.7,-62.3,6.83,0.34,0,3412,20261005
3183,QXO-PB,QXO  Inc.  Depositary Shares  each repre,,,0.608,-26.2,44.4,4.0,1.12,-9.7,-7.3,-47.4,38.4,,0,3412,20261005
3184,PTA,Cohen & Steers Tax-Advantaged Preferred ,Financial Services,,0.604,-6.6,39.7,5.2,0.58,-0.3,-7.8,-14.2,17.04,0.96,0,3412,20261005
3185,ESOA,Energy Services of America Corporation -,Industrials,,0.604,12.4,38.1,1.2,0.66,-1.2,-2.6,-43.1,11.0,0.2,0,3412,20261005
3186,AEMD,Aethlon Medical  Inc. - Common Stock,Healthcare,,0.6,-95.2,38.1,33.1,5.0,2.4,238.3,-83.5,6.53,0.0,0,3412,20261005
3187,NLOP,Net Lease Office Properties Common Share,Real Estate,,0.599,6.5,38.1,1.9,0.5,-4.3,-14.0,-28.4,9.57,0.15,0,3412,20261005
3188,AGD,abrdn Global Dynamic Dividend Fund Commo,Financial Services,,0.599,0.6,42.9,1.1,1.04,-3.5,-9.1,-11.6,11.14,0.3,0,3412,20261005
3189,HROW,Harrow  Inc. - Common Stock,Healthcare,,0.597,-19.8,34.9,20.1,0.55,-3.2,-20.1,-44.2,30.58,1.14,0,3412,20261005
3190,BGH,Barings Global Short Duration High Yield,Financial Services,,0.594,1.7,41.3,1.4,0.43,-1.7,-9.3,-9.9,12.85,0.26,0,3412,20261005
3191,EOT,Eaton Vance Municipal Income Trust EATON,Financial Services,,0.592,5.0,41.3,1.0,0.71,0.5,-9.6,-13.3,15.24,0.24,0,3412,20261005
3192,ASR,Grupo Aeroportuario del Sureste  S.A. de,Industrials,,0.592,-17.7,34.9,17.5,0.5,-2.3,-7.2,-36.3,238.47,7.24,0,3412,20261005
3193,VKQ,Invesco Municipal Trust Common Stock,Financial Services,,0.59,5.9,33.3,3.1,0.58,-1.8,-12.1,-15.5,8.4,0.48,0,3412,20261005
3194,NXL,Nexalin Technology  Inc. - Common Stock,Healthcare,,0.589,-80.6,39.7,24.1,7.64,27.2,1.3,-90.3,5.43,0.0,0,3412,20261005
3195,MGPI,MGP Ingredients  Inc. - Common Stock,Consumer Defensive,,0.589,-32.2,44.4,4.2,0.46,-0.1,-21.8,-50.7,12.77,0.27,0,3412,20261005
3196,NKX,Nuveen California AMT-Free Quality Munic,Financial Services,,0.588,-0.1,38.1,3.5,0.63,-2.2,-13.2,-17.5,10.41,0.62,0,3412,20261005
3197,ARDT,Ardent Health  Inc. Common Stock,Healthcare,,0.588,-18.4,42.9,4.6,0.38,0.8,-2.0,-30.6,10.55,1.49,0,3412,20261005
3198,KKRT,KKR & Co. Inc. 6.875% Subordinated Notes,,,0.585,-4.5,42.9,1.6,0.61,0.1,-1.5,-7.7,22.81,,0,3412,20261005
3199,EAD,Allspring Income Opportunities Fund Comm,Financial Services,,0.585,-0.3,41.3,1.7,0.4,-0.7,-7.0,-9.5,5.96,0.36,0,3412,20261005
3200,DMRC,Digimarc Corporation - Common Stock,Technology,,0.583,-43.1,47.6,1.1,0.49,24.5,11.5,-62.9,6.1,0.15,0,3412,20261005
3201,EFR,Eaton Vance Senior Floating-Rate Fund Co,Financial Services,,0.581,-1.0,42.9,1.1,0.48,-0.2,-2.8,-5.4,10.19,0.31,0,3412,20261005
3202,AWF,Alliancebernstein Global High Income Fun,Financial Services,,0.579,-3.1,39.7,3.1,0.35,-1.6,-5.0,-7.7,9.48,0.84,0,3412,20261005
3203,AIRO,AIRO Group Holdings  Inc. - Common Stock,Industrials,,0.576,-64.2,46.0,2.9,0.97,-6.9,-8.3,-67.7,6.49,0.22,0,3412,20261005
3204,HTD,John Hancock Tax Advantaged Dividend Inc,Financial Services,,0.574,7.8,34.9,2.2,0.5,-0.5,-12.6,-15.6,22.0,0.79,0,3412,20261005
3205,HDSN,Hudson Technologies  Inc. - Common Stock,Basic Materials,,0.574,-44.7,46.0,2.2,0.61,2.4,-0.6,-45.1,5.22,0.22,0,3412,20261005
3206,OFIX,Orthofix Medical Inc.  - Common Stock,Healthcare,,0.573,-34.5,44.4,4.0,0.47,-3.5,2.0,-41.5,9.5,0.37,0,3412,20261005
3207,PZZA,Papa John's International  Inc. - Common,Consumer Cyclical,,0.57,-51.1,34.9,32.0,0.72,-2.7,-13.3,-63.3,19.54,0.67,0,3412,20261005
3208,WIW,Western Asset Inflation-Linked Opportuni,Financial Services,,0.569,1.2,36.5,3.2,0.49,0.0,-4.5,-5.4,7.91,0.48,0,3412,20261005
3209,WFC-PZ,Wells Fargo & Company Depositary Shares ,Financial Services,,0.569,-5.7,34.9,7.3,0.74,-0.4,-5.5,-12.9,16.77,,0,3412,20261005
3210,LTBR,Lightbridge Corporation - Common Stock,Industrials,,0.568,-64.3,44.4,5.8,0.85,-1.9,-15.0,-77.1,6.36,0.22,0,3412,20261005
3211,MITT,TPG Mortgage Investment Trust  Inc. Comm,Real Estate,,0.567,0.6,38.1,2.7,0.73,-6.9,-16.8,-34.9,5.63,0.18,0,3412,20261005
3212,DSL,DoubleLine Income Solutions Fund Common ,Financial Services,,0.567,-4.7,33.3,7.5,0.51,-0.9,-6.8,-10.9,9.82,1.14,0,3412,20261005
3213,DLY,DoubleLine Yield Opportunities Fund Comm,Financial Services,,0.566,-0.3,36.5,3.9,0.49,1.1,-4.5,-6.5,13.22,0.65,0,3412,20261005
3214,BKT,BlackRock Income Trust Inc. (The),Financial Services,,0.566,0.5,39.7,2.0,0.59,-0.2,-7.4,-10.2,9.53,0.31,0,3412,20261005
3215,MS-PP,Morgan Stanley Depositary Shares  each r,Financial Services,,0.566,1.9,34.9,3.5,0.8,-5.1,-7.1,-8.6,23.09,,0,3412,20261005
3216,BNTC,Benitec Biopharma Inc. - Common Stock,Healthcare,,0.562,-9.3,42.9,2.0,1.24,-7.9,-25.8,-44.1,9.23,0.35,0,3412,20261005
3217,ARI,Apollo Commercial Real Estate Finance  I,Real Estate,,0.561,-29.3,36.5,18.8,0.65,0.5,-9.4,-44.5,6.23,0.8,0,3412,20261005
3218,UMBFO,UMB Financial Corporation - Depositary S,Financial Services,,0.561,1.3,41.3,1.2,3.79,-2.1,-3.2,-5.4,25.37,,0,3412,20261005
3219,PCN,Pimco Corporate & Income Strategy Fund C,Financial Services,,0.561,-5.6,34.9,6.8,0.43,0.1,-9.1,-14.3,10.61,0.81,0,3412,20261005
3220,WBTN,WEBTOON Entertainment Inc. - Common stoc,Communication Services,,0.561,-43.8,44.4,4.3,0.46,-4.5,4.7,-43.5,10.46,1.49,0,3412,20261005
3221,APOS,Apollo Global Management  Inc. 7.625% Fi,,,0.56,2.4,41.3,1.0,1.11,1.6,1.8,-0.7,25.59,,0,3412,20261005
3222,MEGI,NYLIM CBRE Global Infrastructure Megatre,Financial Services,,0.56,8.4,33.3,2.0,0.5,0.2,-8.8,-13.1,13.34,0.69,0,3412,20261005
3223,VLRS,Controladora Vuela Compania de Aviacion ,Industrials,,0.56,-5.0,41.3,2.2,0.53,-4.6,-2.9,-39.3,6.45,0.79,0,3412,20261005
3224,CRMD,CorMedix Inc. - Common Stock,Healthcare,,0.558,-23.3,41.3,6.9,0.71,-8.0,-14.3,-43.0,7.26,0.58,0,3412,20261005
3225,DBL,DoubleLine Opportunistic Credit Fund Com,Financial Services,,0.558,-0.0,41.3,1.3,0.99,-1.9,-7.7,-9.1,13.17,0.27,0,3412,20261005
3226,IIM,Invesco Value Municipal Income Trust Com,Financial Services,,0.556,5.2,31.7,2.7,0.9,0.4,-13.6,-16.6,10.71,0.51,0,3412,20261005
3227,CRTO,Criteo S.A. - Ordinary Shares,Communication Services,,0.556,-14.7,41.3,4.6,0.69,-8.2,-20.2,-37.7,14.5,0.75,0,3412,20261005
3228,PMO,Franklin Municipal Opportunities Trust S,Financial Services,,0.555,3.4,39.7,1.3,0.76,0.1,-10.8,-15.1,9.07,0.26,0,3412,20261005
3229,ALIT,Alight  Inc. Class A Common Stock,Technology,,0.555,-76.4,44.4,5.5,0.42,-11.4,-41.3,-86.4,8.74,0.24,0,3412,20261005
3230,EVI,EVI Industries  Inc.  Common Stock,Industrials,,0.554,-57.3,47.6,1.1,1.03,-4.2,47.0,-38.9,19.15,0.25,0,3412,20261005
3231,SLRC,SLR Investment Corp. - Closed End Fund,Financial Services,,0.554,-9.9,39.7,4.7,0.59,-1.7,-9.4,-27.3,11.44,0.64,0,3412,20261005
3232,JPM-PM,J P Morgan Chase & Co Depositary Shares ,Financial Services,,0.554,-8.8,38.1,5.8,0.5,-1.6,-5.6,-15.2,15.72,,0,3412,20261005
3233,PFL,PIMCO Income Strategy Fund Shares of Ben,Financial Services,,0.553,-2.9,39.7,2.5,0.55,0.3,-9.6,-15.4,6.85,0.34,0,3412,20261005
3234,JPM-PD,J P Morgan Chase & Co Depositary Shares ,Financial Services,,0.55,-5.4,34.9,6.4,0.5,-0.7,-5.2,-13.1,21.52,,0,3412,20261005
3235,NOA,North American Construction Group Ltd. C,Energy,,0.549,-6.1,42.9,1.3,1.31,0.7,-8.6,-26.0,12.25,0.34,0,3412,20261005
3236,TMS,Teamshares Inc. - Common Stock,Financial Services,,0.548,-39.1,46.0,1.7,1.93,-4.3,19.4,-40.8,7.4,0.59,0,3412,20261005
3237,VKI,Invesco Advantage Municipal Income Trust,Financial Services,,0.545,5.8,34.9,2.0,1.05,-0.8,-13.5,-19.7,7.57,0.35,0,3412,20261005
3238,OCS,Oculis Holding AG - Ordinary shares,Healthcare,,0.545,-30.3,44.4,2.6,0.47,-5.5,-29.7,-73.8,8.56,0.55,0,3412,20261005
3239,RWAY,Runway Growth Finance Corp. - Common Sto,Financial Services,,0.544,-23.0,44.4,2.1,0.6,-3.7,-2.4,-24.5,6.44,0.28,0,3412,20261005
3240,IFN,Aberdeen India Fund  Inc. Common Stock,Financial Services,,0.539,-11.6,42.9,2.0,0.54,-1.9,-9.2,-22.8,10.45,0.45,0,3412,20261005
3241,MYN,Blackrock MuniYield New York Quality Fun,Financial Services,,0.536,0.8,33.3,3.6,0.6,-0.2,-8.0,-13.3,8.75,0.34,0,3412,20261005
3242,BLW,Blackrock Limited Duration Income Trust,Financial Services,,0.535,-1.0,36.5,3.2,0.85,1.3,-7.2,-10.8,11.68,0.45,0,3412,20261005
3243,MS-PQ,Morgan Stanley Depositary Shares  each r,Financial Services,,0.535,1.0,34.9,3.1,1.03,-4.1,-5.7,-7.5,23.67,,0,3412,20261005
3244,EVV,Eaton Vance Limited Duration Income Fund,Financial Services,,0.535,-4.9,30.2,6.8,0.58,-0.4,-7.7,-13.6,8.34,0.98,0,3412,20261005
3245,CD,Chaince Digital Holdings Inc. - American,Financial Services,,0.533,-83.2,47.6,1.0,0.47,15.2,106.3,-79.0,7.51,0.66,0,3412,20261005
3246,KTF,DWS Municipal Income Trust,Financial Services,,0.531,1.7,31.7,3.2,0.72,-0.2,-7.3,-12.2,8.04,0.31,0,3412,20261005
3247,PML,Pimco Municipal Income Fund II Common Sh,Financial Services,,0.53,-5.1,33.3,6.1,0.7,-0.5,-10.3,-16.3,6.47,0.44,0,3412,20261005
3248,BAC-PB,Bank of America Corporation Depositary S,Financial Services,,0.529,-2.2,31.7,4.9,0.67,-1.9,-6.6,-11.8,22.24,,0,3412,20261005
3249,BAC-PK,Bank of America Corporation Depositary S,Financial Services,,0.529,-1.9,36.5,3.3,0.8,-3.6,-9.2,-13.9,21.21,,0,3412,20261005
3250,AOMR,Angel Oak Mortgage REIT  Inc. Common Sto,Real Estate,,0.528,1.3,39.7,1.4,0.7,-1.6,-12.1,-18.5,7.25,0.19,0,3412,20261005
3251,SCE-PL,SCE TRUST VI,,,0.526,3.5,39.7,1.0,2.29,-2.7,-6.0,-15.2,15.75,,0,3412,20261005
3252,WFCF,Where Food Comes From  Inc. - Common Sto,Industrials,,0.526,3.4,38.1,1.4,6.38,10.2,-9.1,-29.6,12.76,0.06,0,3412,20261005
3253,FOUR-PA,Shift4 Payments  Inc. 6.00% Series A Man,Technology,,0.525,-36.0,46.0,1.3,1.39,-0.2,-11.8,-44.3,51.15,,0,3412,20261005
3254,EGG,Enigmatig Limited Class A Ordinary Share,Industrials,,0.521,-49.9,46.0,1.6,4.93,19.5,80.1,-53.2,5.08,0.15,0,3412,20261005
3255,WFC-PD,Wells Fargo & Company Depositary Shares ,Financial Services,,0.519,-5.4,38.1,3.4,0.65,-0.8,-5.0,-12.6,15.16,,0,3412,20261005
3256,MS-PI,Morgan Stanley Depository Shares Represe,Financial Services,,0.516,1.5,31.7,3.0,0.69,-3.6,-6.8,-9.5,22.65,,0,3412,20261005
3257,METC,Ramaco Resources  Inc. - Class A Common ,Basic Materials,,0.514,-64.8,38.1,19.2,0.36,-10.9,-35.2,-85.3,8.0,0.51,0,3412,20261005
3258,NDMO,Nuveen Dynamic Municipal Opportunities F,Financial Services,,0.511,-2.6,34.9,3.7,0.75,1.4,-10.2,-15.2,8.78,0.54,0,3412,20261005
3259,NAN,Nuveen New York Quality Municipal Income,Financial Services,,0.51,0.8,38.1,1.8,0.6,-0.2,-9.5,-16.1,9.76,0.34,0,3412,20261005
3260,PDT,John Hancock Premium Dividend Fund,Financial Services,,0.51,-0.2,38.1,2.0,0.4,0.9,-7.2,-11.8,11.68,0.58,0,3412,20261005
3261,JPM-PL,J P Morgan Chase & Co Depositary Shares ,Financial Services,,0.509,-8.9,36.5,5.2,0.66,-1.4,-5.6,-14.7,16.96,,0,3412,20261005
3262,OPFI,OppFi Inc. Class A Common Stock,Financial Services,,0.509,-31.8,41.3,6.5,1.37,-1.3,-17.5,-46.9,6.04,0.54,0,3412,20261005
3263,ONIT,Onity Group Inc. Common Stock,Financial Services,,0.507,-7.9,39.7,2.7,0.6,-6.7,-21.2,-48.5,27.5,0.26,0,3412,20261005
3264,MUA,Blackrock MuniAssets Fund  Inc Common St,Financial Services,,0.507,-5.4,34.9,4.7,0.56,0.8,-5.3,-14.0,9.39,0.49,0,3412,20261005
3265,DFP,Flaherty & Crumrine Dynamic Preferred an,Financial Services,,0.506,-0.3,38.1,1.9,0.53,0.0,-7.7,-11.0,18.74,0.39,0,3412,20261005
3266,OI,O-I Glass  Inc. Common Stock,Consumer Cyclical,,0.506,-46.4,33.3,23.1,0.6,-3.6,-20.8,-66.5,5.57,0.93,0,3412,20261005
3267,OIA,Invesco Municipal Income Opportunities T,Financial Services,,0.505,4.0,36.5,1.4,0.82,3.3,-6.7,-10.6,5.56,0.27,0,3412,20261005
3268,TNXP,Tonix Pharmaceuticals Holding Corp. - Co,Healthcare,,0.504,-45.9,42.9,5.2,0.49,-18.5,-39.6,-66.7,8.07,0.17,0,3412,20261005
3269,RMM,RiverNorth Managed Duration Municipal In,Financial Services,,0.503,6.6,36.5,1.1,0.76,1.4,-11.1,-15.2,12.55,0.25,0,3412,20261005
3270,MMD,NYLIM MacKay DefinedTerm Muni Opportunit,Financial Services,,0.503,3.2,36.5,1.5,0.73,0.7,-9.4,-12.6,13.47,0.25,0,3412,20261005
3271,WDI,Western Asset Diversified Income Fund Co,Financial Services,,0.5,-3.8,33.3,4.4,0.41,-1.0,-8.0,-13.1,11.7,0.61,0,3412,20261005
3272,NUW,Nuveen AMT-Free Municipal Value Fund,Financial Services,,0.499,0.9,38.1,1.6,0.75,0.8,-6.6,-10.4,12.89,0.23,0,3412,20261005
3273,MMU,Western Asset Managed Municipals Fund  I,Financial Services,,0.498,1.0,31.7,2.8,0.76,0.1,-10.5,-15.1,8.84,0.48,0,3412,20261005
3274,USB-PP,U.S. Bancorp Depositary Shares each repr,Financial Services,,0.495,-13.6,42.9,1.6,0.53,-3.9,-2.8,-15.9,19.71,,0,3412,20261005
3275,VEEE,Twin Vee PowerCats Co. - Common Stock,Consumer Cyclical,,0.495,-90.8,33.3,26.9,3.96,-21.1,16.0,-89.5,10.8,0.01,0,3412,20261005
3276,FOF,Cohen & Steers Closed-End Opportunity Fu,Financial Services,,0.492,9.0,34.9,1.0,0.48,0.4,-8.6,-15.7,12.27,0.35,0,3412,20261005
3277,FRPH,FRP Holdings  Inc. - Common Stock,Real Estate,,0.492,-6.8,39.7,2.2,0.36,-5.0,-10.7,-21.6,20.03,0.39,0,3412,20261005
3278,ALL-PH,Allstate Corporation (The) Depositary Sh,Financial Services,,0.489,-12.2,39.7,3.4,0.59,-3.2,-5.2,-16.8,17.73,27.36,0,3412,20261005
3279,JMIA,Jumia Technologies AG American Depositar,Consumer Cyclical,,0.489,-40.6,39.7,9.9,0.5,1.3,-4.5,-53.5,6.79,0.92,0,3412,20261005
3280,NATH,Nathan's Famous  Inc. - Common Stock,Consumer Cyclical,,0.488,-8.3,38.1,3.4,0.79,0.0,3.4,-6.0,101.52,0.39,0,3412,20261005
3281,COF-PJ,Capital One Financial Corporation Deposi,Financial Services,,0.488,-8.6,38.1,3.4,0.58,0.4,-3.9,-12.2,16.09,,0,3412,20261005
3282,RNP,Cohen & Steers REIT and Preferred and In,Financial Services,,0.487,-3.1,36.5,2.7,0.36,-3.4,-10.5,-14.8,18.11,0.91,0,3412,20261005
3283,WTFCN,Wintrust Financial Corporation - Deposit,Financial Services,,0.487,4.8,36.5,1.2,1.97,-1.8,-2.1,-2.4,25.59,,0,3412,20261005
3284,NCA,Nuveen California Municipal Value Fund,Financial Services,,0.486,3.0,38.1,1.1,0.72,-0.2,-7.4,-13.8,8.27,0.28,0,3412,20261005
3285,EP-PC,El Paso Corporation Preferred Stock,,,0.485,1.1,38.6,1.2,5.72,0.3,-1.1,-3.8,49.77,,0,3412,20261005
3286,JPM-PK,J P Morgan Chase & Co Depositary Shares ,Financial Services,,0.484,-9.2,34.9,5.3,0.6,-1.1,-5.1,-14.2,16.72,,0,3412,20261005
3287,NBH,Neuberger Municipal Fund Inc. Common Sto,Financial Services,,0.484,3.5,36.5,1.3,0.48,-1.0,-9.7,-13.7,8.99,0.28,0,3412,20261005
3288,PSBD,Palmer Square Capital BDC Inc. Common St,Financial Services,,0.483,-5.5,41.3,1.3,0.73,-1.1,-6.7,-16.8,9.67,0.32,0,3412,20261005
3289,RFMZ,RiverNorth Flexible Municipal Income Fun,Financial Services,,0.482,5.5,34.9,1.3,0.76,2.0,-9.5,-13.5,11.67,0.29,0,3412,20261005
3290,MDWD,MediWound Ltd. - Ordinary Shares,Healthcare,,0.478,-22.6,44.4,1.2,0.51,-3.0,2.3,-31.4,13.51,0.17,0,3412,20261005
3291,FTF,Franklin Limited Duration Income Trust C,Financial Services,,0.477,1.3,38.1,1.3,0.63,-0.2,-7.3,-8.3,5.32,0.22,0,3412,20261005
3292,AXS-PE,Axis Capital Holdings Limited Depositary,Financial Services,,0.476,-10.2,42.9,1.1,0.44,-3.2,-6.1,-15.6,17.25,,0,3412,20261005
3293,BIAF,bioAffinity Technologies  Inc. - Common ,Healthcare,,0.475,-69.4,28.6,24.9,2.95,-16.5,-51.6,-91.3,6.19,0.0,0,3412,20261005
3294,HPP,Hudson Pacific Properties  Inc. Common S,Real Estate,,0.473,-33.3,39.7,7.5,0.38,-2.2,-11.7,-42.2,11.25,0.62,0,3412,20261005
3295,COF-PL,Capital One Financial Corporation Deposi,Financial Services,,0.473,-8.9,41.3,1.5,0.58,-1.0,-3.9,-13.2,14.6,,0,3412,20261005
3296,AMSF,AMERISAFE  Inc. - Common Stock,Financial Services,,0.473,-34.9,33.3,15.8,1.02,-2.0,-11.5,-42.6,23.28,0.44,0,3412,20261005
3297,WD,Walker & Dunlop  Inc Common Stock,Financial Services,,0.47,-47.7,33.3,19.0,0.51,-10.7,-20.7,-59.6,33.06,1.27,0,3412,20261005
3298,EDHL,Everbright Digital Holding Limited - Ord,Communication Services,,0.47,-50.8,44.4,2.4,2.3,-1.2,26.8,-73.5,5.08,0.01,0,3412,20261005
3299,HPI,John Hancock Preferred Income Fund Commo,Financial Services,,0.466,-3.3,38.1,1.9,0.86,-0.4,-12.2,-16.0,13.81,0.38,0,3412,20261005
3300,WFC-PC,Wells Fargo & Company Depositary Shares ,Financial Services,,0.464,-6.1,36.5,2.9,0.65,0.1,-4.2,-11.8,15.55,105.23,0,3412,20261005
3301,BAC-PM,Bank of America Corporation Depositary S,Financial Services,,0.463,-7.2,31.7,4.7,0.8,-2.1,-5.4,-13.8,19.07,,0,3412,20261005
3302,FFC,Flaherty & Crumrine Preferred and Income,Financial Services,,0.457,1.2,31.7,2.0,0.38,-1.4,-6.8,-9.0,14.72,0.72,0,3412,20261005
3303,WFC-PA,Wells Fargo & Company Depositary Shares ,Financial Services,,0.456,-6.7,31.7,4.3,0.67,-1.2,-4.1,-11.9,16.64,,0,3412,20261005
3304,MFIC,MidCap Financial Investment Corporation ,Financial Services,,0.456,-12.0,34.9,5.3,0.48,-2.9,-11.4,-28.3,8.51,0.7,0,3412,20261005
3305,IPX,IperionX Limited - American Depositary S,Basic Materials,,0.456,-59.5,41.3,6.9,0.57,-11.4,-23.5,-72.4,16.61,0.61,0,3412,20261005
3306,CRNC,Cerence Inc. - Common Stock,Technology,,0.456,-36.2,41.3,4.9,0.37,2.6,-5.8,-38.9,8.0,0.37,0,3412,20261005
3307,SLE,Super League Enterprise  Inc. - Common S,Communication Services,,0.454,-92.5,46.0,1.2,5.11,13.3,45.2,-89.9,5.11,0.23,0,3412,20261005
3308,PCQ,PIMCO California Municipal Income Fund C,Financial Services,,0.451,0.3,30.2,2.2,0.65,-0.7,-10.2,-15.3,7.63,0.15,0,3412,20261005
3309,GBAB,Guggenheim Taxable Municipal Bond & Inve,Financial Services,,0.45,-4.0,36.5,2.2,0.55,-0.6,-8.6,-15.0,12.47,0.34,0,3412,20261005
3310,JKS,JinkoSolar Holding Company Limited Ameri,Technology,,0.446,-47.7,39.7,8.1,0.43,0.0,-24.5,-67.4,9.2,0.48,0,3412,20261005
3311,ONEW,OneWater Marine Inc. - Class A Common St,Consumer Cyclical,,0.444,-25.7,44.4,1.1,0.48,-0.9,-18.3,-43.0,9.67,0.17,0,3412,20261005
3312,BACC,Blue Acquisition Corp. - Class A Ordinar,Financial Services,,0.443,5.0,30.2,1.2,2.73,0.0,-0.1,-5.2,10.48,0.29,0,3412,20261005
3313,AFB,AllianceBernstein National Municipal Inc,Financial Services,,0.441,3.3,28.6,1.4,0.77,-0.6,-11.2,-16.9,9.43,0.27,0,3412,20261005
3314,LDP,Cohen & Steers Limited Duration Preferre,Financial Services,,0.441,0.0,33.3,1.9,0.42,0.4,-7.6,-10.8,18.99,0.55,0,3412,20261005
3315,SCM,Stellus Capital Investment Corporation C,Financial Services,,0.439,-24.9,44.4,1.0,0.72,-1.0,-14.6,-39.5,7.35,0.22,0,3412,20261005
3316,PMM,Franklin Managed Municipal Income Trust ,Financial Services,,0.439,5.5,30.2,1.1,0.71,-0.7,-10.6,-16.3,5.47,0.24,0,3412,20261005
3317,MS-PK,Morgan Stanley Depositary Shares  each r,Financial Services,,0.437,-6.8,34.9,3.0,0.55,-4.0,-6.1,-14.3,20.71,,0,3412,20261005
3318,BRW,Saba Capital Income & Opportunities Fund,Financial Services,,0.436,-1.3,36.5,1.5,0.45,-0.7,-7.7,-13.0,5.96,0.31,0,3412,20261005
3319,BAC-PQ,Bank of America Corporation Depositary s,Financial Services,,0.434,-7.7,33.3,3.6,0.7,-1.9,-5.0,-13.3,15.28,,0,3412,20261005
3320,EVN,Eaton Vance Municipal Income Trust Commo,Financial Services,,0.433,0.2,34.9,1.5,0.78,-3.1,-14.3,-19.4,9.07,0.37,0,3412,20261005
3321,T-PC,AT&T Inc. Depositary Shares  each repres,Communication Services,,0.432,-11.7,34.9,4.4,0.57,-0.7,-2.2,-14.6,16.34,,0,3412,20261005
3322,SCHW-PD,The Charles Schwab Corporation Depositar,Financial Services,,0.43,-3.3,31.7,2.6,0.7,-0.6,-7.4,-12.5,21.36,,0,3412,20261005
3323,JPM-PJ,J P Morgan Chase & Co Depositary Shares ,Financial Services,,0.429,-9.8,36.5,3.0,0.54,-1.1,-5.4,-15.4,17.4,,0,3412,20261005
3324,LEO,BNY Mellon Strategic Municipals  Inc. Co,Financial Services,,0.429,1.6,34.9,1.2,0.53,-1.1,-10.6,-16.0,5.47,0.34,0,3412,20261005
3325,BAC-PN,Bank of America Corporation Depositary s,Financial Services,,0.427,-7.5,30.2,3.8,0.68,-2.4,-5.3,-13.9,17.84,,0,3412,20261005
3326,WFC-PY,Wells Fargo & Company Depositary Shares ,Financial Services,,0.425,-8.0,36.5,2.5,0.57,-0.7,-8.0,-16.9,19.9,,0,3412,20261005
3327,ISD,PGIM High Yield Bond Fund  Inc.,Financial Services,,0.421,-7.1,36.5,2.3,0.45,-0.9,-6.8,-18.5,11.5,0.39,0,3412,20261005
3328,T-PA,AT&T Inc. Depositary Shares  each repres,Communication Services,,0.42,-11.3,34.9,3.9,0.52,-1.8,-2.7,-15.8,17.19,,0,3412,20261005
3329,HBANP,Huntington Bancshares Incorporated - Dep,Financial Services,,0.415,-8.6,39.7,1.4,0.81,-0.9,-3.8,-11.9,15.58,,0,3412,20261005
3330,JRI,Nuveen Real Asset Income and Growth Fund,Financial Services,,0.414,-3.7,23.8,2.5,0.49,-1.1,-12.8,-17.6,10.65,0.39,0,3412,20261005
3331,MS-PO,Morgan Stanley Depositary Shares  each r,Financial Services,,0.414,-8.8,34.9,2.9,0.65,-3.4,-6.1,-14.1,15.19,,0,3412,20261005
3332,QFIN,Qfin Holdings  Inc.  - American Deposita,Financial Services,,0.413,-69.9,33.3,15.6,0.89,-7.0,-24.8,-77.1,6.55,0.91,0,3412,20261005
3333,YALA,Yalla Group Limited American Depositary ,Technology,,0.412,-26.9,42.9,1.6,0.48,-0.7,-0.9,-29.0,5.43,0.83,0,3412,20261005
3334,RJET,Republic Airways Holdings Inc. - Common ,Industrials,,0.411,-9.6,39.7,1.5,0.58,-7.2,-0.9,-32.7,17.06,0.88,0,3412,20261005
3335,SAR,Saratoga Investment Corp New,Financial Services,,0.41,-16.1,39.7,2.4,0.77,-1.1,-6.5,-26.2,16.61,0.28,0,3412,20261005
3336,MKC-V,McCormick & Company  Incorporated Common,Consumer Defensive,,0.41,-19.8,42.9,1.2,2.44,-7.3,-11.4,-34.0,46.66,12.55,0,3412,20261005
3337,SOJD,Southern Company (The) Series 2020A 4.95,,,0.409,-10.7,36.5,2.8,0.61,1.2,-2.4,-14.5,17.77,,0,3412,20261005
3338,CFG-PE,Citizens Financial Group  Inc. Depositar,Financial Services,,0.407,-8.3,39.7,1.3,0.61,1.6,-6.0,-13.7,17.15,,0,3412,20261005
3339,GILT,Gilat Satellite Networks Ltd. - Ordinary,Technology,,0.403,-24.2,38.1,4.7,0.38,-6.1,-8.7,-54.9,9.4,0.76,0,3412,20261005
3340,EQH-PA,Equitable Holdings  Inc. Depositary Shar,Financial Services,,0.403,-9.1,36.5,2.4,0.56,-3.9,-5.3,-14.1,17.39,,0,3412,20261005
3341,HPF,John Hancock Pfd Income Fund II Pfd Inco,Financial Services,,0.402,-2.9,36.5,1.4,0.73,-1.0,-14.0,-17.5,13.25,0.3,0,3412,20261005
3342,GIBO,GIBO Holdings Limited - Class A Ordinary,Communication Services,,0.399,-53.0,44.4,1.4,1.53,10.1,14.1,-53.1,35.77,0.08,0,3412,20261005
3343,RNAC,Cartesian Therapeutics  Inc. - Common St,Healthcare,,0.398,-11.8,41.3,1.1,0.5,-1.0,-21.7,-32.6,7.14,0.22,0,3412,20261005
3344,MET-PF,MetLife  Inc. Depositary Shares  each re,Financial Services,,0.396,-11.3,34.9,3.2,0.88,-0.3,-4.2,-14.7,16.86,,0,3412,20261005
3345,BYND,Beyond Meat  Inc. - Common stock,Consumer Defensive,,0.39,-83.9,34.9,13.1,0.66,-5.4,-28.5,-92.6,8.06,0.14,0,3412,20261005
3346,CABO,Cable One  Inc. Common Stock,Communication Services,,0.386,-84.7,39.7,6.7,0.67,-10.5,-56.8,-93.7,11.25,0.06,0,3412,20261005
3347,PRS,Prudential Financial  Inc. 5.625% Junior,,,0.382,-14.4,41.3,1.2,0.39,-2.5,-4.0,-18.1,19.67,,0,3412,20261005
3348,STT-PG,State Street Corporation Depositary shar,Financial Services,,0.38,-8.0,31.7,2.5,1.29,-1.4,-4.0,-13.7,19.43,,0,3412,20261005
3349,CCAP,Crescent Capital BDC  Inc. - Common Stoc,Financial Services,,0.379,-19.3,38.1,3.1,0.45,-1.5,-10.5,-32.4,9.02,0.34,0,3412,20261005
3350,SCHW-PJ,The Charles Schwab Corporation Depositar,Financial Services,,0.377,-12.1,38.1,2.0,0.59,-1.1,-4.0,-17.6,15.78,,0,3412,20261005
3351,NPCT,Nuveen Core Plus Impact Fund Common Shar,Financial Services,,0.375,-1.6,36.5,1.0,0.5,-1.3,-6.9,-11.3,9.05,0.27,0,3412,20261005
3352,RF-PE,Regions Financial Corporation Depositary,Financial Services,,0.372,-8.9,39.7,1.1,0.55,-0.9,-3.9,-12.1,15.32,,0,3412,20261005
3353,NHS,Neuberger High Yield Strategies Fund Inc,Financial Services,,0.372,-7.8,36.5,1.6,0.58,-0.2,-9.3,-24.1,5.39,0.23,0,3412,20261005
3354,ARDC,Ares Dynamic Credit Allocation Fund  Inc,Financial Services,,0.372,-3.0,34.9,1.3,0.81,-0.7,-8.0,-11.3,11.33,0.28,0,3412,20261005
3355,TBB,AT&T Inc. 5.350% Global Notes due 2066,,,0.372,-13.5,34.9,3.1,0.48,-1.4,-2.8,-17.5,18.87,,0,3412,20261005
3356,BAC-PP,Bank of America Corporation Depositary S,Financial Services,,0.371,-7.0,34.9,1.9,0.61,-2.3,-3.7,-11.5,15.21,,0,3412,20261005
3357,SVC,Service Properties Trust - Common Shares,Real Estate,,0.37,-41.2,31.7,9.9,0.37,-2.9,-16.2,-50.9,6.38,0.85,0,3412,20261005
3358,AEFC,Aegon Funding Company LLC 5.10% Subordin,,,0.367,-7.5,38.1,1.2,0.7,-0.4,-1.5,-8.9,17.66,,0,3412,20261005
3359,HPS,John Hancock Preferred Income Fund III P,Financial Services,,0.366,-6.4,33.3,1.9,0.77,-2.8,-14.0,-20.0,11.76,0.39,0,3412,20261005
3360,AEHL,Antelope Enterprise Holdings Limited - C,Industrials,,0.363,-97.7,38.1,7.7,3.71,32.0,45.8,-97.4,10.86,0.01,0,3412,20261005
3361,TFC-PR,Truist Financial Corporation Depositary ,Financial Services,,0.362,-10.4,31.7,2.7,0.78,-0.8,-4.9,-14.4,16.58,,0,3412,20261005
3362,JDZG,JIADE LIMITED - Class A Ordinary Shares,Consumer Defensive,,0.361,-99.4,41.3,4.0,1.35,15.4,71.8,-99.5,5.17,0.03,0,3412,20261005
3363,PSF,Cohen & Steers Select Preferred and Inco,Financial Services,,0.361,-2.7,34.9,1.2,0.59,-0.1,-6.4,-10.5,18.05,0.22,0,3412,20261005
3364,BAC-PO,Bank of America Corporation Depositary s,Financial Services,,0.359,-8.5,27.0,2.4,0.83,-1.9,-4.8,-13.6,15.7,,0,3412,20261005
3365,FAC,Factorial Energy Inc. - Class A Common S,Industrials,,0.358,-47.6,41.3,2.8,1.38,-14.3,4.0,-75.1,5.47,0.67,0,3412,20261005
3366,MET-PA,MetLife  Inc. Preferred Series A Floatin,Financial Services,,0.353,-7.4,38.1,1.1,0.55,-0.8,1.4,-6.5,21.26,,0,3412,20261005
3367,WB,Weibo Corporation - American Depositary ,Communication Services,,0.353,-43.6,36.5,6.5,0.55,0.2,-4.1,-45.1,6.48,1.59,0,3412,20261005
3368,ATH-PD,Athene Holding Ltd. Depositary Shares  E,Financial Services,,0.352,-10.2,39.7,1.0,0.55,1.2,-4.5,-13.7,15.21,,0,3412,20261005
3369,MET-PE,MetLife  Inc. Depositary Shares,Financial Services,,0.351,-11.1,27.0,2.8,0.81,-0.5,-3.9,-14.6,20.03,,0,3412,20261005
3370,DSM,BNY Mellon Strategic Municipal Bond Fund,Financial Services,,0.351,-0.2,25.4,1.1,0.72,0.0,-10.3,-16.7,5.15,0.26,0,3412,20261005
3371,GOSS,Gossamer Bio  Inc. - Common Stock,Healthcare,,0.35,-92.9,41.3,3.6,1.7,-7.6,-24.4,-96.5,10.65,0.07,0,3412,20261005
3372,RFI,Cohen & Steers Total Return Realty Fund ,Financial Services,,0.35,-0.1,31.7,1.0,0.33,-1.3,-8.7,-11.6,10.34,0.28,0,3412,20261005
3373,INGN,Inogen  Inc - Common Stock,Healthcare,,0.35,-36.1,41.3,2.2,0.53,9.2,9.0,-33.6,5.94,0.16,0,3412,20261005
3374,TFC-PO,Truist Financial Corporation Depositary ,Financial Services,,0.349,-12.3,36.5,2.1,0.93,-1.8,-4.4,-16.0,18.36,,0,3412,20261005
3375,XPER,Xperi Inc. Common Stock,Technology,,0.349,-13.2,36.5,2.2,0.46,-0.9,-6.9,-37.2,5.43,0.27,0,3412,20261005
3376,PRH,Prudential Financial  Inc. 5.950% Junior,,,0.347,-11.9,39.7,1.1,0.39,-2.8,-3.2,-14.6,20.64,,0,3412,20261005
3377,CRBD,Corebridge Financial Inc. 6.375% Junior ,,,0.346,-10.2,34.9,2.0,0.92,2.1,0.8,-9.8,21.12,,0,3412,20261005
3378,USB-PR,U.S. Bancorp Depositary Shares  Each Rep,Financial Services,,0.345,-8.0,33.3,1.8,0.5,-2.6,-3.8,-11.3,14.41,,0,3412,20261005
3379,VBF,Invesco Bond Fund Common Stock,Financial Services,,0.343,-3.1,33.3,1.2,0.53,-0.3,-3.0,-6.1,14.16,0.16,0,3412,20261005
3380,MED,MEDIFAST INC Common Stock,Consumer Cyclical,,0.34,-8.3,36.5,1.4,0.82,-0.3,-6.9,-16.8,11.67,0.13,0,3412,20261005
3381,DTK,DTE Energy Company 2025 Series H 6.25% J,,,0.336,-10.7,34.9,1.9,0.85,0.1,-7.2,-17.2,20.97,,0,3412,20261005
3382,BAC-PS,Bank of America Corporation Depositary s,Financial Services,,0.335,-9.8,30.2,2.2,0.81,-2.4,-4.7,-14.2,17.01,,0,3412,20261005
3383,USB-PQ,U.S. Bancorp Depositary Shares  Each Rep,Financial Services,,0.326,-9.1,38.1,1.0,0.58,-1.4,-1.4,-10.1,13.77,,0,3412,20261005
3384,SOJE,Southern Company (The) Series 2020C 4.20,,,0.324,-13.5,36.5,1.8,0.73,2.5,2.0,-12.0,16.04,,0,3412,20261005
3385,AEYE,AudioEye  Inc. - Common Stock,Technology,,0.313,-49.5,42.9,1.3,1.23,-0.9,-7.4,-56.2,6.73,0.09,0,3412,20261005
3386,PSA-PL,Public Storage Depositary Shares Each Re,Real Estate,,0.312,-11.2,36.5,1.4,0.84,0.1,-4.9,-15.2,16.17,,0,3412,20261005
3387,USB-PS,U.S. Bancorp Depositary Shares  each rep,,,0.312,-12.3,38.1,1.2,0.62,-3.4,-4.4,-16.1,15.92,,0,3412,20261005
3388,CMSD,CMS Energy Corporation 5.875% Junior Sub,,,0.311,-9.3,28.6,1.8,0.92,0.8,-1.6,-11.9,20.43,,0,3412,20261005
3389,ACGLN,Arch Capital Group Ltd. - Depositary Sha,Financial Services,,0.308,-8.6,36.5,1.1,0.8,-1.4,-4.0,-13.2,15.07,,0,3412,20261005
3390,KRRO,Korro Bio  Inc. - Common Stock,Healthcare,,0.303,-74.6,41.3,2.4,0.7,4.8,-14.2,-80.6,9.97,0.15,0,3412,20261005
3391,LYEL,Lyell Immunopharma  Inc. - Common Stock,Healthcare,,0.301,-9.4,31.7,1.6,0.54,-6.9,-36.7,-76.5,9.07,0.22,0,3412,20261005
3392,NATR,Nature's Sunshine Products  Inc. - Commo,Consumer Defensive,,0.301,-9.4,30.2,1.6,0.68,-3.4,-10.1,-55.4,12.4,0.23,0,3412,20261005
3393,EIC,Eagle Point Income Company Common Shares,Financial Services,,0.3,-18.8,39.7,1.2,0.59,-1.6,-8.8,-24.8,9.08,0.22,0,3412,20261005
3394,NPV,Nuveen Virginia Quality Municipal Income,Financial Services,,0.297,-5.9,28.6,1.2,0.57,1.1,-9.3,-18.6,9.31,0.19,0,3412,20261005
3395,DUKB,Duke Energy Corporation 5.625% Junior Su,,,0.297,-8.1,31.7,1.4,0.46,-0.0,-8.5,-16.8,20.12,,0,3412,20261005
3396,NFE,New Fortress Energy Inc. - Class A Commo,Energy,,0.291,-87.0,37.7,5.2,0.65,-9.4,2003.9,-64.4,5.87,0.04,0,3412,20261005
3397,ALL-PI,Allstate Corporation (The) Depositary Sh,Financial Services,,0.282,-12.7,36.5,1.3,1.44,-2.7,-3.7,-16.1,16.8,,0,3412,20261005
3398,FITB-PK,Fifth Third Bancorp Depositary Shares ea,Financial Services,,0.281,-10.3,36.5,1.0,0.86,-4.8,-2.6,-12.9,17.42,,0,3412,20261005
3399,PFH,Prudential Financial  Inc. 4.125% Junior,,,0.281,-12.0,36.5,1.2,0.89,0.5,-1.8,-14.5,14.96,,0,3412,20261005
3400,BRCB,Black Rock Coffee Bar  Inc. - Class A Co,Consumer Cyclical,,0.274,-58.6,39.7,2.6,0.44,-2.5,-26.4,-73.3,6.92,0.16,0,3412,20261005
3401,SREA,DBA Sempra 5.750% Junior Subordinated No,,,0.274,-9.4,27.0,1.4,0.58,0.1,-5.0,-15.2,18.94,,0,3412,20261005
3402,PSA-PR,Public Storage Depositary Shares Each Re,Real Estate,,0.272,-11.5,36.5,1.1,0.82,-0.4,-4.7,-15.7,13.96,,0,3412,20261005
3403,PSA-PP,Public Storage Depositary Shares Each Re,Real Estate,,0.27,-13.2,33.3,1.6,0.73,-0.4,-4.7,-17.5,13.93,,0,3412,20261005
3404,PSFE,Paysafe Limited Common Shares,Technology,,0.266,-47.8,39.7,2.1,0.62,-6.5,-17.1,-57.6,5.63,0.33,0,3412,20261005
3405,PSA-PH,Public Storage Depositary Shares Each Re,Real Estate,,0.242,-12.9,33.3,1.2,0.99,1.5,-2.7,-15.3,20.02,,0,3412,20261005
3406,GBFH,GBank Financial Holdings Inc. - Common S,Financial Services,,0.218,-49.4,39.7,1.5,0.81,-7.6,-11.5,-58.0,17.66,0.26,0,3412,20261005
3407,PMI,Picard Medical  Inc. Common Stock,Healthcare,,0.182,-99.0,39.7,1.5,3.67,50.3,54.3,-99.0,6.93,0.01,0,3412,20261005
3408,DFNS,T3 Defense Inc. - Common Stock,Industrials,,0.177,-99.0,31.7,3.5,3.03,-6.0,-33.4,-99.6,6.78,0.01,0,3412,20261005
3409,FOA,Finance of America Companies Inc. Class ,Financial Services,,0.168,-22.0,34.9,1.1,0.51,1.0,-21.7,-51.6,13.51,0.12,0,3412,20261005
3410,PSNY,Polestar Automotive Holding UK Limited -,Consumer Cyclical,,0.125,-69.5,33.3,2.0,0.84,-8.1,-29.8,-78.9,6.1,1.15,0,3412,20261005
3411,GTBP,GT Biopharma  Inc. - Common Stock,Healthcare,,0.081,-60.6,36.5,1.1,0.88,-9.4,2344.4,-47.0,6.16,0.01,0,3412,20261005
3412,SDOT,Sadot Group Inc. - Common Stock,Consumer Defensive,,0.042,-88.8,30.2,1.3,3.17,5.2,-17.8,-92.8,11.08,0.02,0,3412,20261005
